{"type":"Topology","arcs":[[[42637,24873],[-43,34],[-73,4],[-51,-11],[-54,14],[-58,39],[-49,14],[-60,-18]],[[42249,24949],[-26,43],[-26,5],[-18,46],[4,47],[-102,59],[-98,29],[-14,24],[-27,90],[-35,73],[7,110],[-1,86],[-15,18],[-69,2],[-12,122],[-26,34],[-84,59],[-88,119],[-15,12],[-44,168],[-2,52],[-26,52],[-10,55],[-55,109],[-21,77],[-21,37],[-11,47],[7,45]],[[41421,26569],[39,-19],[38,7],[45,-47],[26,-6],[29,21],[40,-6],[49,-35],[41,-7],[48,31],[84,164],[41,92],[24,74],[35,61],[95,86],[72,48],[15,39],[5,104],[11,57],[76,78],[40,29],[49,19],[134,1]],[[42457,27360],[3,-123],[6,-7],[161,-10],[51,-58],[40,-12],[51,-79],[61,-8],[79,-51],[22,-33],[41,-13],[-14,-63],[1,-56],[18,-79],[2,-68],[-5,-121],[0,-117],[7,-102],[-28,-148],[-26,-24],[-1,-64],[26,-38],[-14,-104],[11,-63],[35,-116],[-3,-41],[-25,-85],[-39,-110],[-29,-36],[-11,-37],[0,-87],[-25,-69],[16,-59],[-12,-13],[-190,-355],[-29,-38]],[[41421,26569],[-34,58],[-32,34],[-133,23],[-180,-59]],[[41042,26625],[-86,130],[-131,220],[-32,34],[-22,123],[-12,113],[0,439],[0,236],[0,412],[214,0],[162,0],[24,5],[-16,69],[5,60],[17,79],[-7,112],[5,145],[-2,32],[15,85],[-16,196]],[[41160,29115],[22,-7],[12,-49],[37,-17],[16,-68],[-13,-42],[37,-25],[30,31],[105,41],[27,2],[-8,-62],[14,-80],[33,-48],[21,3],[82,-53],[116,-30],[59,10],[12,17],[19,104],[31,4],[8,-66],[38,-59],[22,-93],[22,-26],[43,-6],[101,-73],[24,-52],[15,-78],[25,-10],[20,-44],[48,-142],[38,-11],[71,55],[16,-18],[4,-43],[14,-15],[15,23],[0,455],[-47,-17],[-14,-24],[3,-44],[-16,-16],[-73,30],[-44,84],[-55,78],[-19,35],[-25,122],[9,47],[29,203],[19,49],[-7,100],[5,208],[-18,119],[-28,86],[0,18],[43,57],[36,66],[25,70],[-4,80],[15,7],[160,45],[199,55]],[[42529,30101],[16,-71],[28,-61],[22,-22],[55,2],[37,-39],[4,-34],[24,-38],[50,-13],[4,-41],[38,-7],[19,-19],[42,-11],[11,-21],[88,-72]],[[42967,29654],[15,-79],[40,-1],[11,-49],[21,-38],[-8,-65],[44,-72],[5,-58],[21,-73],[-39,-71],[-25,-11],[-16,-29],[23,-98],[-31,-139],[13,-28],[3,-102],[-10,-82],[17,-72],[31,-8],[-19,-59],[-76,-52],[-15,-64],[11,-35],[-7,-119],[-23,-86],[-36,-56],[27,-37],[-9,-19],[21,-20],[25,-76],[32,30],[11,-26]],[[43024,27960],[-188,-114],[-110,-64],[-38,-30],[-175,-89],[-89,-63],[4,-71],[20,-61],[9,-108]],[[47036,39242],[-102,-66],[-51,-65],[-18,-45],[-13,-79],[9,-111],[-124,-117],[-57,-41],[-62,-31],[-98,-38],[-73,-69],[-53,-8],[-72,-39],[-40,-31],[-61,-67],[-8,-37],[-46,-85],[-22,-27],[-79,-20],[-58,19],[-27,-34],[-45,-36],[-46,-72],[-87,-42],[-38,-30],[-58,-19],[-60,3],[-57,-11],[-53,-20],[-53,-100],[-47,-25],[-25,-67],[-57,-20],[-28,20],[-52,-54],[-87,-20],[-59,47],[-30,-17],[-2,52],[-49,158],[10,137],[-10,80],[-29,56],[1,71],[-18,103],[3,26],[-22,114],[5,28],[-16,71],[-40,37],[8,34],[18,-22],[2,39],[-16,104],[24,139],[-8,125]],[[44960,39140],[48,66],[26,51],[4,45],[-14,48],[8,97],[17,22],[-10,34],[46,58],[36,-16],[24,-39],[41,-15],[48,27],[79,2],[40,10],[81,-2],[52,-39],[183,-33],[75,14],[19,-21],[40,-95],[34,-2],[60,60],[28,124],[120,261],[175,156],[30,15],[235,57],[182,45],[145,36]],[[46812,40106],[99,-405],[53,-219],[15,-12],[57,-228]],[[44958,38257],[-19,13],[14,22],[5,-35]],[[47173,37766],[85,10],[66,-41],[-77,-71],[-83,-15],[-25,8],[-57,71],[24,48],[21,19],[46,-29]],[[57323,36939],[3,-61],[-12,-72],[-13,79],[-21,47],[28,21],[15,-14]],[[58112,41030],[-33,-4],[-35,-48],[-45,-30],[-12,-85],[-38,-39],[-18,19],[-38,-18],[-41,18],[14,-98],[-41,-76],[5,-50],[-11,-38],[-25,-30],[-47,-79],[-36,-19],[-35,-130],[-4,-108],[-34,-120],[53,-171],[36,-69],[35,-35],[53,-101],[-8,-26],[4,-57],[51,-130],[78,-114],[12,-58],[75,-94],[-2,-13],[37,-44],[22,-61],[40,3],[84,-209],[46,-103],[29,-39],[24,-138],[30,-105],[0,-60],[21,-104],[23,-153],[-12,0],[1,-97],[8,-52],[-4,-63],[31,-119],[4,-131],[-22,56],[-23,-39],[17,-94],[-20,9],[2,-149],[-12,-64],[8,-41],[-13,-45],[-19,-4],[-10,-94],[-34,-8],[-24,-42],[-30,-16],[-57,-82],[-35,-13],[-19,-66],[-32,-7],[-75,-79],[-42,-32],[-35,37],[-17,59],[-8,-80],[-13,-22],[-35,57],[-25,-26],[28,-8],[3,-55],[-59,1],[53,-38],[11,-29],[-25,-46],[-13,-48],[-29,29],[-63,104],[9,-29],[65,-118],[14,-67],[-18,-30],[-22,-1],[-35,44],[-56,105],[-19,15],[57,-121],[19,-63],[-8,-39],[-135,-111],[-36,-108],[-42,-63],[-45,-17],[-24,5],[25,55],[-15,21],[-1,141],[6,155],[12,77],[38,31],[-13,61],[-31,18],[-15,32],[-28,-12],[-48,89]],[[57396,36947],[28,38],[58,7],[43,73],[-8,57],[27,4],[32,-20],[14,35],[75,19],[19,-47],[18,8],[45,-33],[-6,47],[7,33],[-63,104],[-1,125],[31,45],[80,-26],[3,96],[57,12],[13,27],[34,9],[46,73],[34,16],[13,-22],[23,38],[10,65],[-3,61],[-13,119],[26,150],[-55,254],[6,89],[17,30],[18,73],[-3,21]],[[58021,38527],[1,61],[-9,40],[15,28],[20,73],[-18,50],[-58,84],[-23,67],[40,44],[7,45],[-36,34],[-30,53],[-28,27],[-20,64],[-28,-25],[-30,71],[-9,111],[-15,18],[-32,79],[-53,73],[-63,119],[-21,90],[-26,63],[-25,13],[-35,55],[-15,41],[12,74],[-31,28],[-56,28],[-123,144],[-38,27],[-4,26],[33,53],[-6,70],[46,4],[58,-27],[39,53],[15,55],[23,42],[-8,55],[-39,14],[-16,62],[-50,24],[33,42],[10,34],[-78,98],[-29,10],[-53,-48],[-31,-42],[-35,31],[-72,41],[-51,138],[19,112],[0,41],[-27,46],[-24,-53],[-11,18],[-12,71],[-80,139],[-11,35]],[[56933,41350],[22,32],[38,99],[18,3],[63,-57],[36,-49],[59,114],[11,-3],[24,-58],[11,5],[19,63],[59,-90],[12,4],[16,75],[32,21],[32,-39],[32,37],[32,6],[22,33],[14,83],[65,53],[18,24],[44,-61],[11,-39],[29,-16],[30,-40],[32,20],[37,-8],[13,-31],[59,14],[48,-47],[-15,-52],[-24,-24],[-10,-66],[24,-56],[2,-97],[13,8],[56,-39],[3,-22],[32,-43],[19,-3],[16,-37],[24,-4],[67,17],[34,-50]],[[57889,40775],[-20,18],[5,23],[15,-41]],[[58037,40923],[-29,-46],[-11,0],[15,65],[25,-19]],[[58021,40816],[-25,-9],[31,48],[-6,-39]],[[57922,40750],[-24,28],[27,5],[-3,-33]],[[24050,36478],[-24,-12],[7,27],[34,9],[-17,-24]],[[23439,37212],[6,-48],[-20,-42],[-28,-1],[-21,27],[-49,9],[11,25],[27,13],[38,-31],[27,61],[9,-13]],[[23164,37129],[-41,12],[23,13],[18,-25]],[[24014,36379],[-14,29],[31,45],[13,-27],[-30,-47]],[[24212,36262],[38,-90],[-27,-42],[-14,-51],[-29,-22],[-41,-61],[-27,-5],[-41,-116],[22,-65],[-5,-41],[22,-25],[40,-3],[-14,-70],[-65,-65],[-32,7],[-13,-20],[-42,-14],[-11,-39],[10,-52],[5,-86],[-35,-60],[-15,-53],[128,-259]],[[24066,35030],[14,-14],[14,-62],[-5,-38],[-23,-43],[-33,-33],[-20,-55],[-20,-12],[-36,5],[-17,-31],[-23,-11],[-15,-42],[-121,-70],[-52,21],[-40,-42],[-21,-9],[-10,-127],[-19,-29],[-22,0],[-66,121],[-17,8],[-30,-18],[-25,17],[-75,-4],[-20,50],[-27,27],[-65,0],[-29,50],[-20,-16],[51,-122],[59,-87],[11,-28],[0,-141],[37,-148],[6,-48],[-8,-54],[25,-27],[108,-15],[-1,-69],[-14,-32],[-22,-6],[-55,-53],[-39,-26],[-16,-105],[-38,-61],[-37,-1],[-49,-73],[-18,1],[-57,-54],[-33,-65],[-19,-24],[-23,-65],[-17,-1],[7,57],[-9,31],[-23,21],[-26,-17],[-50,-56],[-49,-12],[-26,25],[-90,148]],[[22828,33566],[-2,50],[-46,254],[-20,83],[1,42],[-56,94],[-27,55],[-30,14],[-18,-14],[5,36],[97,158],[8,35],[-38,101],[-32,64],[-25,123],[-2,67],[-13,46],[9,156],[-2,125],[7,39],[19,26],[10,41],[3,56],[38,116],[-8,57],[-18,23],[-58,17],[-58,-34],[-66,-15],[-53,0],[-41,16],[-31,-6],[-36,-31],[-34,13],[-132,296],[-60,12],[-53,41],[-32,-2],[-41,-31],[-41,-3],[-81,18],[-55,-16],[-39,39],[-25,101],[-47,31],[-8,58],[7,130],[18,45],[-12,108],[-50,90],[-27,178],[-33,9],[-19,46],[-57,-34],[-4,22],[59,162],[12,45],[13,149],[15,109],[36,127],[49,102],[40,31],[59,173],[85,39],[43,33]],[[21931,37481],[-34,-53],[-76,-34],[-18,-21],[2,-57],[22,-83],[39,-65],[-18,-7],[9,-58],[18,-40],[-13,-104],[-59,-124],[-32,-107],[24,-64],[4,-33],[43,-80],[-4,-32],[19,-65],[31,-9],[48,29],[43,82],[6,131],[-6,47],[-36,114],[-25,44],[-27,132],[-5,58],[17,21],[-2,47],[42,13],[89,77],[56,20],[63,41],[37,58],[33,-32],[23,36],[-9,48],[-76,-18],[-19,96],[17,79],[40,29],[35,-67],[4,-59],[20,-100],[16,-31],[81,14],[35,-21],[46,-11],[87,-99],[25,-104],[-10,-26],[18,-88],[19,-28],[54,-8],[59,19],[90,17],[29,15],[150,8],[29,-21],[3,-38],[48,-79],[39,-11],[34,-25],[73,-33],[56,11],[133,132],[72,-4],[21,21],[-27,20],[-59,8],[-18,-14],[-11,34],[86,11],[76,-8],[62,24],[49,0],[49,15],[93,-18],[73,15],[-32,-35],[-39,-4],[-30,-32],[-63,6],[-44,-12],[14,-42],[28,-31],[9,-50],[-16,-52],[28,22],[0,37],[17,-15],[39,-144],[31,35],[10,39],[43,-42],[15,-51],[20,-11],[-7,41],[29,1],[7,29],[15,-18],[41,-79],[60,-28],[45,-72],[-10,-36],[-26,-17],[-17,-45],[-14,-92],[-25,-90],[-75,-1],[64,-68],[22,28],[32,2],[47,36],[65,-16],[28,30],[35,-4],[30,-25]],[[38834,48533],[-2,-1],[0,3],[2,-2]],[[69972,27660],[13,-121],[23,6],[13,74],[18,1],[-2,-50],[13,-23],[14,-129],[-21,-35],[-32,1],[-36,-20],[0,24],[-26,59],[4,72],[-25,133],[8,76],[8,2],[28,-70]],[[70107,27193],[61,-80],[24,-50],[-15,-25],[-30,7],[-17,-28],[-16,7],[-14,114],[-13,48],[-19,-15],[-14,28],[10,72],[27,-12],[16,-66]],[[70316,26942],[2,-21],[-27,18],[-29,-6],[-11,42],[15,35],[33,-61],[17,-7]],[[70285,27105],[-55,7],[-19,32],[27,18],[21,36],[26,-93]],[[70315,26661],[28,-57],[-12,-37],[-55,6],[5,28],[-24,-2],[24,58],[34,4]],[[70208,27436],[-14,-17],[-34,11],[30,52],[36,10],[-18,-56]],[[70268,27239],[-18,107],[8,81],[21,-159],[-11,-29]],[[70264,27476],[-12,3],[-6,111],[7,11],[11,-125]],[[70068,27330],[-25,14],[5,23],[23,-8],[-3,-29]],[[70142,27868],[-9,-18],[-28,11],[2,31],[19,20],[18,-15],[-2,-29]],[[70122,27999],[-19,43],[18,29],[13,-24],[-12,-48]],[[70608,25688],[-7,-20],[-22,32],[29,-12]],[[70526,25926],[-10,-40],[-19,9],[-26,54],[6,49],[18,5],[5,-47],[26,-30]],[[70495,26147],[-18,-16],[-52,41],[5,84],[26,4],[12,-60],[27,-53]],[[50640,48662],[18,13],[39,-45],[-78,-53],[-8,-35],[-34,-18],[-36,-55],[-55,-57],[4,-21],[54,-37],[36,18],[18,-22],[9,-51],[66,-41],[61,-6],[2,76],[25,-13],[12,72],[12,14],[26,-47],[17,-80],[58,-8],[5,-54],[35,6],[52,-59],[75,-8],[24,-28],[-68,-50],[-42,-46],[-33,20],[-9,-65],[-46,14],[-35,-67],[-53,-39],[-78,50],[-70,-18]],[[50643,47922],[-62,-14],[-24,46],[-27,13],[-3,34],[66,79],[8,26],[-63,105],[-13,1],[-17,-50],[-117,-86],[-60,51],[-21,-26],[1,-33],[-22,-25],[20,-88],[-17,-15],[11,-33],[-65,9],[-61,-15],[-2,-19],[58,2],[6,-24],[-31,-7],[13,-53],[-46,-25],[-11,-75],[-25,-36],[-78,10],[-72,21],[-36,-24],[-23,-33],[-16,-83],[54,-33],[12,-53],[87,-17],[9,-26],[-21,-81],[20,-106],[38,-53],[-8,-76],[-24,-38],[-73,-163],[-11,-115]],[[49997,46794],[-49,34],[-40,-21],[-25,10],[-25,36],[-49,14],[-61,-8]],[[49748,46859],[0,160],[21,54],[-11,29],[-37,15],[-44,43],[-64,37],[-49,-11],[-108,111],[-84,72],[-71,89],[-30,-9],[-89,86],[-43,70],[-173,177],[-42,65],[-13,109],[-16,50],[-22,27],[-19,53],[-39,151],[-52,53],[-30,14],[-33,-30],[-116,19],[-61,-9],[-74,65],[10,72],[-12,39],[23,49],[-46,44],[9,87],[-30,39],[-82,1],[-36,21],[-31,62],[-49,14],[-58,80],[-23,-43],[-44,9],[-22,-22],[68,-114],[-18,-9],[-14,39],[-60,33],[-44,-110],[-87,-12],[-31,-27],[-53,-84],[11,-149],[20,-37],[-20,-32],[-50,9],[-160,13]],[[47620,48321],[-1,422],[0,422],[0,507],[303,126],[218,80],[329,-284],[166,-143],[31,-83],[167,-249],[16,-1],[230,51],[249,-28],[93,60],[74,-109],[45,-40],[62,-159],[60,42],[-10,-191],[-7,-58],[-1,-114],[99,-4],[8,-93],[34,-207],[21,-13],[227,19],[36,-61],[-14,-81],[50,-56],[41,-18],[21,19],[-3,80],[30,61],[51,60],[16,59],[61,46],[6,19],[53,47],[88,55],[64,95],[40,-9],[21,42],[46,30]],[[50693,47795],[-40,1],[7,35],[-14,52],[51,-31],[-4,-57]],[[25553,20700],[-20,-39],[-13,-62],[-42,-86],[-8,-48],[-46,-50],[-32,-57],[-148,-96],[-67,14],[-27,32],[-61,12],[-38,-13],[-52,-36],[-54,17],[-16,32],[-79,36],[-63,83],[-76,1],[-57,-10],[-27,62],[-50,73],[-38,72],[-8,72],[17,169],[-2,28],[29,20],[28,86],[-24,156]],[[24579,21168],[15,55],[-10,74],[-3,72],[30,57],[11,71],[-14,30],[33,110],[1,95],[15,29],[-12,99],[32,76],[21,72]],[[24698,22008],[12,-27],[68,-8],[19,51],[58,14],[132,-192],[36,-77],[-1,-89],[26,4],[64,71],[39,-63],[22,-66],[33,-32],[11,12],[29,-41],[62,-34],[44,-96],[30,-41],[60,-35],[33,-39],[32,-127],[48,-66],[27,-16],[21,-41],[-82,-160],[-1,-166],[33,-44]],[[68271,35623],[-27,-5],[-9,53],[32,3],[4,-51]],[[70851,35742],[33,-25],[-34,15],[1,10]],[[65736,38684],[-8,30],[22,19],[-14,-49]],[[23254,39663],[16,-32],[-41,-2],[1,26],[24,8]],[[65532,37995],[-19,20],[0,42],[29,36],[9,35],[21,-19],[-32,-58],[-8,-56]],[[1871,27835],[-19,15],[27,20],[-8,-35]],[[22979,39903],[50,-1],[51,-23],[1,-51],[-43,-68],[-27,-30],[-33,-10],[-56,1],[-20,13],[-53,0],[-26,-14],[-60,17],[5,85],[-18,51],[21,50],[20,8],[50,-11],[126,-6],[12,-11]],[[23121,39778],[-26,1],[15,21],[37,-12],[-26,-10]],[[9536,53915],[-38,-1],[18,100],[56,-81],[-36,-18]],[[9529,53812],[-52,35],[27,41],[52,-6],[0,-45],[-27,-25]],[[9220,54542],[-29,-9],[-39,39],[26,8],[42,-38]],[[7151,55127],[24,48],[42,24],[-66,-72]],[[6453,55217],[-50,-4],[38,36],[12,-32]],[[3969,53478],[-2,-29],[-31,34],[33,-5]],[[1723,56533],[118,-17],[90,38],[62,-30],[21,-46],[80,-22],[39,-31],[88,0],[56,-14],[-27,-51],[-104,0],[-63,-79],[-20,51],[-83,37],[-68,68],[-108,24],[-69,-39],[-46,4],[-32,27],[9,103],[57,-23]],[[2798,55334],[18,-18],[64,-7],[3,-90],[25,-58],[-103,-23],[-1,-27],[-105,33],[-104,52],[-60,73],[38,10],[83,-6],[11,29],[62,32],[69,0]],[[5469,54393],[2,-21],[76,31],[20,-76],[40,-25],[-40,-45],[-101,19],[47,-60],[-40,-9],[-35,-30],[-45,-4],[-75,-73],[-22,-63],[-44,-31],[-20,17],[56,63],[-46,43],[-44,13],[12,-51],[-16,-34],[-48,46],[-14,62],[-28,48],[35,82],[51,29],[51,-2],[45,-101],[-7,102],[30,11],[-43,57],[49,14],[28,-47],[55,22],[18,67],[63,-28],[-10,-26]],[[10085,53680],[-25,-86],[22,-131],[-35,-100]],[[10047,53363],[-73,-94]],[[9974,53269],[-56,14],[-40,129],[13,31],[47,20],[-17,13],[-17,148],[-44,97],[21,33],[-151,-78],[-17,-84],[-23,-42],[-28,13],[-21,56],[44,77],[33,84],[59,18],[-59,8],[-36,55],[-32,15],[-36,76],[-24,9],[-2,43],[-64,47],[-4,59],[-18,-3],[-112,46],[6,60],[-20,80],[-22,33],[19,19],[88,-47],[-81,77],[1,38],[64,-1],[-73,18],[-38,-26],[-58,80],[-2,80],[22,66],[-55,-87],[-56,50],[-36,6],[-57,96],[-4,36],[-34,37],[-40,145],[-7,67],[-27,-80],[23,-42],[10,-66],[58,-222],[-19,-27],[-32,9],[-55,57],[-60,-7],[2,68],[-37,90],[-21,83],[0,-95],[-61,21],[-23,35],[-86,34],[23,-56],[94,-67],[-15,-30],[53,-6],[33,-55],[-14,-38],[-67,-8],[-24,-30],[-99,55],[-95,68],[-42,47],[-56,86],[-66,53],[-199,107],[-93,62],[38,24],[22,43],[-16,45],[28,39],[23,-29],[9,-98],[22,84],[-46,60],[-23,6],[-67,-69],[-74,-38],[-41,-6],[-85,14],[-114,57],[23,28],[-7,38],[-69,-42],[-177,43],[-81,4],[-173,-31],[-69,1],[-8,50],[-69,20],[-75,48],[23,91],[19,32],[-112,-107],[-131,36],[45,64],[-96,3],[-21,33],[-64,-7],[36,30],[-50,32],[8,57],[64,22],[-60,5],[-81,-55],[-43,7],[-40,-29],[-35,28],[-18,-31],[-48,-7],[-23,29],[52,92],[-93,-70],[-27,-65],[-43,-18],[58,-38],[-14,-48],[-42,-20],[100,19],[18,-30],[-49,-44],[2,-73],[-28,-17],[-19,-49],[-84,-14],[-56,31],[-29,-13],[-26,39],[-41,-123],[-23,55],[-18,-67],[-43,14],[10,-32],[-47,-45],[-83,-1],[-14,-51],[-52,-65],[-50,19],[-112,-41],[-45,35],[23,45],[90,40],[43,45],[20,56],[-63,-47],[-73,14],[-18,30],[24,76],[57,79],[28,97],[-2,102],[74,36],[104,67],[66,-33],[97,7],[113,-28],[-14,22],[-91,21],[-93,65],[92,91],[54,29],[-74,-10],[-50,-64],[-106,-13],[-29,15],[-67,-38],[-41,-41],[-90,-39],[-28,-26],[-3,-57],[-50,-27],[-55,-56],[2,-44],[-80,-63],[-76,19],[74,-61],[7,-31],[-26,-44],[-91,-29],[34,-11],[-1,-30],[-68,-23],[-6,27],[-81,-98],[-55,-41],[-18,-76],[10,-14],[95,-29],[67,-57],[-59,-85],[-81,-59],[-38,-75],[-8,-48],[-65,-15],[-3,-23],[-85,-15],[-62,-77],[-56,-27],[-38,-60],[-45,-9],[-11,-36],[-38,1],[-47,-45],[16,-32],[-16,-50],[-31,-35],[-30,-1],[-73,-66],[-50,-7],[-45,-67],[-52,7],[-41,-50],[-69,-27],[-25,-37],[31,-13],[22,-38],[-46,-50],[-18,45],[-40,-72],[-148,-65],[-27,-68],[-2,62],[-15,18],[-44,-18],[-109,-95],[-55,-20],[-25,12],[-41,-40],[-77,-3],[22,58],[-17,27],[-46,-36],[-11,-52],[-68,-92],[-52,-33],[-42,71],[-21,-9],[-6,-82],[-38,-15],[-52,40],[4,-33],[-47,-50],[11,104],[33,27],[42,0],[50,58],[102,135],[92,69],[98,42],[14,-25],[50,15],[-22,-39],[31,-42],[19,30],[98,-8],[-51,49],[2,34],[43,94],[104,91],[102,47],[59,63],[63,-24],[3,90],[69,95],[118,92],[55,-15],[-44,48],[14,152],[11,33],[73,20],[-59,22],[-7,61],[59,81],[51,35],[-13,14],[47,133],[-67,-95],[-178,-87],[-57,1],[-40,76],[16,55],[69,-8],[-69,41],[-71,-68],[-17,-68],[14,-102],[-32,-14],[-27,24],[-56,93],[-63,70],[-50,-34],[-47,32],[-42,53],[-92,-66],[-80,-26],[-30,-48],[-79,-21],[-79,11],[58,27],[27,29],[-13,81],[29,35],[-50,-13],[-26,77],[20,30],[19,82],[-63,144],[-21,73],[-36,39],[57,121],[39,26],[-39,1],[-66,-107],[-44,-47],[37,-52],[-14,-50],[-131,-53],[-138,-15],[-48,33],[2,36],[-68,57],[-39,57],[-28,1],[-52,39],[7,33],[-66,14],[110,130],[88,-36],[21,-26],[-21,-49],[75,64],[54,-65],[63,62],[-98,35],[64,19],[-33,24],[-49,-38],[-90,1],[-63,23],[-63,-4],[-22,17],[60,44],[-41,3],[-63,43],[2,-39],[-37,-1],[-26,73],[-43,38],[22,32],[-33,22],[-27,-16],[-15,53],[73,16],[-43,20],[6,31],[76,13],[-26,53],[7,32],[104,137],[39,23],[45,-20],[-14,118],[34,81],[61,12],[-30,27],[23,32],[61,18],[75,-26],[76,-54],[60,13],[89,68],[68,97],[63,-28],[94,5],[82,33],[55,64],[10,33],[-42,159],[-47,53],[-55,14],[15,34],[45,-4],[53,23],[19,38],[-10,42],[-61,47],[-56,-47],[-59,8],[-83,-51],[-129,-112],[-14,52],[-66,50],[-20,-17],[51,-32],[-19,-35],[-114,61],[-120,-2],[-120,-45],[-251,45],[-68,53],[13,73],[-27,10],[-76,75],[80,-1],[16,34],[51,22],[-94,12],[-149,30],[-118,54],[-20,33],[102,37],[36,37],[66,7],[66,64],[108,44],[99,-22],[33,21],[-57,28],[13,27],[66,34],[78,10],[122,56],[148,10],[-62,-148],[68,-48],[163,6],[61,-18],[155,1],[73,84],[85,-34],[-17,53],[-86,27],[-57,-13],[-12,45],[-61,73],[-56,16],[-28,58],[49,20],[70,-60],[-7,-43],[29,-40],[64,-37],[109,6],[81,-38],[84,18],[-6,56],[-77,12],[-44,24],[-108,-44],[-93,55],[-4,38],[52,64],[-70,26],[-86,-11],[-123,3],[-107,28],[-38,34],[-45,104],[-37,47],[-254,162],[-116,40],[-55,45],[-112,30],[82,24],[40,137],[-5,33],[141,-7],[244,26],[87,36],[67,50],[76,80],[14,82],[28,54],[216,211],[25,-27],[-64,-35],[218,52],[177,105],[31,-8],[-26,-86],[46,-20],[24,92],[-68,39],[155,89],[13,-48],[51,20],[202,16],[79,35],[83,56],[83,83],[63,33],[0,-43],[180,-63],[-45,-46],[-69,-25],[55,-34],[59,22],[83,75],[100,-41],[-23,-34],[119,-34],[56,28],[139,20],[149,-19],[52,-26],[-48,-58],[60,-35],[82,1],[-36,-40],[146,-12],[113,34],[103,-25],[57,24],[121,-3],[118,-31],[42,-36],[46,14],[77,-19],[33,-32],[130,-17],[64,7],[186,-11],[126,-56],[117,-10],[41,21],[135,23],[106,6],[103,-31],[83,-60],[121,-37],[59,-43],[82,-1]],[[7870,58744],[0,-537],[0,-538],[0,-322],[0,-323],[0,-537],[0,-431],[0,-537],[0,-215],[96,-30],[15,30],[96,-43],[60,53],[121,6],[-22,-96],[29,-33],[68,-34],[15,-45],[210,-203],[31,-119],[32,31],[94,60],[47,0],[23,47],[0,66],[44,27],[-15,27],[78,21],[93,48],[86,-79],[-5,-50],[26,-57],[102,-74],[45,-87],[80,-53],[85,-108],[-5,-28],[30,-42],[146,-266],[64,-110],[-21,-44],[62,-20],[-15,-62],[48,-24],[9,-74],[50,3],[99,-72],[69,-23],[54,-41],[12,-39],[64,-5],[15,-82]],[[3334,53346],[20,-60],[60,-54],[-56,24],[-45,-40],[-99,-2],[-33,-18],[-46,-53],[-72,-3],[-13,69],[36,31],[36,70],[52,7],[81,51],[53,4],[26,-26]],[[9423,53554],[5,-17],[-75,-84],[3,53],[-20,30],[20,16],[67,2]],[[9820,53383],[21,-65],[-35,-3],[-27,56],[-5,80],[32,-19],[14,-49]],[[9664,53762],[-5,-61],[-31,-5],[-33,46],[-42,8],[-8,44],[20,16],[45,95],[12,-4],[51,-90],[-9,-49]],[[9892,53534],[-21,-82],[-21,-23],[-47,26],[-5,49],[-39,-40],[-25,-49],[-17,92],[40,62],[5,91],[72,45],[30,-36],[31,-69],[-3,-66]],[[9411,54091],[59,-11],[24,-35],[0,-61],[-17,-34],[-59,77],[35,-81],[-11,-54],[-79,0],[-16,123],[-60,78],[23,22],[101,-24]],[[9512,53315],[50,-1],[-18,-77],[-21,10],[-63,95],[-26,76],[-34,13],[-2,34],[27,8],[40,-41],[47,-117]],[[6782,55359],[58,-14],[-104,-51],[-17,50],[29,26],[34,-11]],[[6511,55125],[-28,5],[21,43],[87,89],[32,63],[39,-38],[-67,-66],[-45,-76],[-39,-20]],[[6526,55359],[-26,-100],[-17,19],[16,85],[27,-4]],[[6471,55497],[-38,7],[4,26],[34,-33]],[[5447,54135],[-58,-45],[-16,19],[18,49],[71,-7],[-15,-16]],[[5552,54636],[-30,21],[56,19],[-26,-40]],[[5400,54402],[-56,34],[35,-3],[21,-31]],[[4931,53656],[-35,3],[33,33],[2,-36]],[[5109,53882],[-9,24],[42,36],[15,-10],[-48,-50]],[[5205,53911],[-25,9],[44,23],[-19,-32]],[[3898,53469],[20,-2],[20,-45],[-62,-15],[-11,61],[25,34],[8,-33]],[[3572,53297],[-27,31],[34,19],[-7,-50]],[[3520,53133],[-17,-8],[-36,43],[53,-35]],[[4062,53401],[-72,-76],[11,74],[51,53],[10,-51]],[[2857,53012],[-39,-9],[-11,45],[40,14],[38,-32],[-28,-18]],[[2914,53036],[-19,43],[21,11],[29,-32],[-31,-22]],[[3850,54670],[-30,-3],[-12,36],[84,47],[-42,-80]],[[1465,55362],[71,-22],[32,-37],[-82,11],[-88,61],[30,42],[37,-55]],[[1986,54157],[-21,-17],[-25,24],[55,14],[-9,-21]],[[2080,52561],[-6,-20],[-52,5],[-1,17],[59,-2]],[[1870,52464],[-19,7],[29,35],[20,-11],[-30,-31]],[[1521,52350],[-32,0],[30,42],[32,-21],[-30,-21]],[[2067,53955],[57,-15],[-23,-19],[-34,34]],[[803,52251],[-25,0],[-2,35],[27,-35]],[[575,52145],[-102,-14],[-2,16],[67,20],[34,49],[21,-2],[-18,-69]],[[72536,52019],[-35,0],[-118,104],[44,-15],[55,-53],[54,-36]],[[71380,52382],[-64,17],[51,36],[24,-3],[-11,-50]],[[9087,54219],[30,-72],[40,-161],[-6,-181],[-39,36],[-27,71],[21,56],[-57,20],[-1,37],[-34,-1],[27,76],[-29,19],[-32,60],[-22,-63],[-41,-23],[5,113],[42,27],[19,47],[28,6],[76,-67]],[[9145,54517],[89,-7],[68,-130],[16,-63],[-20,19],[-52,126],[-25,8],[8,-55],[66,-112],[3,-90],[-36,-13],[-32,-57],[-51,-38],[-16,18],[21,144],[-34,57],[-20,132],[-30,98],[14,21],[31,-58]],[[8933,54547],[29,-36],[-5,-57],[54,49],[69,-27],[15,-36],[-8,-50],[-53,0],[-3,-31],[54,-3],[21,-50],[-11,-39],[-115,66],[-22,-4],[-17,-85],[-44,10],[-33,84],[-78,73],[-22,36],[12,46],[38,45],[36,-44],[10,36],[73,17]],[[9370,53846],[74,-7],[24,-46],[-3,-38],[68,-35],[33,-37],[33,-77],[52,-76],[-68,42],[-16,-48],[35,7],[41,-36],[0,-54],[48,-11],[-1,-148],[-31,-34],[-42,71],[-42,17],[-14,68],[-33,-33],[-64,115],[29,13],[-25,40],[10,32],[-54,6],[-14,30],[-37,1],[-26,34],[47,5],[42,45],[-26,43],[-64,-35],[-14,21],[45,54],[-7,71]],[[9285,54032],[32,-23],[18,-48],[-23,-25],[-6,-107],[-13,-61],[-49,-18],[-11,46],[10,78],[23,15],[-42,46],[-19,53],[2,42],[47,35],[31,-33]],[[5566,54590],[21,20],[68,-39],[-27,-54],[-28,33],[-12,-43],[-46,-12],[-12,22],[-37,-54],[-41,-7],[-80,34],[81,77],[42,-7],[-14,51],[33,12],[52,-33]],[[2429,52745],[-62,-40],[-47,-71],[-114,-77],[55,77],[7,48],[25,30],[40,0],[16,74],[34,28],[41,9],[37,-27],[-32,-51]],[[2701,52949],[24,-6],[25,42],[29,-24],[-52,-54],[-13,-31],[49,-2],[-80,-59],[-13,-22],[-78,-25],[-74,-49],[-30,-6],[-28,24],[136,74],[24,64],[36,-19],[20,24],[-58,21],[-18,38],[28,33],[71,12],[2,-35]],[[1301,52300],[107,-21],[-88,-14],[-85,4],[-22,19],[88,12]],[[1074,52263],[-108,-16],[-17,11],[127,41],[73,30],[10,20],[-36,17],[54,38],[30,-32],[-32,-49],[11,-24],[-112,-36]],[[687,52201],[32,-42],[-67,-46],[-39,-9],[18,69],[28,18],[7,54],[30,-16],[-9,-28]],[[428,52121],[-40,15],[18,27],[-42,43],[49,14],[37,-52],[-22,-47]],[[72592,52215],[-36,-4],[-9,31],[25,19],[31,-24],[-11,-22]],[[72125,52207],[-33,7],[85,74],[-15,-58],[-37,-23]],[[71196,52622],[59,-6],[67,-53],[-71,-14],[-30,-23],[-32,17],[-11,33],[-46,19],[64,27]],[[4928,40111],[-20,-16],[-41,38],[-5,20],[3,95],[-32,135],[46,97],[-14,57],[12,39],[42,-41],[86,-62],[23,-44],[4,-47],[52,-82],[-9,-26],[-41,-50],[-52,-21],[-45,-56],[-9,-36]],[[4598,40922],[101,-22],[-29,-36],[-33,15],[-54,5],[15,38]],[[4745,40818],[42,7],[58,-71],[-23,-42],[-41,-17],[-26,7],[-9,68],[-27,7],[-15,30],[7,45],[14,4],[20,-38]],[[4480,41011],[16,0],[17,-55],[-33,-14],[-21,26],[-42,-8],[-33,98],[31,6],[32,37],[33,-90]],[[4163,41186],[-18,-21],[-30,13],[-37,48],[13,37],[30,30],[46,-1],[10,-42],[-14,-64]],[[4000,41152],[-9,21],[25,44],[4,-40],[-20,-25]],[[4672,40759],[-25,-5],[-16,57],[22,6],[27,-36],[-8,-22]],[[21247,49675],[309,1],[335,1],[39,104],[39,-10],[27,27],[20,-27],[20,52],[22,9],[-2,45],[57,69],[25,61],[-2,56],[12,71],[36,70],[12,99],[154,277],[39,-13],[1,-56],[44,-26],[70,30],[35,25],[43,-29],[58,-71],[5,-508],[38,-30],[33,-6],[-13,-48],[14,-35],[-9,-38],[31,-44],[39,5]],[[22778,49736],[9,-66],[-5,-38],[24,-21],[-42,-56],[-34,7],[-39,-19],[-20,-30],[-37,5],[-14,-45],[-30,-26],[-12,40],[-33,6],[-19,-23],[-16,23],[-16,-92],[-57,30],[21,38],[-17,4],[6,43],[-40,-50],[1,-32],[-22,-92],[-32,-41],[-24,5],[-36,-38],[-7,32],[-13,-38],[-6,42],[-16,-52],[-13,21],[-3,-51],[-31,31],[-43,-33],[-19,-35],[14,-17],[-64,-102],[-25,-78],[-18,-24],[-20,-90],[19,-58],[25,-17],[-44,-26],[-43,-81],[62,-38],[38,-107],[7,-49],[44,-28],[59,36],[-21,93],[26,-43],[6,-105],[-92,-18],[-51,-34],[-9,66],[-55,-61],[-39,-22],[-7,56],[11,39],[-25,-24],[-24,42],[-11,-126],[-16,-27],[-49,-18],[-33,4],[-67,-19],[-118,-9],[-16,7],[-132,-97],[-130,-152],[-3,-56],[49,-1],[8,-46],[-14,-94],[-18,-50],[-12,-77],[-31,-71],[-16,5],[-4,-59],[-35,-35],[-39,-107],[-32,-19],[11,72],[-48,23],[-44,48],[-34,56],[0,41],[21,69],[54,30],[-34,-3],[-29,-30],[-25,-52],[3,-60],[32,-72],[5,-70],[41,-100],[20,-16],[-8,-53],[18,-48],[-7,-50],[-12,7],[-45,-118],[-49,-159],[2,-27],[-45,-49],[-25,-101],[-13,41],[22,131],[35,75],[12,48],[-39,7],[11,42],[-27,31],[8,68],[-32,-28],[-33,30],[-17,49],[7,39],[53,1],[-56,62],[22,30],[-29,58],[25,-7],[-10,74],[33,65],[41,52],[-18,27],[-21,-8],[-7,-47],[-36,-41],[-11,30],[-18,-66],[-30,16],[30,-72],[-28,-3],[13,-44],[-8,-74],[7,-78],[21,-60],[-50,31],[47,-68],[14,-67],[-23,32],[-63,33],[-20,47],[-5,-36],[-22,56],[-47,-14],[-2,32],[45,104],[-48,-65],[-11,-75],[16,-21],[38,6],[28,-58],[72,-38],[58,-74],[-17,-80],[-29,2],[-68,103],[-23,49],[-34,26],[37,-49],[43,-82],[46,-66],[36,-21],[9,-79],[-28,10],[2,-31],[-30,3],[-44,72],[30,-67],[42,-40],[24,-59],[-24,-23],[-61,83],[-61,37],[-50,4],[66,-38],[51,-19],[8,-46],[47,-58],[32,23],[49,-15],[22,-94],[27,-157],[40,-129],[-4,-3],[-47,147],[-27,143],[-10,-68],[26,-76],[-3,-34],[-54,38],[0,-49],[-48,-5],[-19,-38],[-40,17],[-11,57],[1,-100],[75,-2],[30,14],[28,-8],[-3,-103],[17,12],[4,64],[25,24],[17,-22],[0,-94],[-67,-98],[-14,-9],[-64,15],[-9,41],[-42,-28],[-60,35],[13,-25],[77,-47],[16,-22],[-23,-73],[-30,-30],[-17,5],[-42,55],[35,-68],[31,-10],[58,17],[19,-19],[-31,-59],[-44,-25],[-81,0],[-24,-34],[-21,2],[-5,-35],[-74,-89],[-23,-50],[-13,-77],[-5,85],[-12,-95],[-80,2],[-34,-16],[-69,-79],[-44,-93],[-19,-81],[-38,-53],[-34,-15],[-6,-34],[-38,-45],[-26,9],[8,-30],[-26,-40],[-42,-16],[-26,-28],[-55,4],[32,-33],[-2,-26],[-25,-22],[-8,38],[-30,-12],[21,-54],[-32,-38],[-15,-62],[-38,-24],[10,-24],[-27,-40],[5,-64],[-25,-59],[-17,-6],[19,-33],[-16,-34],[-15,10],[-16,-120],[27,-222],[28,-175],[29,-124],[41,-150],[76,-207],[-9,-22],[-1,-91],[24,-103],[-31,102],[0,127],[-17,-65],[-8,43],[9,43],[-30,65],[18,-138],[20,-74],[85,-358],[20,-46],[16,-101],[1,-88],[-14,-161],[-3,-110],[-6,17],[-29,-96],[-13,-105],[-24,-38],[-51,-27],[-25,8],[-50,-14],[-12,33],[14,33],[27,-35],[-3,32],[-27,21],[-23,79],[-24,55],[-4,37],[-41,22],[-29,34],[-20,60],[-11,106],[-19,20],[27,73],[-29,-50],[-14,0],[-8,56],[3,69],[10,26],[-33,-10],[0,-35],[-22,11],[-31,70],[-36,125],[-19,37],[16,9],[47,114],[-36,45],[-19,2],[16,-33],[-13,-57],[-17,-3],[-20,50],[19,144],[18,91],[2,148],[-24,61],[-105,147],[-82,174],[-70,66],[-54,-15],[-15,-57],[-33,-4],[-51,-46],[-105,-34],[-7,72],[-65,90],[15,61],[-28,-15],[-3,-29],[-84,61],[-57,24],[43,11],[-3,24],[-38,1],[-47,-34],[-105,-24],[43,34],[-2,51],[-15,-25],[-20,14],[-23,-74],[-39,-16],[6,37],[-35,-48],[-78,-12],[44,22],[-27,58],[0,41],[-18,49],[-25,-121],[-112,-4],[-43,22],[-65,-30],[-19,5],[-25,-45],[-29,-21],[-74,37],[-18,31],[-37,10],[-38,-88],[48,-41],[37,11],[52,42],[14,-20],[-30,-41],[14,-28],[32,-6],[19,53],[19,-4],[9,-84],[-36,-17],[-5,-28],[-33,-29],[42,-73],[54,-32],[46,-48],[-28,-68],[-16,23],[-28,-36],[4,32],[-18,46],[-36,40],[-34,11],[-17,46],[-57,29],[21,-39],[-10,-91],[-22,-29],[-18,56],[-16,14],[-42,-8],[-33,-52],[-109,58],[29,11],[-19,51],[-1,39],[-17,-18],[-37,15],[-32,70],[-30,2],[-14,31],[-25,-13],[-24,-37],[15,-30],[-40,-22],[-83,14],[-57,43],[-45,24],[-105,-3],[-26,-17],[-12,32],[22,38],[-13,24],[-22,-60],[12,-47],[-43,-7],[-131,-93],[45,48],[-50,0],[7,75],[-30,-27],[-27,9],[6,-63],[21,-59],[-50,-75],[-3,-32],[-24,-43],[-117,-119],[-77,-55],[45,52],[-73,9],[-16,-23],[-25,45],[-13,-3],[23,-81],[21,-11],[-52,-43],[-19,30],[-7,-74],[-17,-23],[-8,24],[-45,-29],[3,-31],[21,12],[-27,-79],[-53,-15],[29,-62],[-30,-125],[-18,-6],[-49,53],[15,-63],[42,-18],[2,-44],[-16,-55],[18,-102],[13,-108],[52,-160]],[[16720,42669],[-28,-8],[-15,-26],[-46,42],[-44,21],[-56,8],[-39,18],[-21,26],[-44,20],[-34,38],[-69,39],[-25,116],[-43,101],[1,49],[-12,43],[-1,96],[-51,67],[-27,51],[-23,66],[-59,103],[-7,65],[-44,117],[-22,91],[-19,42],[-53,80],[-5,22],[-53,64],[-16,40],[-38,24],[-37,-9],[-48,4],[-71,26],[-27,-35],[-28,-7],[-24,-39],[-20,-74],[-12,-84],[-40,-64],[-34,-15],[-82,76],[-90,66],[-79,107],[-36,115],[0,53],[-31,115],[-29,73],[-60,60],[-48,63],[-60,96],[-43,58],[-25,19],[-61,118],[-222,2],[-133,1],[-1,-165],[-214,-1],[-142,0],[-214,-1],[-192,109],[-191,109],[-192,109],[-191,109],[22,76],[-138,-20],[-173,-24],[-174,-23]],[[12687,45087],[-2,42],[-21,6],[-4,101],[-11,59],[-30,72],[-65,90],[-59,67],[-37,14],[-29,-6],[3,42],[-23,59],[-65,2],[-63,33],[-25,53],[-69,59],[-50,-2],[-40,21],[-86,1],[-33,40],[4,85],[-8,51],[6,47],[-15,29],[-30,20],[-1,57],[-56,89],[-29,25],[-12,43],[-65,133],[-43,65],[-8,89],[26,59],[-19,76],[-57,19],[-46,80],[-3,61],[-19,62],[-3,84],[27,6],[3,-48],[41,-57],[19,-9],[-64,178],[34,29],[101,-2],[19,18],[-52,-3],[-30,18],[-25,-22],[-48,30],[-18,-14],[3,-99],[-11,-5],[-83,85],[-13,-25],[4,88],[-29,82],[-34,31],[-83,137],[-4,75],[-20,95],[7,92],[-20,89],[-45,86],[-44,58],[-9,88],[17,81],[31,95],[-2,68],[15,84],[-10,88],[-26,61],[7,72],[-29,51],[-13,95],[3,75],[-27,84],[39,195],[40,129],[10,236],[10,34],[-2,129],[26,294],[-7,98],[3,110],[7,15],[79,15],[24,-25],[37,-1],[-49,44],[-45,10],[-78,-7],[6,120],[20,-64],[11,84],[-37,31],[-8,43],[54,37],[-54,27],[-5,-30],[-12,94],[-23,72],[-13,93],[-17,46],[-33,45],[-16,91],[-2,84],[108,-51],[41,-27],[137,-18],[34,11],[21,-25],[49,20],[25,-94],[-25,-52],[-9,20],[-62,-131],[13,-14],[17,59],[45,52],[46,80],[2,-55],[-31,-58],[18,-31],[2,-86],[-27,8],[-12,-36],[-12,44],[-40,-73],[66,-10],[32,60],[38,36],[-8,165],[30,70],[-56,80],[24,15],[-17,39],[-37,33],[35,15],[-10,94],[-22,1],[-27,84]],[[11545,51143],[365,0],[258,0],[344,0],[258,0],[258,0],[345,0],[344,0],[258,0],[258,0],[344,0],[258,0],[345,0],[258,0],[258,0],[172,0],[258,0],[172,0],[258,0],[258,0],[306,0],[1,139],[61,-24],[3,-68],[27,-115],[17,-24],[114,-31],[71,-49],[49,13],[17,21],[77,-2],[100,-65],[17,-58],[49,22],[34,-13],[30,-38],[68,-52],[60,17],[36,33],[41,3],[20,-36],[131,5],[20,-38],[109,-7],[54,19],[116,80],[47,14],[178,-125],[215,-155],[314,-236],[19,-97],[44,-66],[75,34],[21,-119],[22,-52],[73,12],[30,-45],[-25,-65],[210,-173],[54,-425],[29,-229],[-54,-183],[-16,-123],[-12,-42],[-65,-88],[-41,-31],[-16,-59],[2,-61],[22,-52],[69,-58],[51,-1],[234,197],[208,58],[244,160],[25,40],[-31,72],[2,63],[-23,70],[91,58],[383,1],[72,158],[63,91],[56,41],[96,131],[45,47],[65,38],[29,0]],[[21691,48197],[-1,-26],[46,40],[38,-3],[40,16],[-88,-61],[-173,-88],[-14,3],[-128,-34],[5,30],[-28,-26],[-4,21],[31,56],[62,48],[59,1],[34,12],[98,13],[71,59],[-48,-61]],[[22564,49428],[-45,12],[22,34],[23,-46]],[[21353,48027],[0,33],[21,-10],[-21,-23]],[[22095,48341],[-56,-18],[23,44],[33,-26]],[[21947,48383],[-21,-8],[23,68],[-2,-60]],[[22202,48300],[-51,7],[34,16],[17,-23]],[[21079,46083],[13,122],[-6,-107],[-7,-15]],[[20885,45863],[14,42],[36,58],[-50,-100]],[[20103,42367],[-40,-69],[25,72],[40,73],[-25,-76]],[[17800,43971],[-41,27],[24,24],[22,-20],[-5,-31]],[[16746,43382],[23,80],[13,-11],[-36,-69]],[[16797,43475],[1,18],[48,48],[22,2],[-71,-68]],[[16678,43161],[12,82],[33,94],[14,16],[-38,-103],[-21,-89]],[[16715,42741],[-20,63],[-27,181],[3,138],[7,-145],[37,-237]],[[12441,45195],[-25,4],[-24,64],[49,-68]],[[12099,45597],[-25,-1],[-17,36],[36,4],[6,-39]],[[12132,45656],[64,-27],[-50,-14],[-14,41]],[[12441,45400],[10,-27],[-30,2],[-22,59],[42,-34]],[[11546,51025],[-22,-28],[-19,11],[18,31],[23,-14]],[[11500,50962],[-26,3],[5,38],[21,-41]],[[11589,50835],[41,-63],[-9,-24],[-29,27],[-13,59],[-26,32],[29,52],[13,-32],[-30,-19],[24,-32]],[[21121,47057],[-9,-6],[49,114],[-40,-108]],[[19893,44512],[-9,-90],[-4,63],[13,27]],[[20142,43153],[-15,36],[-35,175],[50,-211]],[[18318,44186],[-23,-8],[31,39],[-8,-31]],[[11625,50555],[-24,-13],[5,48],[19,-35]],[[11539,50937],[-23,19],[13,24],[10,-43]],[[28836,13222],[81,-16],[51,-73],[25,21],[31,-49],[20,-63],[36,0],[-4,-57],[23,-20],[-57,-38],[-34,32],[-51,99],[-47,16],[-30,47],[-24,0],[-99,68],[-27,-5],[2,47],[-66,17],[114,4],[56,-30]],[[50952,30401],[-13,-21],[13,64],[0,-43]],[[35175,27229],[-17,15],[23,17],[-6,-32]],[[10435,24139],[-12,21],[9,2],[3,-23]],[[23610,39821],[-32,-19],[27,36],[5,-17]],[[24448,14251],[31,-22],[38,8],[26,-24],[-29,-19],[10,-31],[48,-26],[-11,45],[63,27],[34,-50],[-31,-24],[34,-19],[-9,-27],[-63,-21],[-38,-36],[-70,-27],[7,-59],[-110,30],[26,-58],[-55,-8],[-11,-41],[-51,64],[15,76],[63,70],[40,19],[-7,71],[42,49],[8,33]],[[24158,14180],[29,-7],[45,34],[26,-21],[81,32],[24,-25],[-131,-200],[-66,-6],[-22,-56],[-67,-18],[-55,48],[40,41],[34,-2],[72,66],[-8,20],[-45,-14],[-17,16],[68,27],[-52,56],[-13,47],[57,-38]],[[24010,14061],[29,-3],[-15,-56],[-39,39],[25,20]],[[24193,14204],[-28,0],[-5,43],[42,-10],[-9,-33]],[[19903,40235],[49,0],[4,-16],[-60,-10],[7,26]],[[23261,44998],[-8,6],[21,27],[-13,-33]],[[23329,39910],[-7,18],[21,1],[-14,-19]],[[21862,41125],[-34,9],[-3,19],[36,-3],[1,-25]],[[21818,41152],[-26,41],[16,0],[10,-41]],[[21727,41156],[29,-30],[-30,-4],[1,34]],[[23782,39276],[-15,-15],[10,40],[5,-25]],[[35916,51231],[2,-19],[-46,-1],[3,33],[41,-13]],[[35817,51328],[-8,-24],[-19,14],[27,10]],[[35433,53054],[-41,-47],[-34,5],[17,56],[39,56],[26,6],[8,-45],[-15,-31]],[[35785,52111],[-63,-31],[-63,-55],[-54,9],[-41,46],[-36,22],[-59,-11],[29,34],[-60,29],[-43,-1],[-61,-41],[-45,29],[-27,65],[35,42],[142,74],[47,48],[34,79],[-20,24],[8,36],[-12,78],[-52,-7],[-66,-34],[9,32],[48,45],[15,33],[44,42],[61,31],[97,16],[46,-32],[-13,50],[20,12],[31,-29],[-31,60],[28,81],[-21,15],[1,49],[25,20],[7,80],[-60,-18],[-32,37],[-50,88],[-4,35],[25,77],[40,49],[47,17],[-80,4],[-71,-34],[-35,-33],[-70,20],[-43,-28],[-61,32],[-19,-58],[-45,62],[-7,47],[23,1],[19,60],[58,129],[-44,73],[17,88],[45,0],[-52,41],[-50,-23],[-28,-37],[11,85],[-47,-45],[5,-83],[-35,-140],[-43,-10],[18,96],[36,66],[-24,4],[3,89],[43,169],[41,89],[-93,-83],[-43,11],[-21,47],[-33,11],[81,49],[-26,19],[54,73],[6,48],[-47,54],[8,44],[35,18],[-33,44],[28,79],[91,0],[-48,59],[11,72],[67,9],[-17,45],[5,50],[29,25],[42,-29],[45,22],[12,-21],[49,16],[229,29],[-9,-74],[-23,-41],[-157,-134],[-9,-39],[36,-12],[-45,-52],[-11,-37],[54,8],[94,40],[64,-13],[46,7],[124,-4],[34,8],[42,-33],[18,-44],[-49,-86],[-49,-146],[-67,-111],[-37,-29],[-54,-12],[-34,-24],[66,5],[47,-29],[-23,-43],[-43,-3],[-77,-61],[-67,13],[17,-18],[113,-23],[43,27],[48,1],[91,-46],[99,-123],[47,-200],[27,-93],[28,-44],[97,-55],[61,-83],[57,-59],[-24,-35],[65,-152],[-83,30],[85,-82],[29,-49],[17,-65],[-62,-93],[47,-36],[21,6],[35,52],[101,-2],[65,-25],[56,-51],[18,-105],[-38,-140],[-49,-48],[-8,-41],[-35,-22],[-30,8],[-41,-29],[30,-15],[-2,-43],[-60,-19],[19,-49],[41,-10],[106,1],[-3,-66],[-72,-50],[-17,-45],[-55,-14],[-97,-45],[-83,18],[-117,-18],[-127,49],[16,-28],[-37,-27],[-103,-8],[-1,-45],[-64,12],[-40,-7],[-46,32],[-45,4],[-82,-31],[-36,-114],[-42,-34],[-77,60],[-112,-37],[-100,-99],[-42,30],[-38,-20],[10,54],[46,18],[154,195],[12,74],[45,19],[22,59],[70,16],[94,-13],[49,3],[142,197],[-48,-43]],[[35477,52736],[22,-21],[-58,-48],[-36,46],[-3,47],[51,11],[24,-35]],[[36113,55382],[-25,34],[15,42],[10,-76]],[[36060,55391],[30,-44],[21,10],[-47,-205],[-14,9],[16,75],[-78,61],[58,19],[-35,54],[27,44],[22,-23]],[[36167,55492],[-10,-47],[-21,42],[31,5]],[[35685,54750],[-23,-5],[-25,37],[26,9],[22,-41]],[[35707,54836],[59,-27],[-20,-24],[-62,11],[-36,24],[7,54],[53,-12],[-1,-26]],[[35773,54894],[-65,51],[15,8],[50,-59]],[[35293,53519],[-45,12],[-13,50],[15,33],[32,-15],[11,-80]],[[35158,53848],[-81,-20],[8,74],[-35,23],[42,34],[31,-41],[38,-16],[-3,-54]],[[35087,53696],[15,-87],[-51,-32],[-6,61],[-32,-23],[10,45],[64,36]],[[35119,53653],[-21,29],[33,30],[-6,26],[43,27],[-49,-112]],[[35073,54591],[-26,-64],[-46,-35],[26,-27],[-107,-100],[-26,24],[46,40],[-41,30],[-5,65],[14,18],[58,-15],[-12,35],[111,80],[8,-51]],[[35084,54275],[1,-70],[95,-32],[-57,-67],[-17,57],[-58,1],[-25,46],[-47,13],[-17,29],[29,45],[75,32],[21,-54]],[[34869,54341],[23,-21],[-18,-34],[-28,0],[-36,38],[59,17]],[[34860,54132],[-26,6],[-6,92],[29,-4],[3,-94]],[[35069,53018],[-87,-11],[0,39],[-24,12],[-34,65],[-23,13],[-31,-39],[10,-23],[-41,-44],[-50,9],[-51,26],[-6,25],[-47,48],[15,36],[60,38],[-28,19],[68,37],[35,96],[32,23]],[[34867,53387],[24,-16],[31,50],[95,21],[70,-8],[29,-70],[54,-78],[-33,-49],[60,-7],[20,-82],[-38,40],[13,-102],[-44,-14],[-39,-68],[-40,14]],[[36108,51768],[-48,-38],[-42,30],[41,38],[49,-30]],[[47684,42554],[13,-30],[2,-202],[3,-15]],[[47702,42307],[-24,-41],[-41,-47],[-19,44],[6,35],[-17,6],[-24,-38],[2,-85],[-8,-54],[8,-51],[-9,-40],[34,-10],[11,-56],[-88,-26],[-16,-19],[13,-45],[-5,-34],[-62,-254],[-3,-122]],[[47460,41470],[-17,-30],[-256,57],[-258,57],[-194,422],[-5,76]],[[46730,42052],[40,-12],[5,-66],[23,-33],[70,4],[80,59],[76,-3],[61,-18],[114,-8],[102,74],[27,93],[43,103],[71,85],[42,72],[3,23],[41,73],[84,109],[28,99]],[[47640,42706],[18,-6],[-5,-131],[31,-15]],[[47086,42042],[-29,12],[52,29],[-23,-41]],[[47206,42012],[-26,-15],[-33,12],[40,33],[19,-30]],[[44035,50444],[-135,-7],[-41,-58],[-25,0],[-58,-33],[-27,-41],[-22,18],[-52,-12],[-30,-27],[-52,3],[-40,-15],[-86,-90],[-29,-65],[-49,-36],[54,64],[-10,59],[-34,-64],[-43,-28],[2,-75],[29,-93]],[[43387,49944],[-41,21],[-1,37],[-22,31],[-48,-4],[-19,36],[-66,16],[-44,38],[-30,4],[-13,-46]],[[43103,50077],[-33,-14],[-46,44],[-53,-20],[-94,-14],[-89,65],[-51,23],[42,15],[4,24],[-60,16],[-32,30],[163,-29],[44,51],[-46,-18],[-45,12],[-31,41],[-7,100],[-37,85],[31,-105],[-8,-102],[-68,6],[6,41],[-32,-55],[-54,-1],[-69,-27],[-15,-68],[-42,-96],[-59,-88],[-81,-50],[-27,9],[-17,-27],[25,-125],[-4,-30]],[[42318,49770],[-28,40],[-33,18],[-36,-6],[-94,-62],[-62,21],[-48,59]],[[42017,49840],[52,21],[4,58],[48,68],[2,32],[42,41],[12,47],[-16,91],[44,38],[12,-55],[20,33],[63,-25],[18,18],[27,-36],[59,27],[-42,42],[4,68],[-13,39],[-62,50],[-11,46],[6,58],[-78,77],[-8,27],[18,74],[-3,56],[-21,34],[-24,-16],[-40,69],[-49,11],[-14,-22],[-34,55],[-41,6],[-54,59],[-55,23],[-65,-39],[-77,5],[-46,-47]],[[41695,50873],[-63,-20],[-29,-78],[-141,-30],[-59,-32],[-20,-29],[-36,-10],[-64,78],[-81,-9],[-110,33],[-45,-2],[-41,35],[-66,-51]],[[40940,50758],[-22,60],[-37,9],[-47,45],[-20,56],[-24,-1]],[[40790,50927],[2,60],[31,43],[49,143]],[[40872,51173],[54,-20],[8,23],[-29,33],[6,45],[-17,90],[78,133],[136,176],[53,12],[25,76],[-24,62],[26,22],[-34,54],[-15,49],[-40,68],[-12,76]],[[41087,52072],[20,46],[50,-21],[35,29],[48,75],[182,26],[133,-9],[107,-37],[139,-23],[26,-51],[66,-4],[29,-44],[23,41],[31,-12],[35,17],[84,-24],[26,-40],[13,28],[69,40],[43,-87],[41,20],[123,16],[35,-57],[42,-22],[18,33],[-20,89],[27,80],[63,86],[48,1],[26,20],[84,-1]],[[42733,52287],[43,-20],[62,25],[16,58],[30,13],[79,-19],[50,31],[118,2],[38,-35],[38,-100],[58,-73],[-4,-24],[-52,-13],[32,-136],[-9,-25],[52,-2],[44,-24],[71,12],[19,-53],[31,-6],[26,-116],[-6,-70],[53,-71],[44,34],[46,-11],[38,-47],[39,0],[24,-26],[28,30],[134,44],[33,-44],[24,-67],[69,-70],[43,49],[39,-32],[40,-5],[54,-47],[52,12],[26,-42],[32,-5],[64,-58],[51,9],[19,-83],[-11,-63],[-37,-50],[-41,-20],[14,-35],[47,-23],[-39,-16],[-30,-80],[38,-17],[25,-101],[-45,-156],[-70,-4],[-99,8],[-36,-52],[-87,-57],[-18,-88],[16,-16],[-13,-68]],[[42783,50117],[28,-18],[-90,22],[-13,21],[75,-25]],[[43165,32747],[-165,0],[-216,0],[-236,0],[-68,-24]],[[42480,32723],[-30,-3],[-52,-108],[-35,-37],[-21,49],[-50,-19]],[[42292,32605],[-3,151],[17,163],[-3,34],[17,199],[13,25],[31,122],[2,118],[48,57],[28,78],[32,20],[94,163],[62,133],[5,38],[-20,45],[-19,7],[-24,42],[-27,-1],[-21,20],[9,82],[15,62],[-18,72],[14,89],[16,46],[-13,30]],[[42547,34400],[18,53],[45,56],[14,0],[52,-39],[30,8],[34,37],[29,-72],[44,-29],[8,29],[28,37],[101,34],[32,30],[32,-39],[68,-7],[16,20],[82,151]],[[43180,34669],[38,-150],[46,-45],[10,-31],[-9,-71],[10,-92],[15,-16],[13,-72],[31,-39],[15,-73],[18,-52],[-4,-22],[16,-131],[0,-154],[-36,-97],[1,-55],[-28,-17],[-34,-53],[-14,-64],[-28,-67],[-23,-29],[-25,-115],[-19,-44],[-4,-70],[0,-141],[-4,-222]],[[49748,46859],[-84,24],[-69,57],[-25,-38],[-18,-79],[-94,-5],[-55,-39],[-61,-291],[-31,-42],[-54,-42],[-17,-37],[-29,0],[-152,-71],[12,-52],[-23,-86],[-90,-78],[-30,7],[-31,-30],[-11,29],[-54,72],[-54,-9],[-35,14],[-40,63],[-17,-4]],[[48686,46222],[-2,92],[-20,40],[12,45],[-19,200],[-157,-2],[-56,120],[-23,29],[-78,50],[-39,57],[-14,65],[-98,64],[-33,-12],[-20,14],[-23,-19],[-35,10],[-31,43],[-81,45],[-58,16],[-17,16],[-1,36],[-28,47],[-58,-1],[-27,13],[-67,0],[-43,-65],[-131,10],[-40,-18],[-61,-55],[-46,-66],[-21,-81],[-112,-62],[-56,4]],[[47203,46857],[-13,120],[-5,95],[6,131],[-3,85],[9,128],[-3,32],[-29,56],[-4,39],[-74,49],[-37,-28],[-6,61],[22,65],[31,-26],[43,3],[-26,45],[3,89],[-17,19],[-84,10],[-18,-28],[-31,113],[-2,66],[23,105],[19,130],[41,-78],[38,-16],[57,13],[30,-56],[21,-6],[65,26],[38,-10],[-12,52],[46,-1],[33,22],[-1,66],[-23,45],[-62,63],[-38,57],[-50,211],[-45,16],[-69,-20],[-24,5],[-39,-44],[-32,-97],[14,-22],[-11,-114],[7,-49],[-51,118],[-23,92]],[[46917,48489],[76,103],[76,54],[88,33],[88,14],[112,-94],[46,-59],[10,-40],[60,-129],[37,-60],[22,-12],[88,22]],[[47041,47394],[-13,34],[2,52],[11,-86]],[[41564,47884],[-46,-11],[0,33],[36,16],[10,-38]],[[44700,48393],[63,-32],[21,24],[58,-4],[51,-17],[20,44],[45,2],[77,-102],[7,-33],[31,-3],[16,-30]],[[45089,48242],[39,-66],[19,-77],[-11,-54],[-20,-33],[28,-117],[-9,-14],[69,-42],[57,10],[55,-56],[42,-68]],[[45358,47725],[9,-19]],[[45367,47706],[-46,43],[-26,-37],[-14,-90],[-74,-17],[12,-58],[20,-28],[-7,-55],[25,-58],[-3,-50],[13,-120],[23,-6],[-21,-92],[-24,-74],[71,-60],[2,-113],[45,-54],[-6,-54]],[[45357,46783],[-32,12],[-66,-73],[-16,27],[2,56],[-19,36],[-21,5],[-35,-33],[-65,7],[-86,45],[-31,-15],[-33,17],[-64,-89],[-20,-8]],[[44871,46770],[-18,62],[-20,4],[-22,-30],[-110,-43],[-50,-7],[-62,14],[-51,-4],[-139,-100],[-67,-32],[-66,-21],[-120,4],[-65,63],[-51,14],[-152,-95],[-75,3],[-25,39],[-57,17],[-12,-38],[-12,-89],[20,-83],[-53,-23],[-6,-61],[-29,-25],[-10,-38],[-52,31]],[[43567,46332],[13,30],[-30,114],[15,36],[61,93],[-1,54],[-27,38],[-78,-68],[-25,-47],[-29,-8],[-44,22],[-74,60],[-42,-5],[-61,-66],[-56,-97],[-66,-59],[-120,-29],[-34,-2],[-28,-22],[-52,23],[-32,31],[-72,129],[-49,29],[-86,69],[-143,24],[-12,-25],[-5,-100],[-15,-79],[-19,-25],[-32,23],[-30,-21],[-79,-34],[-69,38],[-41,50],[-22,109],[-64,3],[-48,38],[-36,3],[-22,-46],[-35,-19],[13,43],[-57,-6],[-30,-22],[-40,13],[35,28],[62,8],[62,81],[-116,-8],[-65,4],[-17,-15],[-3,37],[58,32],[-3,31],[-61,51],[-3,38],[-25,72],[29,14],[2,93],[-58,31],[-53,50],[-20,-18],[-59,47],[28,60],[-11,68],[28,2],[15,-27],[1,-51],[54,-17],[48,16],[-26,12],[-27,40],[-15,56],[30,25],[21,41],[-30,13],[-12,33],[9,38],[-34,65],[46,83],[-17,16],[-144,-35],[8,70],[6,123],[26,12],[33,64],[53,74],[55,-1],[23,21],[32,1],[10,-30],[29,-20],[51,3],[24,20],[-23,36],[52,3],[-6,-44],[66,12],[69,-9],[76,5],[10,12],[-54,41],[34,35],[111,29],[68,11],[-97,26],[-50,47],[-14,26],[21,78],[35,3],[120,-28],[86,17],[94,-42],[90,9],[18,18],[23,60],[126,99],[45,52],[47,28],[82,31],[88,47],[164,-20],[112,-3],[52,39],[30,-13],[-7,-50],[35,-60],[53,-35],[73,30],[27,-12],[25,-94],[20,-33],[47,-27],[28,33],[26,4],[43,-33],[15,-33],[74,-26],[67,-13],[30,-28],[95,-29],[35,5],[60,30],[116,32],[77,-45],[64,-15],[28,7],[140,92],[92,78],[19,35]],[[41977,48559],[-6,-42],[43,-111],[30,-32],[121,-80],[22,-7],[-20,-82],[-36,-12],[-122,39],[-50,-33],[-36,8],[-50,-15],[-14,-49],[-35,-56],[-98,-70],[-61,-87],[-28,-50],[-26,-18],[10,88],[40,48],[55,36],[14,31],[-138,-6],[-14,43]],[[41578,48102],[14,8],[45,75],[0,105],[59,60],[-8,73],[-53,43]],[[41635,48466],[8,31],[30,9],[21,51],[55,10],[25,25],[58,7],[48,-58],[69,24],[28,-6]],[[38645,45325],[-7,-79],[-3,-119],[16,-43],[-6,-41],[-137,-123],[-44,-55],[-27,-72],[-34,-11],[-38,-89],[26,-159],[-6,-91],[-65,-146],[-76,-58]],[[38244,44239],[-31,222],[-64,456],[-144,174],[-25,140],[-27,60],[-69,66],[-5,35],[-35,131],[-7,42],[3,91],[47,64],[18,57],[58,57],[24,63],[7,90],[23,82],[-15,74],[0,92],[-15,80],[21,183],[-28,47],[32,50],[16,47],[31,27],[-5,38]],[[38054,46707],[50,22],[64,73],[111,54],[30,-12],[-11,-36],[9,-28],[9,44],[43,-1],[22,-17],[-1,-63],[29,-62],[-8,-31],[24,-18],[32,54],[39,19],[37,47],[21,5],[15,-73],[-32,-48],[-34,-92],[-55,-63],[-10,-54],[23,-106],[83,-93],[8,-110],[16,-35],[-52,-131],[-35,-76],[-32,-49],[-67,-73],[-27,-50],[-4,-57],[23,-76],[29,-45],[30,-24],[52,10],[2,-64],[36,7],[12,34],[25,-23],[14,-72],[24,-30],[-14,-14],[61,-25]],[[38599,45904],[-31,-27],[27,51],[4,-24]],[[38535,45524],[-21,-13],[-27,19],[5,55],[36,2],[23,-40],[-16,-23]],[[24063,37229],[10,36],[37,18],[-5,-23],[-42,-31]],[[24011,36845],[-32,-21],[-148,-3],[82,73],[7,100],[-7,36],[-27,23],[8,18],[45,18],[91,16],[-23,-63],[-1,-69],[14,-59],[-9,-69]],[[976,25326],[17,15],[-16,-49],[-41,57],[40,-23]],[[1220,26257],[-23,0],[13,26],[10,-26]],[[1027,25278],[-2,-55],[-11,37],[13,18]],[[36505,37161],[-23,-104],[-1,-129],[111,-134],[3,-158],[16,-104],[29,-54],[6,-32],[2,-181],[3,-106],[0,-468],[-19,-2],[11,-43],[-1,-69],[33,-97],[7,-48],[-31,-29]],[[36651,35403],[-63,-25],[-25,-22]],[[36563,35356],[-21,32],[-20,53],[-14,3],[-36,46],[-42,147],[10,56],[12,129],[-26,30],[-2,41],[22,67],[-5,153],[21,58],[-14,65],[-41,64],[-8,39],[23,34],[-4,97],[12,89],[-16,45],[-38,-20],[-5,14],[18,82],[11,223],[-33,36],[-55,88],[-7,32],[20,112],[-15,35]],[[36310,37206],[111,-46],[2,-13],[82,14]],[[61679,30121],[-14,-64],[-15,14],[29,50]],[[61562,29616],[-20,80],[2,36],[24,2],[10,25],[-10,44],[-25,-22],[-11,44]],[[61532,29825],[22,31],[30,78],[41,26],[85,31],[75,1],[90,11],[70,53],[50,-21],[16,-19],[-36,-59],[-40,-48],[-51,-25],[-57,-64],[-44,-15],[-44,-46],[-21,-3],[-88,-53],[-68,-87]],[[61354,29679],[32,31],[50,24]],[[61436,29734],[-6,-45],[-27,-42],[-38,4],[-11,28]],[[56993,37527],[-25,-3],[-6,51],[9,8],[22,-56]],[[56182,36023],[-2,-27],[-21,-19],[-6,55],[7,78],[27,-19],[-5,-68]],[[56528,40592],[3,-27],[36,52],[41,-77],[5,-32],[-30,-123],[5,-41],[41,-53],[24,5],[45,36],[50,-23],[-3,-81],[16,-88],[2,-41],[-25,-132],[-23,-78],[18,-44],[-5,-94],[-41,-165],[39,-38],[13,7],[49,81],[56,62],[17,53],[35,18],[31,48],[51,-61],[50,-44],[12,-40],[12,27],[67,51],[20,71],[26,30],[-6,26],[48,16],[61,-37],[32,0],[20,-37],[30,-84],[47,-107],[63,-87],[15,-59],[-11,-82],[-2,-159],[14,-66],[26,-47],[20,-66],[72,-63],[-1,-58],[45,-48],[3,-42],[-13,-64],[-12,-19],[-5,-86],[12,-72],[-15,-148],[-27,-41],[-32,-26]],[[57549,38395],[-22,-44],[-21,51],[-38,23],[-75,-22],[-37,10],[-35,-12],[-47,0],[-44,21],[-81,-32],[-34,-30],[-25,-42],[-36,-109],[-37,-67],[0,-27],[-46,-17],[3,-93],[26,-100],[8,-127],[51,-90],[-10,-63],[6,-61],[40,-141]],[[57095,37423],[-28,67],[-6,46],[-34,70],[-11,-34],[-40,52],[-17,52],[-6,-23],[-39,74],[-63,58],[-56,-26],[-72,20],[-27,-19],[-19,34],[9,118],[8,56],[3,90],[-61,33],[-85,-13],[-44,-49],[-6,-40],[20,-73],[-25,-131],[8,-123],[-3,-68],[-31,-86],[-7,-69],[-35,-105],[-23,-134],[-5,-77],[-41,-118],[-10,-67],[-14,-25],[6,-53],[-7,-162],[26,-118],[-7,-55],[28,-19],[66,37],[23,-9],[14,-65],[11,-163],[6,-30],[28,-59],[7,30],[24,-89],[35,-304],[18,-79],[-21,20],[-12,96],[-20,3],[7,61],[-12,22],[-20,-18],[10,-83],[44,-115],[33,-5],[41,-66],[46,-50],[57,18],[40,-16],[23,-41],[37,-103],[61,-85]],[[56927,35413],[-9,-54],[-24,-43],[-13,-57],[-16,-17],[-29,7],[-19,41],[-60,-44],[-14,-44],[-15,-12],[-27,49],[19,69],[-4,105],[-36,1],[-17,66],[-15,20],[-18,-12],[-57,38],[-17,49],[-17,-4],[-12,-85]],[[56527,35486],[-50,114],[-35,46],[5,85],[-34,41],[9,50],[-33,-7],[-15,14],[-12,69],[-24,58],[-21,0],[-5,62],[-53,64],[-17,72],[-25,32],[-17,-10],[-15,-51],[-24,18],[-13,72],[0,127],[17,74],[10,118],[24,100],[14,102],[28,129]],[[56241,36865],[14,89],[-3,85],[55,95],[33,68],[58,187],[27,62],[-18,113],[-12,37],[-14,105],[2,27],[-37,71],[-10,81],[-13,52],[14,48],[-1,97],[-7,81],[-41,123],[-73,114],[-66,167],[-9,59],[-2,84],[76,74],[-2,134],[7,104],[46,48],[14,63],[-11,24],[-29,-41],[-43,157],[-8,89],[-37,63],[-93,197],[-19,56],[8,37],[-22,131],[-36,25],[-16,59],[23,-9],[49,29],[5,18],[-10,114],[20,73],[3,121],[35,72],[5,35],[19,4],[26,-26],[51,4],[54,26],[32,0],[14,33],[7,66],[35,27],[29,-13],[33,40],[-9,65],[36,-16],[27,8],[24,30],[47,-39]],[[56517,36643],[-3,-46],[-18,-14],[-2,58],[23,2]],[[56435,35516],[-11,27],[9,43],[10,-52],[-8,-18]],[[56219,36035],[-13,64],[16,-18],[-3,-46]],[[42529,30101],[-6,33],[-64,237],[-18,94],[-42,106],[-80,110],[-34,112],[-13,106],[24,92],[0,46],[-51,245],[-4,55],[16,142]],[[42257,31479],[63,-3],[47,55],[40,82],[25,86],[22,44],[9,52],[42,63],[-4,19],[36,34],[4,58],[-6,49],[-54,24],[-18,35],[10,47],[-10,20],[26,89]],[[42489,32233],[56,22],[9,72],[-11,65],[-2,149],[-20,61],[-16,11],[-33,87],[8,23]],[[43165,32747],[15,0],[203,-205],[172,-176],[215,-218],[150,-153],[9,-74],[-16,-78],[38,-79],[111,-146],[176,-229]],[[44238,31389],[-20,-106],[0,-31],[-29,-167],[-13,-39],[-19,-93],[-3,-71],[14,-96],[39,-62],[33,-68],[12,-48],[37,-23],[15,-54],[-6,-37],[-33,-79],[-13,-65],[0,-100],[8,15],[20,-24],[3,-73],[-21,-85],[-7,-74],[15,-102],[22,-52],[-7,-30],[38,-92],[-3,-79],[14,-63],[18,-123],[-12,-32],[28,-8],[24,-50],[20,1],[62,-73],[15,-41]],[[44489,29265],[-96,-131],[-35,-33],[-51,-25],[-49,-53],[-30,-16],[-37,0],[-39,-23],[-61,-68],[-36,38],[-28,12],[-51,-6],[-19,-69],[-21,-36],[-37,-35],[-34,-13],[-52,23],[-11,20],[-38,8],[-40,-41],[-31,-12],[-66,17],[-22,49],[-35,30],[-25,1],[-31,-48],[-136,2]],[[43378,28856],[-4,42],[-18,41],[-15,4],[-36,112],[11,60],[2,60],[-16,68],[-2,105],[-10,77],[-41,110],[-47,71],[-18,16],[-11,-65],[-49,27],[-56,-4],[-18,33],[-41,9],[-31,37],[-11,-5]],[[44294,30844],[15,-78],[-18,-25],[-12,39],[-36,27],[-13,38],[2,88],[24,77],[25,-144],[13,-22]],[[44368,31311],[-2,-129],[-21,-69],[-21,27],[11,94],[-6,69],[39,8]],[[44337,30180],[-22,16],[49,75],[11,1],[-15,-63],[-23,-29]],[[50643,47922],[-3,-19],[-61,-38],[-26,-49],[-13,36],[-97,57],[-88,-39],[-20,-69],[-25,22],[-16,-77],[14,-87],[60,18],[131,-11],[29,14],[44,-6],[25,-56],[55,0],[12,30],[82,40],[7,-46],[46,-20],[-1,-43],[16,-11],[48,28],[37,-53],[26,47],[57,18],[47,-9],[73,5],[48,32],[32,-5]],[[51182,47631],[-5,-80],[38,-84],[-20,-54],[21,-91],[46,-25],[21,45],[29,-1],[95,-55],[18,-39],[-13,-48],[4,-63],[30,-121],[-9,-63],[41,-56],[4,-24],[-46,-56]],[[51436,46816],[-46,59],[-81,8],[-19,-31],[-84,-36],[-25,11],[19,57],[-48,20],[-55,-23],[-63,-52],[-28,-35],[-20,-53],[-61,-17],[-41,-30],[-43,-50],[-42,-30],[-27,18],[-34,145],[15,175],[15,96],[-6,26],[-55,-6],[11,93],[-15,50],[-41,41],[-35,14],[-29,-12],[-24,-33],[-40,-95],[-41,-56],[7,-95],[-27,-45],[-36,21],[-63,-2],[-27,-15],[-19,-57],[3,-70],[-30,-37],[-61,80],[-59,-25],[-75,-62],[-47,-51],[-22,8],[-40,74]],[[50591,47770],[-29,-13],[-15,34],[44,-21]],[[60743,41439],[-23,-89],[-11,-167],[-20,12],[-33,147],[-51,69],[-19,64],[-32,159],[14,92],[-4,47],[7,67],[95,283],[55,123],[28,81],[66,46],[17,33],[29,10],[19,-34],[33,-29],[15,-48],[-22,-55],[2,-107],[-18,-91],[-20,-57],[-33,-260],[-16,-93],[-20,-75],[-28,-70],[-30,-58]],[[60218,42139],[5,-40],[-28,8],[23,32]],[[44871,46770],[-1,-17],[-54,-87],[-60,-84],[-75,-30],[-24,-49],[-10,-114],[21,-97],[1,-62],[-28,-130],[-5,-191],[-41,-125],[-60,-35],[-228,-208],[-159,-146]],[[44148,45395],[-145,-138],[-250,-250],[-90,26],[-30,40],[-33,14],[-33,66],[-22,8]],[[43545,45161],[21,77],[-21,128],[6,26]],[[43551,45392],[11,25]],[[43562,45417],[31,48],[-16,39],[30,60],[52,-1],[-11,48],[33,36],[25,61],[-16,78],[-36,29],[22,37],[-28,24],[-7,-17],[-58,-1]],[[43583,45858],[-15,82],[-2,77],[11,60],[-8,72],[-28,56],[15,102],[11,25]],[[38245,50603],[21,-21],[-20,-72]],[[38246,50510],[-8,-77],[19,-2]],[[38257,50431],[53,-18],[31,-45],[37,-9],[34,45],[21,-44]],[[38433,50360],[-11,-73],[6,-43],[-69,19],[-10,-43],[22,-85],[-21,-5],[-21,45],[-60,-24],[-23,4],[-20,64],[-34,-2],[-2,-70],[-46,-86],[5,-65],[-19,-17],[-35,62],[8,29],[-36,13],[-37,49],[-3,58],[-14,16],[-59,-70],[9,-35],[-27,-53],[-41,-35],[-50,21],[-83,-36],[-22,17]],[[37740,50015],[-50,88],[9,40],[-12,52],[-66,5],[-41,-41],[9,-24],[-37,-39],[-24,25],[26,24],[-8,54],[21,68],[50,53],[9,71],[34,20],[76,118],[-20,26],[31,35],[30,-21],[44,8],[39,51]],[[37860,50628],[63,-11],[55,16],[44,-6],[29,12],[-32,24],[44,29],[53,-41],[61,6],[68,-54]],[[40173,54397],[-53,-48],[-5,-82],[24,-31],[-42,-57],[-63,-57],[-9,-41],[-40,-21],[28,60],[-36,69],[6,105],[81,101],[54,1],[20,30],[35,-29]],[[39659,53828],[-26,8],[2,95],[44,113],[20,9],[60,163],[19,-9],[-69,-189],[-50,-190]],[[38622,54839],[16,-47],[35,6],[31,134],[-23,111],[31,39],[19,61],[48,18],[64,72],[21,126],[-55,163],[-5,40],[79,17],[40,112],[-58,69],[-89,66],[30,208],[-38,113],[-1,121],[22,29],[-44,108],[43,73],[-8,38],[99,127],[65,41],[63,9],[134,-23],[36,59],[-13,107],[-86,43],[94,134],[73,131],[32,200],[-19,105],[123,22],[67,43],[-12,67],[198,208],[6,37],[-62,100],[13,29],[79,45],[40,98],[110,77],[119,-51],[52,87],[-2,120],[43,13],[136,-26],[185,-50],[55,45],[-55,23],[71,78],[3,54],[-44,45],[102,6]],[[40485,58519],[55,-21],[5,-27],[110,-80],[108,-62],[158,-48],[64,-49],[109,-112],[-28,-29],[7,-105],[-14,-51],[54,-10],[8,-35],[-30,-53],[11,-43],[62,-95],[-25,-86],[-33,-35],[10,-107],[32,-15],[50,-127]],[[41198,57329],[-53,-8],[-41,17],[-95,-16],[-24,-18],[-71,50],[-42,-29],[-35,18],[-23,-90],[-67,-24],[-8,-40],[-64,-6],[3,-91],[-89,-129],[29,-31],[48,-96],[-11,-31],[-90,-74],[-52,-114],[-112,-76],[-59,-19],[-39,-54],[-74,5],[-64,-88],[-87,-22],[-29,-104],[-114,-24],[28,-85],[-41,-36],[-53,-19],[-32,21],[4,-64],[41,-37],[-25,-25],[-27,-110],[18,-67],[-54,15],[-14,-55],[25,-322],[61,-21],[21,-40],[60,20],[59,-84],[62,-39],[-4,-37],[51,-27],[29,-51],[8,-68],[-79,-70],[-73,-54],[-51,-22],[34,-16],[76,33],[21,-29],[-41,-14],[-26,-66],[-92,-57],[-75,-36],[-22,-28],[-74,-47],[-134,4],[-21,-10],[116,-19],[28,-34],[-55,-22],[24,-81],[-14,-19],[-2,-90],[-28,-39],[20,-114],[-36,-87],[11,-72],[-36,-133],[-40,-76],[-31,-103],[-35,-36],[-40,23],[-61,-13],[-55,8],[-68,-14],[8,-37],[-40,5],[-69,-79],[-2,-38],[28,-74],[-34,-49],[-74,12],[-98,-30],[-88,24],[18,104],[-77,163],[-18,57],[60,-10],[-29,65],[40,4],[5,61],[-33,16],[-29,59],[-31,31],[-54,118],[-20,81],[-19,-8],[-16,93],[-29,15],[-7,94],[-31,10],[-20,43],[-4,82],[-37,10],[5,39],[-15,222],[39,-15]],[[42771,23565],[22,-23],[-4,-97],[13,-87],[2,-118]],[[42804,23240],[-24,8],[-10,-131],[3,-49],[-99,4],[-39,21],[-43,47],[-36,117],[-18,11],[2,129],[81,210],[42,35],[92,-86],[16,9]],[[25395,35088],[-35,-63],[-25,-64],[-4,-98],[9,-61],[-4,-36],[20,-158],[19,-57],[29,-48],[24,-66],[-3,-52],[-40,-114],[7,-54],[-5,-64],[-42,-131],[-27,-44],[-16,-6]],[[25302,33972],[-21,42],[-26,-1],[-26,59],[-42,-19],[-40,-39],[-70,-13],[-41,41],[-39,-80],[43,-96],[-3,-56],[-18,-16],[-94,36]],[[24925,33830],[-44,35],[-46,132],[-20,89],[-36,91],[-5,83],[-9,20],[-5,78],[-50,-8],[-19,15],[-1,45],[-37,58],[-15,67],[-25,53],[-5,63],[21,65],[21,118],[-14,56],[15,37],[27,25],[76,11],[25,71],[-22,45],[25,78]],[[24782,35157],[28,144],[17,20],[102,-20],[106,-53],[9,-35],[-3,71],[17,25],[36,9],[54,-12],[47,15],[63,-2],[97,-29],[61,-37],[1,-73],[-22,-92]],[[42547,34400],[-17,49],[-34,0],[-16,78],[-63,54],[-66,127],[-39,96],[-25,18],[-17,-9],[-17,-42],[-32,-39],[-15,-1],[-43,36],[-42,6],[-61,-66],[-47,10],[-43,66],[-39,42],[-25,74],[-35,45],[-18,52]],[[41853,34996],[-29,66],[-9,121],[-26,58],[-72,82],[-43,26],[-41,142],[10,66],[-39,54],[-26,64],[-30,40],[-103,99],[-38,69],[11,75],[-9,31],[-39,58],[-31,63],[-24,20],[-56,18],[-34,19],[-22,62],[8,54],[-15,21]],[[41196,36304],[14,38],[64,44],[4,44],[19,63],[10,91],[18,38],[0,91],[44,103],[13,88],[44,9],[103,37],[18,-27],[1,-53],[56,-87],[77,-162],[43,-10],[63,42],[146,-9],[18,4],[33,-100],[160,-1],[-1,49],[33,56],[49,40],[46,18],[26,56],[1,53],[80,78],[95,-109],[54,-87],[83,10],[15,11],[86,155],[41,95],[15,67],[96,146],[4,20],[-15,49],[-3,173],[-53,107],[134,1],[-3,78],[96,-2],[-13,-101],[-2,-92],[-10,-37],[20,-273],[-9,-38],[47,-33],[19,-39],[88,-129],[13,-54],[0,-77],[-13,-46],[0,-94],[37,-1]],[[43200,36597],[5,-261],[-1,-62],[-29,-51],[-34,-5],[-76,6],[-35,-19],[-45,-163],[1,-31],[42,-40],[89,-33],[48,-59],[24,-52],[9,-52],[43,-82],[41,-39],[16,-43],[30,-44],[26,-133],[24,-94],[5,-69],[20,-68],[38,-66]],[[43441,35137],[-180,-321],[-81,-147]],[[41196,36304],[-94,25],[-29,31],[3,47],[-17,63],[31,83],[7,136],[-2,41],[-20,76],[-47,132],[-70,134],[-21,62]],[[40937,37134],[15,100],[-3,56],[-57,63],[-17,57],[5,118],[-18,20],[-20,154],[5,30],[-13,42],[-24,18],[-47,-13],[-25,10],[-10,33],[16,78],[17,41],[34,37],[14,43],[-5,76],[-19,71],[13,66],[68,80],[4,28],[-16,30],[-14,98],[17,30],[41,33],[2,48],[17,54],[34,60],[8,55],[-8,81],[35,63],[28,-2],[94,17],[48,-15],[7,28],[0,219],[0,328],[0,328],[0,493]],[[41163,40290],[0,184],[199,-1],[2,3],[0,367],[0,366]],[[41364,41209],[232,0],[231,0],[154,0],[154,0],[155,0],[154,0],[188,3],[20,68],[25,-15],[-10,-56],[236,0],[265,1],[133,0],[264,0],[199,0]],[[43764,41210],[2,-84],[9,-67],[31,-96],[27,-52],[9,-54],[-22,24],[5,-137],[11,-64],[-8,-60],[1,-101],[14,-121],[-3,-77],[23,-180],[22,-100],[26,-38],[26,-8],[39,-51],[57,-113],[16,14],[10,-25],[49,-54],[7,-25]],[[44115,39741],[-38,-67],[-34,-88],[-95,-46],[-55,-63],[-20,-83],[-49,-8],[-32,7],[-6,-95],[-19,-65],[6,-121],[-21,-111],[-27,-99],[-32,-175],[-19,-43],[20,-322]],[[43694,38362],[-16,-99],[0,-54],[-11,-79],[-36,-131],[-10,-65],[-11,-135],[-58,-16],[-30,-22],[-15,-32],[-70,-213],[-28,-52],[-31,-199],[2,-42],[-7,-109],[-33,-44],[-40,49],[-28,-34],[-32,-95],[8,-102],[-5,-47],[-34,-145],[-9,-99]],[[52461,36660],[-13,-4],[-3,44],[16,-40]],[[52442,36446],[6,-28],[-32,48],[26,-20]],[[52464,36727],[54,-7],[25,-56],[68,-102],[37,-103],[8,-42],[16,-14],[37,-100],[6,-57],[29,-28],[13,-115],[46,-124],[4,-36],[38,-145],[-2,-143],[-19,-105],[-26,-70],[-52,-68],[-83,-56],[-50,-40],[-46,-11],[-46,22],[-34,53],[-18,78],[-30,171],[-14,278],[-17,177],[9,84],[0,-91],[12,1],[8,133],[19,103],[-3,76],[27,73],[11,85],[-6,92],[46,-41],[23,5],[-35,48],[-42,15],[-19,34],[6,26]],[[36645,47346],[-38,-1],[6,36],[32,-35]],[[36958,47757],[61,-11],[3,-23],[-44,-115],[-34,-31],[-62,40],[-4,37],[-23,17],[-27,-29],[-26,50],[83,89],[76,42],[-3,-66]],[[37190,47776],[-91,49],[2,32],[42,5],[33,-16],[18,-42],[-4,-28]],[[36615,47436],[-7,-22],[-38,17],[26,65],[43,15],[12,-31],[-36,-44]],[[35961,49088],[9,-30],[69,-32],[-14,-62],[39,-4],[71,-41],[35,-3],[35,-52],[58,10],[52,-50],[136,0],[13,57],[132,-57],[16,-35]],[[36612,48789],[11,-59],[45,25]],[[36668,48755],[66,-55],[34,25],[91,-30],[3,20],[61,27],[49,-13]],[[36972,48729],[19,-53],[-29,-12],[-3,-34],[18,-30],[2,-50],[-49,-65],[-140,-111],[-46,-66],[-104,-34],[-108,-49],[-64,-88],[35,-37],[-59,-40],[-47,-108],[-89,-163],[-50,-131],[-1,-38],[25,-131],[35,-63],[38,-24],[9,-24],[-51,-64],[-66,-55],[-29,-44],[-6,-42],[-19,-19],[-7,-59],[-29,-103],[21,-30],[-20,-18],[-102,-7],[-64,-64],[-31,-57],[-29,-106],[-50,-73],[-24,27],[-58,-5],[-39,-34],[-23,11],[-72,4],[-35,-17],[-80,18],[-109,-14],[-62,-78],[-52,-2],[-48,-29],[-32,-69],[-6,-37],[-54,-40],[-83,60],[-27,53],[-20,97],[-23,15],[-2,71],[-20,46],[-79,88],[-58,5],[-47,-11]],[[34829,46796],[-20,150],[12,52],[52,103],[33,14],[13,52],[-30,-2],[-47,102],[12,94],[48,71],[9,55],[-35,29],[-27,75],[-6,46],[-40,73],[84,7],[17,12],[28,113],[-27,45],[3,24],[41,49],[-7,25],[6,90],[-8,82],[-15,48],[48,76],[58,59],[39,58],[-36,49],[-31,3],[-3,74],[-12,25],[-83,3],[-24,11],[-12,-31],[-40,-23],[-58,20],[-46,-2],[-35,-25],[-26,30],[19,45],[-17,42],[-65,-23],[-49,-48]],[[34552,48548],[-20,3],[-2,58],[40,62],[-26,4],[18,47],[-17,21],[0,63],[-35,-20],[-10,28],[22,50],[-23,6],[-39,60],[11,72],[62,59],[68,1],[58,38],[-2,51],[51,43],[62,25],[39,-9],[49,-53],[41,-15],[32,12],[86,-3],[80,6],[47,18],[36,-23],[71,-10],[42,-19],[118,-32],[42,0],[86,31],[57,7],[38,-25],[75,-29],[34,30],[54,-15],[55,-31],[70,6],[39,23]],[[33027,43558],[-17,-84],[-25,-44],[-23,-9],[-28,53],[-22,70],[78,27],[40,53],[40,7],[1,-18],[-44,-55]],[[33556,43754],[-29,-16],[14,69],[51,33],[15,34],[-3,-85],[-48,-35]],[[33459,43481],[-28,-42],[-32,17],[28,10],[25,32],[16,70],[40,123],[19,-1],[6,-56],[-20,-122],[-54,-31]],[[33216,43473],[2,-100],[-34,-47],[-31,13],[-19,38],[-1,40],[26,58],[57,-2]],[[32856,43427],[-29,35],[14,31],[26,-17],[6,-27],[-17,-22]],[[32714,43349],[-20,-60],[-35,42],[23,2],[24,31],[8,-15]],[[32725,43600],[-34,98],[15,31],[26,1],[11,-22],[-3,-80],[-15,-28]],[[61878,47018],[7,50],[69,119],[32,23],[116,6],[59,-4],[27,18],[41,98]],[[62229,47328],[49,-165],[48,-106],[40,-77],[57,-149],[17,-79],[11,-117],[-6,-99],[-10,-55],[2,-99],[34,-1],[-2,-38],[-29,-165],[-41,-117],[-48,-29],[-68,6],[-26,-6],[-19,-32],[5,-53],[-70,23],[-12,32],[-65,-24],[-15,-24],[21,-40],[-23,-34],[-22,56],[-24,-7],[-3,-29],[18,-44],[-31,-59],[-30,30],[17,43],[-2,34],[-44,-54],[-27,-62],[-29,27],[-45,-73],[-10,66],[-44,66],[8,17],[45,-8],[-11,22],[25,25],[-35,-1],[-26,122],[14,23],[26,105],[25,25],[-25,28],[46,45],[7,38],[-21,19],[9,34],[-31,55],[2,115],[-13,80],[-20,-16],[-42,15],[8,66],[27,32],[46,22],[41,-26],[11,-37],[24,22],[-18,25],[-24,81],[8,37],[-28,56],[1,38],[-18,61],[14,24]],[[62303,45920],[-19,-22],[-32,47],[47,54],[4,-79]],[[62167,45923],[-2,-36],[-37,10],[-8,51],[16,17],[31,-42]],[[61797,45763],[-22,27],[25,44],[27,-24],[-30,-47]],[[61855,47001],[-1,-48],[-19,7],[-11,54],[9,19],[22,-32]],[[61834,46544],[-16,-9],[-4,53],[20,-44]],[[61785,45895],[-12,-6],[-22,57],[15,17],[18,-31],[1,-37]],[[61816,45341],[-18,-3],[-15,35],[35,55],[72,33],[42,-13],[-6,-64],[-59,-38],[-51,-5]],[[42637,24873],[27,-156],[23,-167],[2,-75],[52,-150],[37,-210],[0,-431],[-13,-52],[6,-67]],[[42804,23240],[48,-8],[108,4]],[[42960,23236],[-8,-85],[-38,-194],[-25,-217],[-50,-156],[-52,-80],[-51,-36],[-89,-162],[-33,-78],[-30,-114],[-29,-63],[-44,-134],[-75,-197],[-64,-129],[-48,-55],[-51,-75],[-72,-121],[-54,-107],[-82,-122],[-48,-53],[-71,-105],[-20,-15],[-81,-97],[-57,-60],[-94,-68],[-37,-19],[-89,17],[-37,-9],[-31,-41],[-3,-60],[-32,-6],[-62,25],[-34,-5],[-35,-72],[-47,-2],[-83,42],[-121,28],[-64,-36],[-69,7],[-39,19],[-36,1],[-62,-22],[-93,-112],[-47,0],[-62,-13],[-38,16],[-57,-28],[-50,-8],[-102,-119],[-78,12],[-49,54],[-19,-3],[6,45],[-47,52],[-53,-5],[-5,94],[-55,9],[-15,-31],[0,-65],[-22,58],[0,92],[23,19],[-7,62],[-34,109],[-22,23],[-16,56],[-17,20],[-23,70],[-5,50],[23,43],[14,-24],[43,45],[15,54],[-2,141],[-21,140],[-107,266],[-67,211],[-32,127],[-48,257],[-43,145],[-58,144]],[[39643,22586],[36,47],[26,14],[11,69],[25,71],[24,15],[19,-19],[11,-43],[22,-11],[15,-46],[-9,-36],[21,-91],[51,-26],[56,-16],[26,-22],[42,-5],[58,11],[48,-5],[65,-25],[25,33],[-3,26],[43,43],[38,58],[63,19],[0,215],[0,491],[0,328],[0,318]],[[40356,23999],[73,-93],[26,-71],[27,-99],[38,-156],[4,-92],[-38,-102],[3,-110],[20,-39],[26,14],[41,-15],[77,6],[39,-7],[37,64],[52,36],[26,71],[67,77],[18,40],[48,225],[29,50],[50,21],[51,-29],[75,-94],[61,-12],[27,-40],[85,-28],[50,23],[43,0],[47,15],[28,40],[54,247],[12,69],[109,60],[34,69],[44,57],[30,198],[20,46],[46,57],[38,20],[29,56],[23,7],[35,60],[19,59],[37,67],[35,36],[32,8],[60,34],[35,74],[24,24],[47,7]],[[42123,22040],[72,67],[9,80],[31,49],[19,110],[-18,66],[-70,77],[-66,110],[-79,-44],[-55,-63],[-46,-25],[-42,-109],[-47,-104],[-40,-29],[-9,-24],[16,-65],[46,-117],[6,-58],[21,-18],[53,-87],[53,-15],[25,71],[51,111],[70,17]],[[43963,15842],[-50,-1],[15,46],[41,-29],[-6,-16]],[[44705,32492],[-3,45],[-109,259],[-1,517],[-1,310],[-1,529],[76,142],[110,285]],[[44776,34579],[28,59],[41,24],[114,33],[21,26],[24,74],[22,30],[93,77],[81,35],[187,-18],[5,4],[101,200],[100,200],[99,184],[110,194],[203,357]],[[46005,36058],[129,356],[65,180],[0,464],[0,200]],[[46199,37258],[91,31],[51,40],[95,29],[71,73],[35,80],[31,14],[94,-56],[-8,-64],[-27,-118],[8,-95],[4,-155],[-16,-82],[25,17],[1,28],[36,-30],[3,-32],[-36,16],[-56,-35],[-6,-30],[-5,-121],[-9,-79],[-1,-104],[-28,-69],[-10,-48],[-42,-97],[-29,-124],[-37,-114],[-50,-87],[-19,-112],[-38,-133],[-45,-113],[-23,-78],[-29,-136],[-8,-87],[-81,-249],[-84,-200],[-52,-167],[-94,-195],[-127,-251],[-168,-298],[-45,-61],[-183,-184],[-118,-154],[-61,-105],[-63,-92],[-51,-86],[-152,-294],[-31,-53],[-69,-154],[-48,-86],[-50,-168],[-40,-98]],[[46005,36058],[-201,0],[-138,88],[-150,91],[-133,80],[-176,105],[-81,130],[-28,15],[-36,85],[-25,99],[-22,17],[-46,102],[-37,154],[53,139]],[[44985,37163],[65,184]],[[45050,37347],[40,-56],[38,-115],[45,-92],[62,-86],[46,-44],[112,2],[80,79],[72,56],[24,12],[42,-16],[46,-4],[42,-17],[21,4],[83,66],[51,64],[36,27],[62,-22],[62,10],[84,55],[48,12],[53,-24]],[[68548,29985],[-30,21],[11,27],[19,-48]],[[70009,28824],[-25,-5],[-11,32],[21,4],[15,-31]],[[69849,29157],[-34,-8],[-30,-23],[19,62],[51,-7],[-6,-24]],[[68727,28775],[-14,-13],[-22,16],[-8,28],[-71,49],[-1,40],[16,-8],[75,-75],[25,-37]],[[68923,29574],[2,-53],[-29,32],[-1,116],[28,-95]],[[68447,29759],[-30,18],[18,30],[20,-14],[-8,-34]],[[68645,29806],[17,-4],[31,-49],[-7,-15],[-54,36],[13,32]],[[68160,30083],[27,-97],[-16,-39],[-14,33],[-33,28],[-6,65],[-41,-2],[-24,-15],[-1,38],[19,19],[22,65],[34,-8],[2,-58],[31,-29]],[[68248,29870],[-9,13],[11,40],[9,-44],[-11,-9]],[[68229,29920],[-20,-29],[-26,35],[6,38],[18,21],[27,-18],[-13,-18],[8,-29]],[[68084,29910],[-35,54],[33,53],[7,-20],[-16,-64],[11,-23]],[[67943,30200],[-36,80],[10,49],[32,-45],[18,-10],[-24,-74]],[[67926,30109],[-13,36],[6,42],[7,-78]],[[68040,30132],[-26,-3],[-17,66],[29,30],[17,-31],[-3,-62]],[[67772,30504],[-33,3],[12,43],[26,-26],[-5,-20]],[[68136,29893],[-38,11],[25,9],[13,-20]],[[68561,29704],[44,-59],[78,4],[54,-61],[12,-38],[22,-28],[5,-35],[-34,-24],[-34,12],[-32,27],[-94,11],[-20,24],[-27,71],[-3,66],[29,30]],[[68587,29976],[-27,22],[-21,37],[-58,41],[-83,81],[-70,104],[-6,39],[-22,40],[56,-22],[75,-110],[18,-3],[47,-43],[83,-110],[-10,-29],[18,-47]],[[68104,30419],[-9,-36],[-26,31],[-43,7],[-40,53],[-42,99],[-48,72],[5,39],[25,-12],[32,-45],[54,-47],[14,-24],[10,-58],[37,-61],[31,-18]],[[68762,30057],[50,-110],[-10,-69],[43,-60],[20,-84],[0,-46],[22,-64],[-9,-37],[-27,73],[-30,31],[-34,56],[-20,71],[-22,126],[10,30],[-24,77],[31,6]],[[68957,29294],[26,-22],[36,-11],[17,8],[54,-136],[-50,0],[-68,39],[-51,56],[-10,75],[-39,13],[2,45],[35,-12],[48,-55]],[[40790,50927],[-74,-25],[-64,79],[-77,-17],[-41,15],[-76,-7],[-31,-85],[-88,-61],[-55,34],[-32,-41],[-112,-22],[-33,-41],[-5,-56],[-117,-9],[-77,2],[-26,15],[-64,66],[-34,6]],[[39784,50780],[-13,12],[-44,128],[18,78]],[[39745,50998],[22,67],[25,30],[59,-13],[56,23],[66,65],[15,70],[41,30],[47,57],[48,7]],[[40124,51334],[21,-5],[6,-37],[37,1],[20,41],[39,32],[38,-71],[29,-12],[-4,-62],[61,-8],[21,49],[41,26],[51,2],[67,-28],[26,38],[113,-3],[51,-25],[26,-49],[105,-50]],[[39656,50226],[-39,13],[-14,-54],[-37,-6],[-14,-25],[-73,-38],[6,-56],[-8,-79],[-71,-37],[13,-98],[-46,-6],[-32,18],[-21,-12],[-64,65],[-33,-60],[-76,10],[-23,-29],[-61,32]],[[39063,49864],[29,26]],[[39092,49890],[31,10],[-31,54],[-30,27],[9,47],[-26,28],[30,51],[-52,31],[4,21],[57,53],[4,21]],[[39088,50233],[162,-38],[51,31],[50,46],[88,2],[66,30],[39,-13],[4,46],[23,23]],[[39571,50360],[38,-3],[20,-80],[27,-51]],[[57304,33606],[-30,-25],[-34,23],[11,36],[23,8],[36,-30],[-6,-12]],[[34248,36238],[-6,-64],[-15,-56],[-37,-32],[-15,-115],[-47,-81],[-42,-52],[-36,-61],[-49,-120]],[[34001,35657],[-45,67],[-40,35],[-112,75],[11,58],[-16,45],[-38,18],[-37,52],[-15,106],[-39,25],[-25,80],[2,21],[36,-23],[35,57],[-36,17],[-19,-18],[-9,44],[4,54],[28,5],[-41,48],[-4,23]],[[33641,36446],[33,-1],[20,21],[14,58],[41,41],[40,122],[12,58],[45,25],[27,-20],[45,17],[2,26],[129,1],[13,-7],[32,-70],[37,-100],[35,-74],[-12,-71],[27,-23],[2,-70],[22,-67],[-26,-57],[-17,-72],[31,-7],[33,60],[22,2]],[[33796,35852],[-86,50],[20,18],[48,6],[21,-20],[-3,-54]],[[47531,31389],[1,-34],[-32,65],[14,18],[17,-49]],[[40905,49393],[-21,-59],[-36,-25],[-11,-54],[6,-57],[32,-93],[43,-37],[42,-61],[-7,-33],[-47,-79],[-49,-15],[-6,-78],[18,-70],[-37,-46]],[[40832,48686],[-21,16],[-37,-20],[-30,7],[-69,-28]],[[40675,48661],[-9,30],[18,22],[29,104],[-73,30],[3,29],[-34,30],[-36,66],[-43,30],[-17,31],[-31,-29],[3,-53],[-30,-30],[-1,-35],[-25,-11]],[[40429,48875],[-1,24],[-80,69],[-33,10],[-46,38],[-28,48],[-39,40],[-5,30]],[[40197,49134],[12,19],[40,-8],[7,52],[-49,96],[62,8],[6,21],[-49,67],[-38,28],[0,83],[29,62],[11,68],[-23,12],[-46,-16]],[[40159,49626],[19,38],[-8,60],[15,22],[51,-8],[-12,35],[-65,48],[10,47],[-21,11],[-23,102],[14,36]],[[40139,50017],[36,31],[25,-12],[37,24],[28,39],[127,-5],[16,-12]],[[40408,50082],[24,-49],[45,-39],[26,-49],[13,5],[0,-98],[33,-44],[58,-45],[41,-18],[12,-26],[-27,-48],[36,-27],[-36,-21],[57,-56],[55,-16],[37,-46],[22,7],[30,43],[29,11],[46,-37],[-45,-43],[6,-41],[35,-52]],[[33845,38565],[19,-59],[-8,-70],[42,-93],[0,-85],[12,-37],[-17,-52],[-2,-37],[32,-69],[13,-47],[15,28],[25,-9],[17,-73],[32,-84],[-12,-151],[12,-47]],[[34025,37680],[-37,8],[-47,-14],[-48,4],[-50,-26],[-22,4],[-80,42],[-27,29],[-16,-20],[-15,57],[-130,15]],[[33553,37779],[-296,3],[-76,-70],[-54,-20],[-61,8],[-55,-33],[-60,-5]],[[32951,37662],[-15,43],[5,20],[62,36],[-29,34],[-29,-48],[-4,176]],[[32941,37923],[23,33],[164,1],[4,62],[107,26],[27,59],[97,-75],[47,-31],[39,-12],[80,37],[-1,52],[-25,24],[-70,-20],[-50,47],[-39,19],[-35,43],[-34,10],[-65,-31],[-16,-52],[-162,4],[-51,-4]],[[32981,38115],[-5,38],[-32,56],[3,44],[23,29],[-35,-13],[-1,33],[-36,114],[-21,29],[-18,58],[-36,33],[-20,-29],[-18,38],[78,62],[62,136],[55,162],[7,39]],[[32987,38944],[19,134],[41,121],[25,3],[31,-18],[39,-2],[50,26],[80,17],[26,27],[42,-11],[51,4],[47,-28],[65,-99],[9,-40],[25,-24],[51,2],[29,-31],[13,-32],[18,-100],[36,-70],[17,-2],[27,-61],[1,-36],[25,-40],[38,-34],[27,-56],[26,-29]],[[44960,39140],[-20,134],[-29,49],[-2,33],[-33,60],[-18,115],[-48,86],[-61,80],[-49,136],[-16,73],[-41,83],[-22,148],[-41,150],[-25,58],[-6,40],[-29,25],[-27,63],[-81,100],[-40,10],[-31,36],[-24,46],[-24,81],[-44,87],[-37,124],[11,77],[-32,133],[9,119],[13,69],[-18,139],[-42,103],[-19,94],[-49,150],[-35,73],[-74,101],[-20,1],[-22,32],[-34,6],[-42,119],[-32,76],[18,51],[-24,122],[-46,129],[-32,40],[-18,106],[-31,24],[-54,181],[-32,63],[-12,42],[-37,70],[-18,69],[-36,64],[-32,111],[-49,110],[-21,20],[-72,16],[-19,-25],[-2,31],[33,132],[4,79],[30,233]],[[43376,43917],[215,-60],[11,3],[82,109],[46,124],[11,12],[144,48],[33,117],[70,69],[-101,186],[-105,178],[164,76],[240,110],[37,47]],[[44223,44936],[247,-68],[89,-79],[255,-237],[158,-215],[118,-152],[133,-170],[119,-154],[163,-26],[173,-25],[35,12]],[[45713,43822],[182,-39],[18,-56],[13,-77],[17,-35],[156,3]],[[46099,43618],[37,-151],[30,-63],[12,-59],[-7,-28],[22,-35],[66,-50],[-12,-20],[46,-95],[27,-10],[36,-73],[55,-46],[33,-61],[-25,13],[0,-63],[32,-45],[6,-36],[-12,-76],[-25,4],[20,-98],[30,-103],[35,-52],[21,-124],[50,-110]],[[46576,42237],[32,-79],[61,12]],[[46669,42170],[29,-13],[-20,-85],[52,-20]],[[47460,41470],[92,-258],[-51,-282],[-83,-456],[-265,-161],[-173,-106],[-168,-101]],[[43770,42456],[-36,55],[5,9],[36,-49],[-5,-15]],[[44797,39266],[15,-2],[-1,35],[22,-35],[-2,-51],[-18,37],[-21,-6],[-33,46],[12,82],[17,-24],[0,-69],[9,-13]],[[37822,33693],[-19,13],[17,35],[2,-48]],[[37667,33160],[-28,-20],[-10,59],[11,42],[33,24],[13,-60],[-19,-45]],[[38843,49270],[-18,12],[22,20],[-4,-32]],[[1547,28161],[23,-35],[9,-46],[-10,-44],[-21,11],[-42,-6],[-49,101],[22,-2],[68,21]],[[1725,27947],[-56,0],[-37,17],[-27,53],[38,18],[51,-26],[29,-36],[2,-26]],[[23979,37957],[-21,19],[2,29],[26,26],[-7,-74]],[[24035,38202],[-11,-39],[-22,24],[-1,49],[31,66],[3,-100]],[[23685,39459],[-42,37],[9,23],[33,-60]],[[42489,32233],[-29,32],[-35,-13],[-19,-24],[-43,27],[-12,-139],[-35,-29],[-62,-5],[-18,50],[-48,26],[-9,-43]],[[42179,32115],[-19,14],[-13,87],[4,17],[46,61],[8,37],[-3,100],[13,52],[32,74],[45,48]],[[43387,49944],[75,-140],[37,-16],[56,34],[36,-11],[32,30],[81,-22],[-25,-60],[-11,-61],[-33,-14],[-73,-8],[-39,35],[-41,-1],[-23,-44],[-41,-30],[-14,-35],[-75,2],[-50,-31],[-38,-68],[-41,-42],[-34,-13],[-51,16],[-41,45],[32,130],[-11,70],[-33,33],[-41,3],[-55,56],[-62,-7],[-20,28],[128,127],[27,6],[78,66],[-14,55]],[[62696,48681],[-33,86]],[[62663,48767],[12,12],[-32,59],[31,31],[99,33],[3,50],[18,38],[18,107],[-16,27],[-2,73],[8,110],[8,25],[-39,217],[-19,51],[24,41],[73,27],[42,82],[40,44],[25,-30],[194,-79],[35,37],[0,70],[15,64],[51,40],[15,101],[35,48],[3,48],[32,40],[9,44],[-8,49],[32,78],[3,54],[33,99],[-7,64],[25,41],[39,12],[54,99],[-37,113],[20,48],[0,37],[-21,25],[-54,19],[-92,-36],[-75,-65],[-65,3],[-54,-47],[-35,-12],[-29,-65],[-37,-15],[-120,-18],[-46,1],[-48,17],[-64,-14],[-17,56],[-37,65],[-4,40],[18,78],[-50,97],[13,62],[-13,33],[-72,11],[-32,30],[-50,83],[-52,46],[-7,24],[-76,-10],[-71,49],[-13,39],[-95,-15],[-48,3],[-58,38],[-42,74],[2,73],[16,51],[-39,33],[-18,57],[0,93],[-77,145],[-19,79],[-6,70],[-19,22],[-2,50],[-38,82],[-11,74],[-29,101],[-60,77],[7,48],[-36,48],[-29,7],[-16,56],[-46,15],[-70,45],[-39,-28],[-84,37],[-49,52],[-14,-4],[-110,69],[-91,-1],[-83,-28],[-82,6],[-188,-62],[-85,-12],[-57,-41],[-57,-75],[-66,-67],[-5,-56],[21,-12],[70,5],[36,-45],[-7,-71],[17,-75],[-13,-45],[-35,-46],[-55,-46],[-34,-45],[-20,-66],[-32,-57],[-13,-59],[-35,-59],[-26,-90],[-57,-109],[37,-47],[-17,-78],[-57,-32],[-45,-6],[-61,-43],[-117,-122],[-80,35],[-47,6],[-113,73]],[[59870,51449],[-27,35],[-84,34],[-84,-48],[-58,6],[-31,19],[-55,70],[-53,35],[-90,15],[-84,-64],[-62,-35],[-82,-77],[-22,-66],[-50,-35],[-63,4],[-84,-40],[-150,-25],[-103,-70],[-39,-11],[-41,31],[-46,-19],[-136,37],[-59,24],[-126,-4],[-41,27],[-76,72],[-19,36],[2,86],[-64,22],[-80,2],[-39,36],[-20,40],[-46,43],[-100,-3],[-69,37],[-99,25],[-59,-31],[-126,-31],[-58,-50],[-76,3],[-35,-14],[-66,22],[-29,34],[-96,35],[-43,51],[-37,22],[6,49],[-21,41],[-21,193],[-109,42],[-38,-6],[-32,23],[-152,78],[-111,11],[-40,42],[-63,20],[-104,71],[-18,-59],[-33,-57],[-58,-31],[-27,-78],[-37,-21],[-18,-37],[-25,-134],[26,-48],[16,-77],[50,-41],[-6,-85],[-30,-83],[-50,-48],[-53,-13],[-47,-62],[-30,-4],[-45,56],[-97,13],[-38,-7],[-51,36],[-43,6],[-57,-26],[-92,-3],[-37,40],[-64,-8],[-52,73],[-21,123],[-232,18],[-32,64],[-33,0],[-31,-33],[-55,65],[-32,-60],[-79,-3],[-93,-82],[-65,-20],[-74,-71],[-27,-4],[-104,-53],[-5,-31],[-68,-30],[2,-68],[-52,-39],[-30,6],[-13,-35],[-35,-22],[-22,24],[-14,-33],[-40,14],[-88,-13],[-16,-72],[-37,-34],[-24,0]],[[54044,51206],[-99,-29]],[[53945,51177],[-18,48],[-57,39],[-28,61],[-40,45],[24,32],[-25,27],[-86,-99],[-42,0],[-8,18],[-114,27],[-16,-9],[-59,109],[-2,61],[-77,52],[-57,14],[-14,18],[-16,85],[-47,94],[-45,41],[-73,40],[-40,-2],[-28,-34],[-53,-2],[-53,-61],[-80,-6],[-34,21],[-94,-10],[-16,80],[-63,4],[11,82],[-33,0],[-18,33],[-45,-1],[-41,-35],[-5,-87],[-41,-13],[-48,-50],[-104,264],[-200,422],[-125,232],[-31,40],[-228,207],[-31,77],[47,-2],[37,109],[-69,-39],[-46,-9],[-123,-75],[-44,-6],[-13,-44],[-65,-53],[-44,-1],[-77,-65],[-21,-59],[-28,33],[-71,16],[-44,-16],[-54,-45],[-18,53],[23,78],[57,44],[6,41],[-19,9],[-47,-38],[-53,7],[-42,46],[-59,10],[-7,-51],[-37,-11],[-3,58],[-24,55],[-33,13],[-20,-38],[-135,-17],[-49,20],[19,142],[-56,195],[-35,65],[-51,-9],[-61,-44],[-40,14],[-49,40],[-50,18],[-104,12],[-53,-30],[-38,-38],[-65,-16],[8,-40],[-34,-34],[-50,-6],[-27,-26],[-297,-76],[-62,10],[-42,-28],[-46,2],[-49,-40],[-16,-55],[-46,12],[-56,-17],[-38,12],[-53,-14],[-40,-29],[-164,-35],[-23,-25],[-89,-13],[-27,-21],[-93,-3],[-22,-21],[-121,38],[-38,-32],[-6,-77],[-27,-49],[54,-26],[33,14],[25,-24],[-62,-28],[-6,-59],[93,-21],[72,-45],[14,-37],[-22,-23],[-116,19],[-71,-9],[-50,-83],[4,-65],[32,-64],[-8,-42],[-54,-48],[-50,-9],[-72,-55],[0,-32],[65,-43],[15,-45],[103,-42],[8,-16],[70,-19],[39,-43],[6,-35],[-39,-135],[-33,-32],[-58,-29],[-61,-12],[-71,15],[-35,48],[-32,-13],[-29,-80],[-58,-33],[-14,47],[-115,27],[-68,102],[-38,34],[-105,10],[-37,-61],[-43,-13],[-53,54],[-34,11],[-79,-31],[-26,14],[-70,-64],[-19,-49],[-51,-41],[-51,0],[-70,53],[-37,46],[-58,47],[-36,-19],[21,-105],[-11,-41],[-25,13],[-10,72],[-77,123],[-71,50],[-31,55],[-40,30],[-61,-7],[-94,7],[-48,73],[-66,-3],[-80,-69],[-53,-3],[-37,63],[-74,30],[-8,-20],[-103,-142],[-86,-58],[-65,-18],[-35,-85],[-104,-92],[-37,4],[15,-95],[29,-125],[-17,-32],[-66,-36],[-42,38],[-76,129],[-29,35],[-40,9],[-36,-48],[-6,-79],[-62,-75],[-20,-58],[-18,-121],[44,-62],[-1,-37],[-63,-108],[-19,-85],[11,-59],[69,-47],[23,-58],[-5,-66],[40,-76],[38,23],[127,-22],[89,-156],[82,-201],[-37,-24],[-34,21],[-19,-43],[20,-31],[125,-84]],[[46258,50166],[-30,-54],[-80,-38],[13,-61],[-53,5],[-66,-73],[-67,-27],[-26,8],[-13,-37],[-31,38],[10,-58],[-24,-40],[-4,-47],[-62,-175],[-16,21],[-10,-34],[-40,-46],[-10,-57],[9,-30],[55,-29],[41,-55],[27,-73],[20,-162],[21,103],[16,19],[-27,-138],[0,-107],[-10,-68],[50,-83],[4,-47],[19,-25],[82,-159],[31,-84],[38,-40]],[[46125,48513],[-36,-89],[-68,-53],[-39,-91],[-69,6],[-52,32],[-12,52],[-39,48],[-53,83],[-36,-4],[-28,33]],[[45693,48530],[-44,36],[-52,17],[-64,63],[18,99],[-33,22],[-44,-2],[-28,44],[-68,39],[-20,-51],[-25,43],[-28,6],[-111,-67],[-44,18],[9,48],[-46,36],[-94,53],[-20,38],[-47,28],[-39,-5],[-29,26],[-75,-13],[-95,11],[-45,42],[-55,15],[-88,58],[-26,-8],[-74,22],[-35,-55]],[[44391,49093],[-93,113],[-38,62],[-123,144],[-109,48],[-66,103],[-56,-10],[-33,24],[-42,87],[-52,36],[-59,20],[-7,22],[65,39],[-44,30],[29,20],[48,-46],[110,28],[-8,45],[12,57],[35,53],[18,75],[17,16],[13,-41],[21,59],[62,-2],[-84,112],[-33,4],[-29,85],[40,-7],[53,31],[55,-14],[-13,55],[73,34],[100,74],[-20,60],[-35,1],[-19,-35],[-76,-10],[43,41],[-38,-8],[-73,-54]],[[42733,52287],[-37,78],[1,81],[-10,97],[-56,81],[33,66],[50,2],[37,-35],[59,-6],[57,44],[9,22],[47,24],[-4,42],[-43,36],[-4,54],[-51,32],[-90,11],[17,70],[-9,20],[-78,52],[-45,94],[-22,15],[10,57],[-65,50],[6,48],[30,50],[-33,84],[17,44],[1,63],[-56,36],[-35,44],[-44,22],[-60,0],[-92,-60],[-26,37],[4,57],[-58,30],[-59,-29],[-46,55],[-57,-13],[-27,32]],[[42004,53774],[11,43],[-20,105],[-20,20],[-40,99],[-34,-8],[35,118],[-3,55],[-90,78]],[[41843,54284],[10,51],[28,49],[43,15],[-54,158],[9,61],[-21,109],[8,40],[59,78],[28,83],[51,35],[-28,41]],[[41976,55004],[1,88],[23,23],[41,-35],[37,58],[47,-16],[40,8],[40,63],[106,-16],[91,-30],[10,31],[-39,25],[-52,62],[-131,-1],[-86,67],[-31,61],[26,-18],[6,44],[-28,25],[-67,-40],[-77,-12]],[[41933,55391],[123,132],[170,144],[89,95],[177,214],[74,72],[71,90],[50,117],[-5,26],[-66,93],[-154,109],[-84,89],[42,21],[59,80],[-3,79],[-77,48],[-24,70],[27,32],[-10,45],[-58,14],[-36,60],[41,52],[0,35],[-36,7],[38,127],[-21,21],[77,21],[-2,39],[-37,112],[-47,68],[-42,94],[-75,117],[-1,44],[98,130],[75,82],[7,52],[-32,24],[-96,114],[-133,47],[-43,110],[57,104],[-10,34],[-59,15],[112,43]],[[42169,58513],[49,28],[36,74],[122,34],[47,89],[79,-37],[49,2],[2,90]],[[42553,58793],[118,-34],[67,46],[49,7],[-9,44],[117,-54],[76,-20],[11,-47],[-49,-7],[-116,25],[-18,-15],[58,-57],[130,-12],[-8,-29],[81,28],[16,-24],[-27,-83],[22,-8],[50,66],[110,1],[128,-31],[86,17],[115,-30],[377,-184],[142,-124],[81,-11],[148,-94],[52,-4],[-16,38],[128,-122],[118,-43],[34,-165],[46,-21],[-17,-108],[-18,-33],[-134,-140],[-85,-54],[-164,-61],[-180,-25],[-155,24],[-68,35],[-105,25],[-80,3],[-174,35],[-139,79],[-69,-22],[-6,37],[-196,41],[-67,30],[-61,65],[17,24],[-107,24],[-102,3],[62,-17],[60,-41],[-7,-32],[93,-78],[51,-9],[8,-54],[88,-33],[-59,-42],[151,-38],[58,-36],[78,-97],[-34,-130],[-42,-42],[53,-84],[27,-67],[13,-157],[34,-44],[80,-34],[43,11],[101,-69],[44,-69],[217,-70],[39,30],[67,20],[21,29],[-24,108],[-43,28],[-62,-8],[-50,12],[-132,162],[1,34],[51,17],[19,69],[52,8],[79,-32],[97,-84],[81,-8],[26,-25],[103,-28],[104,-53],[39,2],[18,42],[42,30],[78,3],[-33,80],[-28,24],[-69,106],[3,91],[104,57],[73,78],[78,21],[80,37],[62,51],[86,95],[79,-35],[128,-3],[85,-61],[-23,-47],[61,7],[53,-49],[-2,84],[79,160],[-17,123],[-23,35],[-88,32],[-14,25],[89,272],[-11,122],[-155,104],[14,26],[116,-48],[208,11],[164,-36],[160,-188],[1,-45],[-234,-33],[-119,-103],[0,-47],[126,-61],[38,-72],[47,-50],[103,-19],[202,47],[32,17],[23,110],[28,66],[-7,48],[203,54],[-37,53],[93,-2],[156,72],[184,105],[100,19],[133,50],[59,-29],[7,-44],[81,53],[-35,40],[-42,6],[69,45],[226,97],[139,-1],[-125,-24],[20,-30],[-43,-78],[35,-73],[-119,-34],[-17,-28],[143,-14],[120,16],[60,-26],[13,64],[100,71],[126,30],[116,-11],[103,-24],[211,123],[178,43],[11,-40],[52,-58],[-52,-45],[-2,-64],[101,-34],[60,26],[-1,105],[120,8],[90,95],[-15,58],[-40,-12],[-99,176],[170,96],[153,-32],[173,-8],[148,-25],[167,-51],[81,-37],[89,-61],[142,-50],[15,-21],[122,-47],[118,-28],[30,-44],[117,-88],[130,-73],[26,12],[66,81],[63,141],[-76,-12],[-45,18],[-86,99],[-22,90],[-190,78],[-34,-51],[-19,39],[25,130],[63,35],[-19,41],[28,191],[-28,36],[-65,-15],[-31,38],[36,60],[-42,7],[56,74],[126,47],[147,100],[68,122],[87,241],[71,105],[52,-21],[204,-3],[170,9],[87,-35],[104,-10],[74,-37],[-12,-128],[-26,-97],[-70,-141],[-74,-55],[-9,-33],[43,-55],[101,-58],[31,-120],[-7,-135],[-46,-67],[12,-38],[17,-253],[-18,-148],[10,-42],[48,-56],[148,-89],[-16,-53],[-66,-91],[2,-117],[-41,-62],[-71,-40],[-151,-213],[-36,-25],[-61,8],[37,-74],[-123,-78],[-43,-11],[-69,31],[62,52],[-83,-22],[-81,59],[-28,-11],[-106,5],[-41,-15],[37,-77],[231,-87],[162,9],[85,-12],[71,-32],[82,31],[19,84],[187,91],[91,69],[57,154],[121,104],[19,26],[-6,113],[-71,128],[38,121],[110,41],[199,42],[71,1],[55,-74],[76,-67],[26,-46],[2,-195],[-15,-60],[101,-69],[63,-11],[189,11],[-269,60],[-11,94],[26,67],[67,25],[-18,82],[-52,155],[-333,122],[-117,2],[-74,-45],[-48,-10],[-91,20],[-78,-11],[-41,31],[23,81],[-66,106],[54,173],[104,148],[-7,27],[-117,153],[-45,72],[-85,67],[118,147],[129,41],[138,69],[21,102],[-18,73],[-45,71],[74,15],[44,-21],[47,-79],[28,-105],[-100,-178],[52,-58],[-45,-83],[10,-32],[157,-46],[299,-18],[96,-67],[93,-28],[84,9],[28,25],[-100,-3],[-75,100],[-62,21],[-86,-4],[-236,104],[-56,116],[78,35],[91,10],[137,-70],[46,-2],[92,42],[-44,52],[-106,-8],[-4,45],[100,50],[104,24],[190,-5],[107,-58],[163,-49],[19,-44],[132,-83],[115,-14],[94,19],[89,-4],[50,-29],[-64,-92],[-120,-58],[-17,-97],[20,-70],[-35,-77],[19,-20],[67,127],[56,24],[37,-51],[-4,-86],[-23,-64],[-47,-70],[35,-42],[45,-4],[-1,68],[85,25],[48,74],[-32,81],[-86,124],[85,181],[-7,33],[-68,70],[-112,18],[-66,54],[-27,61],[-79,33],[-103,12],[-92,47],[-34,83],[37,87],[-67,50],[-22,100],[37,78],[249,33],[349,3],[240,35],[144,-10],[33,32],[197,27],[89,-26],[-134,-75],[-109,-47],[-2,-61],[174,-81],[-143,88],[-6,41],[88,41],[150,17],[91,72],[-73,25],[-129,134],[-115,27],[37,39],[97,-3],[47,-33],[67,15],[-107,58],[-183,45],[83,63],[91,-49],[42,13],[112,82],[10,27],[-106,20],[46,45],[101,-23],[331,126],[58,-5],[119,49],[261,22],[74,27],[344,48],[122,39],[-151,-22],[-46,22],[-58,-18],[16,60],[136,-7],[188,36],[158,-5],[144,-21],[-85,-70],[173,42],[-3,-42],[437,129],[182,-49],[42,-30],[-33,-80],[49,44],[-5,76],[-42,38],[-164,89],[306,-1],[105,17],[153,-32],[17,17],[-153,27],[35,54],[-36,43],[14,62],[106,77],[326,157],[87,2],[91,36],[162,-28],[30,-22],[188,-38],[33,-37],[-136,-56],[-239,-50],[292,0],[13,-37],[126,17],[122,-5],[99,-39],[-160,-130],[-46,-23],[84,-12],[161,11],[56,22],[25,55],[271,11],[123,-13],[99,17],[130,-13],[136,-44],[62,-46],[106,-35],[36,-94],[50,-5],[-12,46],[58,4],[58,-132],[62,-13],[-50,-97],[-200,89],[66,-97],[41,18],[114,-62],[-23,-58],[-139,-103],[-147,-59],[-66,-42],[-115,-30],[-82,-41],[-104,-30],[-30,-32],[-78,-21],[-6,-56],[-148,-50],[-177,-125],[-88,-25],[-99,-2],[-120,-107],[-99,-8],[-103,-128],[-108,-67],[114,22],[72,41],[83,70],[128,14],[129,-2],[122,51],[149,25],[48,40],[106,-5],[204,95],[-29,18],[-67,-20],[-129,-1],[-17,28],[41,48],[79,32],[160,-29],[15,42],[85,-9],[-65,-22],[35,-52],[151,-43],[130,13],[29,33],[-21,47],[70,-46],[48,-70],[-53,-69],[68,-42],[-4,-110],[-70,-80],[38,-63],[80,-1],[-100,55],[66,92],[3,65],[66,42],[-75,59],[111,29],[152,8],[105,35],[234,-9],[164,-29],[230,-3],[99,-40],[-97,-6],[-6,-80],[107,-48],[160,-51],[171,1],[80,-16],[180,8],[29,-23],[146,3],[-28,45],[110,-27],[93,88],[-48,57],[-16,68],[38,49],[61,-15],[120,48],[82,-16],[166,-71],[-4,-27],[132,37],[1,-47],[59,-31],[97,78],[143,-24],[232,-107],[33,-54],[-92,-55],[85,-8],[47,-62],[-88,-44],[-80,-18],[141,-18],[59,-63],[-25,-82],[-71,-5],[-93,61],[-135,70],[8,-47],[104,-81],[111,-122],[61,59],[50,-65],[-124,-28],[58,-26],[127,-174],[105,-64],[78,-21],[33,17],[13,-48],[53,-23],[81,58],[70,111],[65,162],[86,105],[23,-47],[133,-113],[136,-42],[121,3],[65,47],[174,43],[105,-22],[183,-78],[126,-83],[-19,34],[95,37],[-80,21],[40,67],[82,-1],[30,26],[109,-69],[156,17],[-58,77],[5,67],[-73,25],[57,17],[41,56],[58,22],[-104,6],[-89,-23],[-7,61],[93,61],[171,-1],[127,35],[-75,111],[121,-12],[43,-25],[109,-25],[294,-8],[397,-58],[155,-36],[-4,-34],[-294,11],[-38,-28],[-85,-17],[61,-31],[115,31],[314,16],[43,-24],[-82,-74],[-80,-33],[45,70],[-105,26],[10,-98],[-71,-19],[-57,14],[-27,-64],[40,-21],[125,19],[113,64],[106,102],[75,47],[230,-5],[222,-55],[93,-63],[-17,-55],[-168,-17],[-16,-39],[107,-10],[113,-56],[109,3],[14,-24],[-86,-69],[146,42],[124,-35],[103,-97],[-66,-15],[150,-54],[260,17],[249,56],[114,2],[61,21],[313,-8],[119,-13],[134,-38],[131,-53],[76,-52],[37,-53],[19,-72],[-56,-162],[21,-31],[183,-48],[35,-18],[25,-187],[62,-71],[-43,-92],[-55,-43],[50,9],[53,96],[40,30],[-17,109],[11,66],[83,61],[86,38],[167,24],[60,-8],[133,10],[72,-41],[252,-9],[44,-14],[182,-17],[150,88],[65,-15],[41,-45],[31,-112],[203,-71],[60,-108],[188,15],[92,81],[0,33],[-57,93],[-26,72],[-85,16],[69,84],[-4,92],[154,-11],[146,-28],[119,-12],[144,-53],[33,45],[103,-26],[272,-6],[92,17],[72,-16],[164,-79],[95,-13],[109,-43],[185,-40],[20,-33],[65,-13],[147,-102],[0,-1441],[-35,-12],[-76,-78],[-61,-15],[-127,-66],[-47,26],[-108,16],[-115,109],[-60,25],[-48,-27],[79,-3],[38,-51],[-32,-27],[-47,23],[-82,2],[-74,39],[-56,-43],[-78,-22],[-60,-3],[-111,-34],[111,23],[117,13],[76,45],[39,-23],[21,-50],[-43,-44],[74,35],[45,-21],[133,55],[16,-14],[-7,-107],[51,-52],[54,-30],[36,5],[20,47],[50,-87],[-6,-43],[41,-17],[16,-109],[-59,-23],[71,-24],[48,-95],[61,-34],[15,-41],[-29,-26],[50,-53],[12,-65],[-79,-80],[-11,-55],[-223,84],[-146,19],[9,67],[-64,-2],[-12,-31],[40,-48],[-92,-21],[-76,-58],[-214,-90],[-15,-25],[-96,-32],[-41,-46],[-76,-10],[-64,-43],[-40,14],[-99,-114],[-56,23],[11,-58],[-36,1],[-29,-46],[-38,-8],[-1,-39],[-66,-54],[-68,-26],[-48,-44],[-109,-74],[-69,-33],[-52,-172],[-74,37],[-20,56],[-54,81],[-79,58],[-112,-13],[-108,5],[-184,-62],[-53,-37],[-127,-160],[-30,-8],[-10,48],[44,186],[-35,-2],[-48,-45],[-132,-82],[-41,-13],[-13,-88],[-33,-7],[-38,57],[-59,23],[-53,-59],[4,32],[-71,20],[-75,-75],[-28,-116],[1,-80],[-38,-63],[-30,-7],[13,-34],[-111,-115],[-63,-96],[-36,-136],[16,-59],[31,-32],[55,-24],[11,51],[40,16],[86,-40],[14,-56],[-22,-45],[-66,-76],[5,-201],[24,-33],[67,-12],[-2,-46],[18,-122],[-58,-69],[-42,8],[-43,61],[83,107],[-74,-12],[-37,-34],[8,-51],[-89,-63],[-63,-160],[-9,-109],[19,-80],[52,-93],[5,-50],[-77,-80],[-87,-5],[-33,29],[-72,-21],[-52,-41],[-89,-89],[-31,-66],[-15,-83],[22,-85],[-12,-63],[21,-39],[5,-54],[-51,37],[-38,3],[-127,-70],[-42,-51],[-37,52],[-26,-34],[35,-31],[-26,-91],[-3,-118],[-27,-79],[-46,-103],[-56,-76],[-59,-46],[-8,-26],[-59,-72],[-91,-90],[-16,95],[-25,31],[-9,61],[-2,161],[-26,219],[-27,43],[-24,88],[-2,52],[-39,339],[-40,218],[-18,127],[-13,178],[33,266],[53,229],[17,32],[94,88],[40,48],[50,116],[-6,55],[-31,49],[39,30],[46,-20],[48,9],[43,81],[62,-13],[48,15],[96,94],[71,52],[112,140],[51,119],[102,98],[40,57],[62,29],[73,81],[47,66],[61,46],[50,99],[53,43],[91,45],[52,45],[77,7],[72,43],[-32,40],[13,31],[56,48],[22,38],[-40,43],[16,66],[27,26],[11,123],[27,91],[79,65],[106,-21],[59,13],[-4,17],[-122,28],[-45,39],[-63,8],[-187,-54],[-6,-66],[-28,-41],[-6,-77],[-25,-95],[50,-34],[-53,-57],[-28,59],[-31,-20],[-62,4],[-41,-45],[-233,-212],[-54,-77],[-58,-5],[-62,-38],[11,71],[31,72],[-40,8],[-61,-39],[-18,5],[32,64],[-14,60],[57,90],[31,94],[-27,40],[-127,-67],[-52,72],[-44,3],[-107,-41],[-43,5],[-53,-26],[-122,16],[-77,-45],[-82,-72],[-10,-76],[-116,-102],[-41,-81],[-86,-83],[-92,-64],[-79,-104],[-28,-77],[-30,-19],[-4,-64],[-24,-48],[41,-17],[46,21],[78,-33],[40,-33],[-2,-63],[-68,-1],[-24,-17],[-49,28],[-43,-40],[-48,-12],[-63,55],[-68,-4],[-17,-45],[-40,-3],[-39,-53],[-62,5],[-35,27],[-48,-11],[-16,-32],[-77,-16],[-76,3],[-42,77],[78,30],[98,-2],[54,24],[-31,24],[-62,12],[-63,74],[-64,22],[-38,-4],[-24,-36],[-50,12],[11,18],[-207,79],[-44,-4],[-73,-48],[29,-52],[-57,-5],[-26,21],[-10,-58],[44,-2],[-10,-32],[-85,-7],[-48,56],[-77,-10],[-72,-44],[-96,36],[-48,3],[-54,31],[-18,-10],[-35,-77],[-69,-9],[-35,65],[-41,15],[-216,-14],[-124,13],[-70,-25],[-67,10],[-123,-48],[-112,-89],[-55,-93],[-82,-80],[-73,-41],[-61,-76],[-48,-146],[-89,-47],[-29,-50],[-49,-35],[-35,-46],[-53,-25],[-44,-64],[-61,-45],[-90,-124],[-29,-72],[-77,-108],[-62,-61],[-119,-103],[-67,-43],[-58,-83],[-85,-70],[-43,-18],[-56,-62],[-1,-78],[120,-55],[78,12],[113,2],[-6,-98],[-17,-156],[7,-47],[34,13],[54,-6],[21,75],[-33,38],[57,56],[58,1],[-31,-47],[-35,-20],[57,-48],[43,-9],[-38,-30],[-26,-58],[-60,-47],[22,-15],[83,8],[43,16],[61,45],[25,67],[38,14],[0,-47],[-64,-109],[40,5],[43,77],[12,110],[-5,101],[83,-37],[43,-9],[78,31],[95,-83],[34,-88],[69,-80],[64,-37],[43,-59],[31,-16],[6,-40],[-45,-62],[-59,28],[-2,-19],[42,-52],[35,-21],[-3,-107],[-22,-42],[7,-25],[64,-70],[-20,-44],[-4,-51],[-48,-70],[-40,-40],[-19,-76],[-30,-67],[-4,-66],[-30,-93],[-9,-93],[12,-153],[18,-18],[-33,-63],[11,-116],[-42,-199],[14,-33],[-31,-71],[-10,-91],[-35,-74],[-126,-161],[-75,-185],[-84,-120],[-39,-115],[-11,-74],[-26,-30],[-21,-78],[-68,-118],[-17,-41],[-52,-66],[-57,-90],[-69,-82],[-69,-128],[-42,-58],[-22,-65],[-54,-43],[-69,-147],[-10,-51],[-45,-55],[-26,-59],[-89,-86],[-108,-91],[-30,-35],[-60,-44],[-25,0],[-86,-48],[-33,40],[-27,-5],[-31,30],[-46,13],[-36,-10],[6,131],[-5,27],[-56,-71],[-33,-9],[29,68],[-44,-9],[-56,-95],[-25,-64],[-47,-73],[-91,12],[25,-49],[-29,-82]],[[64006,53390],[-25,-63],[-69,10],[57,51],[37,2]],[[66712,54832],[-24,13],[40,39],[12,-24],[-28,-28]],[[60592,60010],[-95,-17],[-30,30],[88,11],[37,-24]],[[57769,61892],[37,50],[53,-28],[-90,-22]],[[55868,61154],[5,57],[36,-19],[-41,-38]],[[51813,60141],[-106,11],[4,29],[102,-40]],[[53810,60706],[95,-15],[-40,-41],[-108,8],[-12,32],[65,16]],[[48293,63033],[-120,3],[72,31],[48,-34]],[[41,58483],[66,-10],[38,-32],[82,-27],[37,-76],[120,-45],[8,-59],[53,27],[-92,75],[170,-109],[416,-208],[23,-86],[-29,-32],[75,29],[31,-33],[-18,-94],[32,-65],[2,-48],[-31,-60],[85,-31],[22,-71],[63,47],[4,-89],[58,75],[-92,73],[46,54],[-17,60],[-73,59],[114,1],[41,14],[106,-28],[-39,-80],[35,5],[-10,38],[118,-16],[12,20],[-86,32],[148,-37],[97,-12],[87,-94],[88,-54],[92,-77],[45,-18],[1,-38],[94,-9],[-11,-53],[-66,3],[-77,-52],[-4,-77],[-21,-13],[-92,27],[-67,36],[80,-90],[-32,-17],[-51,11],[-89,-13],[-76,31],[-31,33],[-70,4],[46,-26],[70,-68],[-20,-55],[-71,-10],[76,-16],[14,-58],[-76,-52],[-82,-11],[40,-32],[-20,-59],[83,-32],[17,-48],[-68,0],[-42,35],[7,-51],[-19,-26],[-54,-3],[-20,24],[9,68],[-55,-64],[-80,30],[-64,70],[-145,65],[-73,-5],[-92,77],[-14,126],[-35,43],[-194,53],[-87,-41],[-166,-6],[-39,19],[0,75],[-35,20],[-53,87],[39,-7],[32,68],[12,75],[-78,-82],[-38,19],[-1,42],[-47,-21],[3,-46],[-59,-13],[-13,21],[-20,-61],[11,-79],[73,-61],[3,-45],[-71,-121],[-60,-44],[0,90],[0,90],[0,90],[0,90],[0,90],[0,90],[0,90],[0,90],[0,90],[0,90],[0,91],[0,90],[0,90],[0,90],[0,90],[0,90],[41,-16]],[[45897,62867],[203,-18],[48,-63],[-219,39],[-60,-49],[-126,-17],[-108,-42],[-35,45],[-66,-12],[-149,27],[45,15],[337,38],[130,37]],[[46469,62894],[106,-5],[182,-83],[-150,-55],[-225,-15],[-52,-45],[-139,-3],[16,-76],[-80,12],[-39,-36],[-152,6],[69,37],[-199,-11],[-70,43],[204,74],[151,25],[138,-20],[32,113],[208,39]],[[49998,61168],[-128,-48],[-171,-45],[-407,-97],[-122,-19],[-322,-89],[-91,-40],[-52,-1],[-141,-96],[-84,-31],[53,-24],[-105,-59],[-48,0],[-30,-48],[-72,29],[-28,-69],[-114,-3],[26,-77],[-45,-59],[-136,-42],[21,-60],[-24,-30],[-93,17],[50,-58],[-82,-57],[-34,-50],[-108,-26],[-178,22],[-109,36],[-143,-38],[-19,70],[-89,83],[126,62],[51,9],[141,169],[149,23],[-100,54],[67,62],[118,59],[-101,17],[-38,45],[45,25],[108,-35],[62,54],[-14,31],[57,20],[104,-16],[92,119],[166,70],[233,48],[49,41],[133,-9],[53,77],[118,4],[138,-23],[101,3],[112,27],[189,25],[98,39],[184,47],[41,49],[154,66],[143,30],[192,-27],[78,-53],[5,-80],[-148,-106],[-81,-17]],[[47487,60090],[165,-19],[59,-20],[-49,-62],[-21,-90],[-73,-8],[-21,-62],[-53,-49],[33,-90],[-45,-105],[35,-24],[29,-66],[87,-127],[83,-88],[89,-66],[147,-73],[-97,-51],[-100,21],[-28,30],[-50,-5],[60,-45],[-25,-11],[-59,35],[-70,-16],[-22,29],[-219,-5],[-54,24],[-192,47],[47,15],[-6,51],[50,27],[65,0],[-151,79],[-9,74],[-92,-17],[-99,15],[-122,-16],[-45,29],[-30,76],[29,108],[61,30],[74,-8],[74,63],[60,135],[-78,25],[57,51],[112,15],[-34,85],[112,54],[68,-6],[144,40],[104,-29]],[[55802,62948],[46,-43],[218,-59],[5,-37],[-128,-16],[-40,-43],[79,-79],[-49,-30],[-527,-42],[-139,-43],[-337,62],[-114,34],[-23,32],[75,44],[137,21],[139,95],[-136,-4],[96,76],[312,47],[110,57],[130,4],[146,-76]],[[56034,62611],[69,-50],[-79,-64],[5,-33],[84,52],[42,-10],[65,66],[141,-13],[155,-89],[-57,-54],[-20,-112],[-129,-12],[156,-72],[23,-50],[-99,-46],[-207,-18],[-173,15],[-151,58],[-204,6],[-54,36],[-149,-5],[-115,117],[-232,34],[67,50],[172,73],[19,41],[129,57],[288,3],[254,20]],[[57085,62278],[-95,-154],[109,81],[171,34],[122,-63],[46,-52],[104,-6],[33,-117],[-97,-55],[-224,-34],[-508,-25],[-226,-80],[-118,1],[-43,23],[148,110],[54,125],[67,44],[52,-5],[5,72],[60,83],[126,61],[87,-42],[6,64],[102,-14],[19,-51]],[[64585,61018],[69,-12],[21,-39],[65,-22],[26,25],[17,107],[92,54],[52,-11],[145,-75],[146,-33],[101,18],[317,-102],[-107,-81],[32,-35],[-96,-62],[-79,-21],[-171,27],[-89,81],[1,76],[54,43],[-91,22],[-94,-22],[13,-75],[94,-119],[103,-60],[-132,-55],[-98,62],[-347,-53],[-103,43],[-30,-6],[-57,-96],[-46,-11],[-203,52],[-82,78],[-94,42],[-48,89],[62,-6],[-4,147],[88,4],[-41,55],[25,29],[117,47],[144,30],[38,-32],[128,-58],[62,-45]],[[65946,60849],[142,26],[189,-10],[8,-52],[329,-20],[86,-44],[59,21],[-35,-78],[-64,-28],[-148,-35],[-111,0],[-193,20],[-94,49],[-97,14],[-89,43],[-112,31],[22,72],[56,69],[43,-26],[9,-52]],[[72417,59177],[-47,81],[53,68],[133,80],[91,33],[0,-201],[-71,-34],[-100,-7],[-59,-20]],[[65132,53131],[44,-94],[-12,-127],[62,-183],[20,-123],[0,-129],[-31,-97],[-3,-98],[28,-124],[5,-60],[27,-41],[16,-83],[41,-272],[16,-82],[47,-143],[31,-127],[14,-88],[32,-95],[52,-67],[5,-85],[-18,65],[-100,145],[-32,24],[-48,14],[-70,-8],[-56,-34],[-107,-415],[-4,-123],[23,-74],[39,-53],[29,-62],[17,-82],[25,-76],[55,-15],[19,-144],[-30,-123],[-16,165],[-15,31],[-91,17],[-28,38],[-23,-3],[-34,-54],[-40,-171],[-27,-64],[-23,36],[-27,161],[8,89],[35,164],[-16,165],[44,157],[-9,102],[-48,134],[-6,35],[31,121],[24,180],[3,239],[-17,109],[6,96],[22,82],[-1,83],[-40,109],[-57,80],[17,19],[-28,53],[-2,125],[29,104],[14,178],[-10,111],[29,43],[35,14],[36,-33],[42,15],[5,76],[31,89],[-7,27],[-68,115],[44,-1],[29,51],[13,-8]],[[227,59453],[105,-17],[166,-98],[2,-36],[-60,-36],[-340,-53],[-100,25],[0,201],[62,15],[165,-1]],[[43551,57100],[-7,-75],[-51,64],[58,11]],[[46999,59375],[61,-75],[-37,-71],[-57,78],[-99,39],[53,37],[79,-8]],[[70233,53193],[9,-19],[-120,104],[-9,23],[89,-61],[31,-47]],[[68756,59176],[-43,-1],[-11,42],[54,-41]],[[68907,58469],[-1,34],[-66,43],[-5,132],[80,62],[23,-17],[-16,-57],[-38,-25],[8,-97],[25,-50],[-10,-25]],[[66422,61323],[-152,-4],[65,36],[138,13],[-51,-45]],[[64163,59428],[-50,-31],[-127,29],[41,28],[108,3],[28,-29]],[[58056,61865],[-43,-27],[-215,30],[220,18],[38,-21]],[[59021,61309],[11,-63],[-105,68],[94,-5]],[[55803,61183],[-46,-58],[-200,35],[14,27],[232,-4]],[[55754,61458],[-87,-19],[-118,17],[254,68],[-49,-66]],[[54387,61518],[-75,14],[96,31],[-21,-45]],[[51390,59930],[-113,55],[62,40],[112,-25],[-45,-11],[-16,-59]],[[51560,60145],[13,31],[97,3],[-45,-33],[-65,-1]],[[53183,60371],[-27,-12],[-120,19],[67,23],[80,-30]],[[49914,58700],[-17,-32],[-48,15],[39,34],[26,-17]],[[50453,57586],[-74,23],[-30,68],[116,-20],[-12,-71]],[[46424,62580],[-100,31],[66,26],[88,-21],[-54,-36]],[[46698,62532],[-193,-7],[-73,20],[170,42],[96,-55]],[[46565,62938],[-77,28],[70,17],[7,-45]],[[47304,62726],[-121,2],[13,47],[108,-49]],[[48369,62536],[-73,-12],[-77,44],[120,28],[74,-46],[-44,-14]],[[48153,62936],[48,-97],[-186,5],[-146,83],[169,37],[115,-28]],[[46467,58573],[-20,-54],[-15,32],[-94,-98],[-90,-30],[-104,-16],[-46,26],[-32,87],[8,84],[63,61],[65,27],[55,1],[190,-93],[20,-27]],[[49112,62810],[-172,45],[120,53],[198,12],[43,65],[99,8],[117,-52],[12,-46],[-180,-65],[-237,-20]],[[48019,62598],[-114,6],[-64,130],[284,-10],[156,-45],[-173,-9],[-89,-72]],[[48869,62860],[-19,-80],[-79,-12],[-128,-61],[-156,27],[-126,-23],[-70,33],[58,109],[180,-5],[225,33],[115,-21]],[[48662,62902],[-219,13],[107,38],[175,6],[-63,-57]],[[47124,62621],[-134,-5],[-130,34],[129,51],[96,0],[106,-50],[-67,-30]],[[47842,62682],[0,-95],[-274,4],[61,87],[213,4]],[[47989,63121],[153,-47],[-143,-18],[32,-42],[-114,-44],[-127,38],[-62,-23],[-161,5],[-51,45],[140,-3],[188,88],[145,1]],[[47366,62963],[151,-35],[141,3],[308,-87],[-177,-47],[-223,-10],[-120,42],[-91,-5],[-121,28],[132,111]],[[49168,63145],[-154,-1],[-158,26],[139,15],[185,-12],[-12,-28]],[[48087,63184],[-32,41],[227,10],[19,-35],[-214,-16]],[[55027,62437],[-107,-1],[-208,82],[61,53],[151,-2],[329,-52],[-41,-32],[-185,-48]],[[54802,62972],[-70,-28],[-252,18],[19,37],[284,-11],[19,-16]],[[64779,60345],[-102,-30],[-65,31],[-16,67],[61,30],[89,2],[51,-39],[-18,-61]],[[65016,60306],[92,-34],[142,-86],[30,-119],[-60,-9],[-172,12],[-151,21],[-188,52],[-128,-33],[-69,23],[140,22],[43,30],[99,110],[171,18],[51,-7]],[[63758,60863],[-101,-7],[50,168],[95,-88],[-44,-73]],[[63808,60313],[-30,6],[-131,100],[46,7],[127,-87],[-12,-26]],[[64160,53388],[53,-22],[-22,-16],[-21,-62],[-67,-62],[-40,81],[-46,-31],[69,150],[74,-38]],[[70468,58719],[-58,-4],[-114,34],[-113,64],[82,63],[33,3],[205,-49],[-35,-111]],[[69345,54679],[-33,-34],[-9,25],[30,23],[30,58],[7,80],[89,30],[75,46],[18,-92],[-10,-32],[-67,-17],[-65,-35],[-65,-52]],[[69953,53294],[-1,-53],[-37,49],[-28,14],[-41,61],[-26,59],[-48,38],[36,21],[69,-15],[-5,-54],[31,-58],[50,-62]],[[67564,51261],[-40,-7],[0,32],[43,98],[15,-6],[-20,-60],[2,-57]],[[67886,51756],[-48,27],[42,48],[22,-7],[-16,-68]],[[67788,51625],[-26,-37],[-56,-21],[-24,-38],[-31,20],[-5,74],[44,27],[49,11],[42,104],[42,33],[6,-37],[-16,-81],[-25,-55]],[[67417,51069],[9,42],[20,-5],[-29,-37]],[[67732,51816],[-36,34],[35,-1],[1,-33]],[[66997,50372],[-38,-40],[-20,24],[30,6],[61,89],[25,11],[-58,-90]],[[66530,49910],[-48,-18],[44,91],[26,13],[33,54],[78,70],[42,-1],[-65,-73],[-8,-29],[-62,-55],[-40,-52]],[[66310,49791],[-68,-37],[-70,-84],[-52,-4],[-19,-53],[-51,-58],[-20,-45],[-22,-9],[-41,-46],[15,59],[34,36],[21,71],[38,33],[25,43],[66,60],[16,56],[19,-43],[54,8],[58,74],[40,10],[-4,-69],[-39,-2]],[[65930,49212],[-19,25],[41,18],[15,-21],[-37,-22]],[[65828,49489],[30,-27],[42,6],[-54,-59],[-37,-13],[-40,-52],[-30,-60],[-36,-35],[-7,-66],[-23,26],[4,49],[42,48],[55,100],[35,84],[19,-1]],[[59205,60492],[-26,-47],[-96,-65],[-119,19],[-111,46],[-28,30],[76,4],[41,68],[242,-40],[21,-15]],[[51710,62424],[225,-35],[46,-20],[-190,-3],[-100,31],[19,27]],[[52473,62865],[-188,-14],[24,55],[245,-12],[-81,-29]],[[50585,60012],[-127,-22],[-25,18],[15,101],[31,31],[160,26],[59,-24],[72,-61],[7,-40],[-192,-29]],[[51990,59716],[-147,2],[-1,25],[137,98],[141,-29],[17,-26],[-147,-70]],[[52367,59874],[-126,11],[-45,52],[103,74],[76,-64],[-8,-73]],[[52906,60867],[-39,-63],[-97,44],[83,48],[53,-29]],[[48522,58849],[-2,-77],[-45,-14],[-129,19],[-15,47],[-72,20],[-39,-11],[-55,59],[-42,79],[65,61],[43,12],[127,-99],[164,-96]],[[40553,53456],[-74,-109],[60,-27],[60,10],[10,121]],[[40609,53451],[31,4],[33,-30],[105,-48],[100,-2],[53,-81],[-31,-127],[18,-50]],[[40918,53117],[-121,1],[-396,22],[-121,15]],[[40280,53155],[31,31],[37,76],[6,63],[85,11],[25,16],[77,107]],[[40541,53459],[12,-3]],[[42318,49770],[-14,-104],[-16,-50],[-103,-31],[0,62],[-13,24],[-18,-27],[7,-40],[-24,-90],[9,-22],[-42,-77],[3,-115],[-15,-89]],[[42092,49211],[-33,0],[-75,30],[-34,60],[-92,13],[-68,54],[-121,-31],[-55,-28],[-57,-51],[-23,-38],[-65,-35],[-68,6],[-147,39],[-42,-11],[-55,9],[-84,24],[-63,8],[-62,-15],[-10,42],[33,48],[-66,58]],[[40408,50082],[54,21],[21,-12],[45,46],[41,-6],[46,63],[11,72],[36,35],[-1,32],[59,128],[17,61],[25,33],[1,41],[59,82],[78,26],[40,54]],[[41695,50873],[34,-1],[39,-37],[35,-72],[37,-118],[56,-110],[48,-83],[44,-50],[34,-124],[1,-70],[-25,-115],[-4,-61],[12,-120],[-17,-18],[28,-54]],[[46576,42237],[8,37],[-14,106],[-3,98],[22,62],[27,136],[21,36],[31,27],[26,-52],[31,-40],[6,-45],[-18,-94],[24,-139],[-3,-67],[-32,-109],[-33,-23]],[[34829,46796],[-18,-4],[-68,-60],[-61,27],[-93,16],[-81,-33],[37,147],[4,111],[-17,83],[15,83],[-16,97],[43,-9],[-26,35],[-84,-26],[-7,77],[31,15],[24,39],[5,78],[-37,-100],[-45,-17],[-23,12],[12,140],[12,51],[-4,33],[45,75],[63,211],[-10,23],[23,157],[18,54],[6,102],[-17,94],[-15,135],[-13,66],[20,40]],[[32854,45210],[28,-19],[25,9],[48,-31],[-29,-40],[-37,5],[-31,22],[-14,32],[10,22]],[[31273,46716],[-27,-7],[16,30],[11,-23]],[[30040,47616],[-29,-5],[4,38],[25,-6],[0,-27]],[[30860,47335],[-46,6],[-17,39],[26,14],[44,-23],[-7,-36]],[[30718,47303],[-10,-5],[-73,41],[-25,33],[108,-69]],[[30544,47291],[-41,27],[29,15],[12,-42]],[[30643,47265],[17,-15],[-33,-10],[-46,9],[-11,53],[22,0],[51,-37]],[[31148,47040],[94,-1],[-14,-38],[-38,-7],[-60,17],[-20,23],[10,32],[28,-26]],[[40124,51334],[-5,38],[-43,53],[-7,44],[-52,13],[-55,45],[-31,-23],[-58,68],[24,13],[2,39],[-61,-17],[-53,46],[-55,18],[22,-70],[-63,-51],[-94,120],[42,55],[-28,30],[-55,-16],[-56,47],[-76,26],[-19,54],[-54,21],[-2,-47],[-35,-10]],[[39312,51830],[31,87],[11,58],[-23,77],[-36,22],[3,38],[-28,76],[31,92],[-10,46],[-30,56],[13,62],[-22,43],[-52,51],[-23,55],[46,63],[9,66],[-31,164]],[[39201,52886],[65,-33],[-5,68],[-69,17]],[[39192,52938],[-1,29]],[[39191,52967],[35,-9],[67,34],[239,87],[58,13],[75,97],[66,16],[76,49],[117,32],[97,8],[88,-57],[8,-18],[-73,41],[47,-116],[62,-30],[87,14],[40,27]],[[40918,53117],[50,-3],[88,-76],[7,-75]],[[41063,52963],[23,-125],[38,-121],[20,-89],[6,-95],[-15,-39],[-73,-41],[-56,-79],[-1,-30],[81,-56],[10,-23],[-5,-85],[-16,-37],[12,-71]],[[60761,39965],[31,-19],[69,-68],[51,-30],[39,12],[21,58],[15,5],[16,-36],[-1,-62],[-23,-62],[-6,-114],[5,-66],[13,-52],[25,-33],[9,-61],[23,-20],[-19,-111],[-41,-143],[-18,-92],[-32,-10],[-38,-29],[-39,-53],[-7,-40],[9,-57],[-43,-127],[31,-120],[30,-96],[-14,-21],[5,-74],[31,-135],[22,-34],[34,-27],[26,-6],[16,24],[-18,56],[59,64],[27,-2],[47,-24],[31,-63],[12,-44],[-2,-63],[34,-16],[13,33],[-7,51],[12,32],[23,-35],[59,-30],[27,-31],[-11,-29],[-40,-6],[-12,-22],[12,-43],[43,-96],[-7,-58],[34,-4],[38,-24],[-1,-90],[-16,-82],[-19,10],[-17,35],[14,84],[-65,-2],[-45,44],[-19,5],[-3,63],[-26,83],[-54,55],[-24,54],[-37,62],[-26,-7],[8,-85],[18,-35],[15,-61],[1,-53],[-15,-21],[-17,24],[-4,38],[-18,48],[-41,57],[-27,51],[-59,55],[-27,-8],[-39,-46],[-1,-29],[-21,-23],[-28,-3],[-40,43],[-15,2],[-18,45],[-23,6],[-18,-36],[-4,141],[14,38],[47,75],[4,56],[-11,26],[-36,22],[-25,39],[-7,-43],[8,-104],[-30,-11],[-38,125],[-34,21],[-9,97],[-21,117],[-9,149],[-24,63],[0,91],[12,26],[41,-52],[25,-50],[36,7],[11,57],[-17,113],[3,86],[18,71],[3,177],[-14,74],[30,193],[16,76],[3,51],[43,35],[58,4]],[[59997,36221],[-19,-26],[7,64],[19,63],[49,94],[59,100],[28,11],[19,28],[84,164],[39,89],[24,36],[36,82],[24,20],[29,61],[5,41],[-10,58],[9,48],[40,137],[11,-29],[-6,-116],[31,-148],[-18,-53],[-34,-19],[-28,-38],[-19,-70],[-49,-25],[-34,-28],[-1,-55],[-41,-127],[-28,-61],[-60,-57],[-30,-83],[-62,-73],[-22,-13],[-11,-38],[-41,-37]],[[61043,37390],[23,-19],[23,16],[42,-29],[-8,-32],[42,37],[12,-3],[-3,-63],[-26,-91],[-43,-46],[-7,-61],[-19,-9],[-31,-40],[-65,-25],[-43,-61],[-11,13],[10,53],[-3,86],[17,83],[2,84],[9,117],[-8,30],[-35,24],[14,40],[66,-47],[42,-57]],[[61171,36451],[-28,-2],[-25,96],[-62,60],[-30,78],[-3,47],[15,51],[49,11],[28,35],[3,73],[-10,81],[28,71],[5,70],[55,39],[52,-26],[11,-52],[-15,-73],[-30,-95],[-10,-74],[-27,-96],[-2,-94],[32,-92],[2,-31],[-18,-56],[-20,-21]],[[61462,37290],[31,-8],[19,29],[22,-10],[20,-60],[2,-95],[-5,-61],[35,-74],[13,-119],[-21,4],[-1,-31],[-31,66],[8,-123],[-50,49],[2,59],[-11,41],[13,89],[-3,37],[-25,66],[-44,-14],[-23,225],[44,-51],[5,-19]],[[61596,37726],[15,-30],[2,-46],[43,-48],[-16,-88],[10,-150],[21,-82],[-7,-31],[26,-27],[7,-42],[-22,30],[-40,-7],[-40,12],[-15,45],[-25,27],[-24,80],[16,76],[-22,4],[-42,90],[-30,21],[-29,61],[-18,120],[55,-16],[55,3],[62,14],[18,-16]],[[60681,38076],[43,8],[42,-44],[16,18],[31,-61],[33,-49],[-8,-109],[12,-73],[-26,-79],[-3,-45],[-32,-30],[-26,31],[-38,77],[-4,49],[-21,38],[-7,81],[-22,74],[-29,33],[-11,49],[-24,7],[13,39],[61,-14]],[[61751,36546],[17,-23],[21,6],[0,-56],[22,-63],[3,-40],[-35,-80],[6,-24],[39,-28],[3,-58],[16,-46],[-5,-136],[27,-57],[5,-48],[-3,-110],[-28,-87],[-30,-48],[-20,-11],[9,-43],[-10,-156],[-16,66],[-6,89],[-36,142],[-15,79],[-28,-26],[-10,-58],[-19,-32],[-29,-82],[-4,-39],[42,-82],[16,-89],[0,-90],[-43,-116],[-22,-24],[-12,12],[-11,65],[7,83],[-19,5],[-28,-65],[-22,2],[-58,45],[-86,86],[-27,63],[-6,97],[-12,72],[-1,48],[12,45],[30,56],[3,47],[-48,99],[-41,29],[-20,27],[-35,-3],[-3,-53],[-18,-95],[-42,45],[-17,63],[-22,-56],[-29,-7],[-10,71],[-36,15],[-24,-33],[-36,-122],[-29,-124],[-15,-33],[-27,20],[-13,39],[5,46],[24,60],[17,165],[42,80],[68,38],[48,9],[17,24],[4,65],[26,43],[39,20],[19,49],[50,-30],[21,-27],[13,-42],[6,-90],[-25,-48],[9,-3],[40,40],[33,16],[13,25],[20,88],[25,36],[35,-31],[22,15],[11,114],[17,36],[55,-38],[13,58],[34,-13],[25,9],[7,46],[-24,195],[21,33],[25,-39],[47,-52],[26,-70]],[[61219,36593],[-8,47],[15,115],[-4,28],[26,64],[40,123],[3,32],[21,62],[20,86],[8,82],[14,32],[3,-128],[-5,-58],[5,-67],[-20,-99],[-33,-35],[-30,-74],[-2,-36],[-28,-123],[-25,-51]],[[60927,40068],[-20,-19],[13,55],[20,-13],[-13,-23]],[[60846,40240],[2,-33],[-30,21],[2,26],[26,-14]],[[60935,40610],[-4,32],[18,6],[-14,-38]],[[60773,35351],[11,-26],[36,-1],[4,-23],[-24,-25],[-15,27],[-27,-19],[-31,1],[-7,41],[29,33],[24,-8]],[[59950,36017],[-11,-28],[-11,32],[4,57],[17,7],[1,-68]],[[60522,36974],[-25,-11],[-5,35],[17,33],[32,-26],[-19,-31]],[[60559,37593],[26,19],[23,-52],[-5,-24],[-62,-2],[-29,71],[6,42],[41,-54]],[[60547,37422],[-15,-12],[-21,104],[11,10],[24,-23],[8,-49],[-7,-30]],[[61074,36969],[-23,-17],[0,67],[27,48],[14,-31],[-18,-67]],[[61466,36717],[-23,-14],[-24,-44],[-48,-11],[-38,9],[-24,71],[19,38],[30,29],[23,50],[33,9],[49,-49],[-5,-54],[8,-34]],[[60590,35050],[-12,-32],[-15,17],[-32,-50],[-28,-4],[1,24],[77,76],[9,-31]],[[60962,35481],[-27,-4],[-31,72],[5,19],[46,28],[46,-37],[-18,-58],[-21,-20]],[[61762,36709],[-14,27],[17,81],[20,-95],[-23,-13]],[[61687,36764],[-39,75],[6,70],[29,48],[-4,-71],[11,-64],[-3,-58]],[[60594,38176],[0,-25],[-34,36],[4,28],[30,-39]],[[60926,38098],[16,2],[24,-30],[1,-36],[-23,-59],[-36,45],[-3,35],[11,53],[10,-10]],[[60962,37662],[-16,-92],[-19,83],[14,39],[2,60],[29,19],[-10,-109]],[[61075,37645],[-10,-9],[-37,63],[37,13],[14,-25],[-4,-42]],[[61201,37845],[18,-56],[-64,108],[-21,24],[19,20],[33,-77],[15,-19]],[[61301,37698],[-7,-20],[-31,86],[25,-8],[13,-58]],[[61289,37637],[39,-43],[26,-75],[2,-79],[-63,92],[-41,72],[-23,-1],[-25,-58],[-28,-41],[22,173],[-6,69],[46,-30],[51,-79]],[[61418,38132],[-36,-37],[-28,48],[17,47],[0,70],[21,36],[17,-48],[22,-28],[-3,-71],[-10,-17]],[[60978,38285],[0,-15],[-44,55],[1,26],[43,-66]],[[60950,38637],[-13,-41],[10,-49],[-6,-36],[-16,2],[2,49],[-20,60],[3,27],[40,-12]],[[61605,36789],[-25,30],[-5,33],[20,-14],[10,-49]],[[61132,35842],[1,-18],[-28,-16],[4,41],[23,-7]],[[61706,35678],[-3,-21],[-17,61],[6,42],[14,-20],[0,-62]],[[61469,37344],[-25,-2],[-25,66],[30,8],[23,-50],[-3,-22]],[[61509,36480],[-6,-22],[-22,18],[-3,35],[17,6],[14,-37]],[[60511,37357],[-1,-49],[-25,14],[26,35]],[[61297,37268],[12,-49],[-16,0],[4,49]],[[61744,36646],[-10,10],[9,51],[1,-61]],[[61519,37382],[-15,-5],[-10,50],[25,-45]],[[60005,36138],[-13,-8],[-2,45],[15,-37]],[[61285,36515],[2,-38],[-18,-12],[-25,33],[33,32],[8,-15]],[[22205,31557],[-18,-36],[-38,12],[-33,56],[-80,-9],[-35,-65],[-53,-14],[-57,-30],[-66,-13],[-83,-90],[-19,-13],[-24,-43],[-46,-61],[-38,-20],[-19,-189],[-37,-109],[-14,-61],[20,-91],[0,-44],[-21,-36],[-17,-4],[-36,-39],[-52,-83],[-9,-64],[17,-85],[-49,-25],[-8,-65],[36,-68],[21,-16],[-11,-56],[33,-77],[12,-74],[39,-49],[11,-64],[20,-25],[47,-100],[0,-47],[-48,-107],[80,0],[88,-36],[12,-18],[12,-80],[17,-25],[-2,-59],[116,-1],[75,15],[54,73],[17,36],[50,70],[19,15],[-10,-39],[5,-59],[-14,-44],[-1,-436],[22,23],[29,-41],[34,4],[53,43],[77,-8]],[[22283,29086],[107,-340],[73,-230],[-15,-69],[-44,-70],[-1,-227],[-18,-69],[20,-108],[16,-43],[3,-39],[-25,-24],[-2,-41],[-45,-81],[-8,-55],[-17,-18],[-3,-62],[41,-101],[-26,-59],[-24,-76],[5,-49],[36,-151],[16,-27],[45,-15],[11,-34],[-30,-29],[-3,-77],[-36,-46],[-48,-118],[-38,-41],[0,-35],[21,-35],[2,-43]],[[22296,26674],[-35,-53],[-33,-19],[10,-73],[-8,-71],[-17,-41],[-52,-44],[-48,-8]],[[22113,26365],[-80,108],[-25,45],[-80,91],[-13,96],[-27,47],[-67,53],[-49,55],[-51,83],[-21,25],[-66,34],[-33,35],[-62,49],[-27,31],[-86,55],[-65,89],[-46,29],[-36,49],[-111,106],[-35,86],[-24,31],[-28,72],[-41,42],[-40,55],[-41,116],[-7,34],[-23,34],[-2,68],[-16,32],[24,22],[15,106],[-8,53],[-41,96],[-26,105],[-41,109],[-15,66],[-33,48],[-14,41],[-18,17],[-1,51],[-12,95],[-18,48],[-66,90],[-6,98],[-14,68],[-73,212],[-18,63],[-18,103],[-17,58],[-18,104],[-27,79],[-35,153],[-2,45],[-32,78],[-18,72],[-74,138],[-42,153],[-6,45],[-29,85],[-71,153],[-141,135],[-67,83],[-8,42],[18,48],[21,-18],[22,38],[0,45],[-13,59],[-45,114],[12,51],[-46,132],[11,127],[10,33],[69,130],[19,55],[29,34],[30,52],[36,40]],[[20114,31869],[11,-13],[10,-70],[-1,-46],[10,-51],[-25,-47],[-28,10],[-14,-34],[11,-49],[21,-2],[-28,-68],[21,-26],[50,62],[69,-66],[32,8],[24,-31],[3,-49],[35,-94],[51,-24],[20,44],[23,76],[36,38],[7,38],[-6,49],[26,125],[27,77],[15,140],[24,-34],[13,9],[-5,42],[50,112],[15,24],[101,63],[138,91],[119,158],[105,221],[32,224],[32,-10],[-7,90],[5,55],[-33,54],[-13,59],[-29,34],[32,0],[38,19]],[[21131,33077],[30,20],[39,-50],[29,-5],[9,-36],[28,-26],[40,-78],[17,-99],[18,-44],[39,-22],[38,-61],[40,-20],[35,-106],[-1,-57],[30,-34],[31,-17],[14,-92],[-6,-72],[54,-48],[53,21],[46,-29],[52,18],[31,20],[47,64],[39,-27],[33,-40],[40,8],[17,25],[40,10],[68,-74],[97,-88],[5,-34],[-134,-380],[42,-31],[38,19],[20,-25],[15,-61],[41,-69]],[[24587,25696],[7,-47],[25,-64],[4,-70],[13,-12],[3,-68],[15,-46],[-9,-131],[-15,-51],[6,-76],[-3,-77],[-11,-50],[6,-23],[28,-13],[20,16],[30,-30],[48,-12],[19,7],[61,-28],[61,13],[22,49],[26,4],[9,-32],[33,-38],[68,-9],[20,-38],[1,-38],[26,-58],[-7,-51],[10,-105],[8,-22],[9,-96],[-4,-61],[16,-39],[3,-66],[16,-46],[34,-10],[43,16],[72,60],[38,-33],[40,-54],[-16,-29],[8,-66],[-7,-81],[-20,-125],[-12,-130],[-28,-78],[-1,-53]],[[25302,23705],[-3,-158],[-9,-112],[-30,-126],[-53,-71],[-10,-32],[-58,-28],[-28,-52],[-6,-51],[-25,-47],[-47,33],[-43,2],[-55,-86],[-34,32],[-41,-6],[-34,18],[-28,-13],[-56,15],[-85,41],[-72,16],[-88,-15],[-7,44],[41,101],[16,11],[34,96],[-3,92],[25,89],[38,49],[28,113],[37,60],[-3,48],[-48,99],[-63,58],[-46,7],[-32,43],[-41,20],[-93,83],[-38,40],[-47,69],[-58,63],[-44,31],[-30,-1],[-49,18],[-68,39],[-39,38],[-35,73],[-60,61],[-85,122],[-28,70],[-30,94],[-32,64],[-51,55],[-5,21]],[[23681,24935],[75,429],[0,186],[73,186],[32,151],[175,62],[178,66],[185,4],[184,-195],[8,-67],[-4,-61]],[[67192,31366],[-15,-28],[-31,72],[-12,51],[3,79],[-20,106],[-49,120],[-33,60],[-44,19],[-36,43],[-43,67],[-124,138],[-44,15],[16,10],[0,51],[70,-79],[11,-30],[50,-27],[67,-85],[45,-29],[30,-58],[169,-256],[22,-54],[1,-37],[-18,-45],[-4,-70],[-11,-33]],[[66980,31535],[10,-8],[30,39],[16,-27],[43,-20],[-9,-56],[7,-88],[-28,-82],[-50,-18],[-4,-54],[31,-76],[-14,-38],[-42,-39],[-71,5],[-19,-72],[-39,-63],[-37,-35],[-48,-21],[-20,-29],[-56,-47],[-48,-4],[-109,-1],[-34,61],[-21,17],[-51,-18],[-65,78],[-36,31],[-46,25],[-12,35],[1,46],[18,26],[26,-13],[45,-1],[43,10],[50,-33],[46,0],[32,21],[40,-3],[27,28],[16,152],[25,-13],[-17,-43],[5,-89],[15,-35],[23,-4],[45,28],[21,-23],[66,36],[38,115],[38,56],[49,8],[20,20],[-1,91],[-24,124],[10,36],[45,-6],[20,-29]],[[64772,29761],[0,229],[0,374],[0,211],[-23,61],[3,47],[20,98],[0,256],[0,524],[0,299],[0,296]],[[64772,32156],[42,-7],[102,-80],[40,-40],[20,-4],[45,-44],[140,-87],[96,-27],[26,-14],[58,-68],[44,-61],[22,-12],[51,5],[21,-9],[30,-61],[22,-14],[41,-58],[30,-59],[50,-14],[87,-161],[5,-130],[-10,-83],[22,-25],[71,-28],[40,-26],[128,-111],[69,-12],[38,-39],[48,-95],[10,-87],[-2,-41],[-27,-22],[-72,-7],[-47,8],[-34,-42],[2,-35],[29,-87],[17,-78],[108,-183],[43,-37],[38,-47],[16,-86],[8,-80],[42,-51],[26,-132],[42,-14],[62,27],[30,-20],[4,-40],[-13,-83],[12,-34],[43,-33],[57,-9],[44,-18],[2,-28],[-45,-25],[0,-23],[23,-54],[19,-17],[80,-48],[61,-24],[37,7],[-43,-37],[-39,11],[9,-43],[32,-34],[-34,-44],[-32,-7],[-62,29],[-13,35],[-40,47],[-42,6],[-39,18],[-83,12],[-46,33],[-66,-7],[-47,29],[-20,-8],[-57,21],[-44,58],[-29,88],[-79,105],[-18,52],[7,69],[-21,-10],[-33,23],[-13,27],[-35,113],[-32,70],[-23,77],[-30,62],[-62,46],[-53,8],[-36,25],[-63,22],[-18,25],[-4,38],[-19,-4],[-53,27],[-16,-41],[-16,5],[-25,-36],[-66,33],[-36,65],[45,-164],[-21,1],[10,-28],[-22,-4],[-46,16],[12,-80],[-104,-40],[-39,-2],[-39,16],[-53,-16],[-20,55],[9,-54],[17,-21],[20,13],[45,-4],[63,-47],[39,-69],[18,-52],[-6,-58],[-102,-89],[-43,-46],[-84,58],[-51,-11],[-72,-5],[-43,23],[-55,-26],[-32,38]],[[66195,30972],[-31,28],[-19,45],[3,50],[11,0],[46,-58],[-10,-65]],[[65790,31377],[-23,-3],[-1,48],[19,24],[12,-38],[-7,-31]],[[67132,31963],[-5,-32],[-21,46],[20,19],[6,-33]],[[67017,32031],[-9,-17],[-16,55],[25,-38]],[[66546,32544],[-19,-8],[-26,38],[8,44],[29,-29],[8,-45]],[[66811,29429],[35,36],[9,-13],[-14,-87],[-54,37],[-37,141],[55,-84],[6,-30]],[[66663,29623],[-15,-3],[-33,51],[20,57],[23,-21],[9,-49],[-4,-35]],[[66816,29902],[-12,2],[8,59],[-16,16],[23,39],[4,-55],[-7,-61]],[[67457,28935],[-44,-21],[-8,26],[16,14],[36,-19]],[[65299,29995],[-44,24],[-10,18],[53,-9],[1,-33]],[[66023,31117],[-11,-2],[-23,48],[25,43],[15,-23],[3,-47],[-9,-19]],[[66001,32395],[68,-24],[-40,-58],[-56,-3],[-36,15],[-41,-22],[22,86],[41,10],[42,-4]],[[66681,32136],[-54,1],[-25,54],[-17,15],[54,33],[41,-32],[1,-71]],[[66700,29677],[28,-30],[24,3],[18,-34],[3,-57],[-92,15],[15,33],[-15,65],[19,5]],[[67124,29819],[36,-3],[38,-51],[-6,-38],[-20,-5],[-30,21],[-17,40],[-24,18],[23,18]],[[67307,28893],[45,-40],[-42,-17],[-35,26],[-29,52],[-6,35],[67,-56]],[[65300,29939],[-26,6],[-42,47],[38,-11],[30,-42]],[[66988,32074],[-2,45],[13,-37],[-11,-8]],[[66774,29228],[-2,-29],[-20,15],[22,14]],[[67795,30655],[-48,-64],[-40,12],[-36,40],[-27,71],[-1,81],[-39,36],[-14,38],[-32,50],[-15,82],[4,112],[29,-29],[25,-7],[20,-29],[27,-90],[29,-40],[19,-63],[35,-28],[37,-59],[21,-68],[6,-45]],[[67531,31117],[-13,43],[-9,75],[19,36],[19,-75],[-6,-61],[-10,-18]],[[20710,36302],[-21,-59],[14,-26],[43,-168],[-31,-50],[-1,-48],[-47,-60],[-30,62],[-2,-64],[-17,-35],[-15,-78]],[[20603,35776],[-54,116],[-42,131],[-9,59],[22,2],[12,27],[-5,40],[33,48],[14,-35],[58,-55],[-51,70],[-18,63],[-25,-37],[-25,24],[-12,-39],[-12,34],[-9,67],[-22,31],[-94,104],[-32,9],[-40,-5],[-49,-57],[-26,-78],[13,-16],[-76,-91],[-49,-22],[-18,-28],[0,-50],[78,-151],[12,-61],[-20,-25],[-35,-3],[-31,-55],[-46,-18],[-36,-2],[-11,21],[-3,59],[-24,100],[-6,70],[-19,-17],[-12,-86],[-58,37],[-45,153],[-49,29],[-38,-8],[-15,43],[-26,-13],[-64,17],[-38,-28],[-2,-64]],[[19599,36086],[-14,68],[-15,22],[32,50],[1,67],[-12,39],[36,58],[0,20],[-41,40],[0,143],[28,52],[32,-31],[16,26]],[[19662,36640],[39,-55],[7,-81],[27,3],[-8,-68],[33,-36],[60,9],[-23,67],[37,-45],[34,-70],[38,-17],[59,12],[45,27],[33,50],[26,22],[85,47],[30,49],[25,13],[56,80],[113,-32],[17,-30],[48,2],[39,-10],[85,-63],[50,-61],[27,-66],[66,-85]],[[20402,36160],[-13,20],[0,40],[22,4],[3,-36],[-12,-28]],[[19856,35814],[-33,14],[-17,30],[8,52],[17,10],[11,-36],[-4,-36],[18,-34]],[[63484,35832],[-12,-8],[-4,61],[28,69],[-12,-122]],[[51815,46238],[57,-203]],[[51872,46035],[-10,-44],[-44,-33],[-38,-61],[-28,8],[-57,-33],[-27,1],[-67,-61],[-51,12],[-54,38],[-47,2],[-132,44],[-68,-41],[-30,-85],[-1,-36],[23,-14],[11,-35],[-15,-31],[9,-33],[60,-10],[-6,-38],[-43,-37],[0,-57],[30,-46],[-7,-45],[-25,-52],[27,-62],[36,-31],[10,-82],[62,-4],[-1,-88],[27,-22],[40,2],[49,-34],[21,-34],[-16,-51],[-37,-19],[-67,-51],[-37,-48],[-10,-39],[17,-91],[-15,-103],[23,-56],[-59,-52],[-67,-137],[-22,-31],[7,-79],[-25,-47],[-86,-59],[-31,-141],[-20,-68],[-46,-124],[-113,-102],[-10,-20],[-23,-101],[-47,-90],[-15,-79],[-66,-34],[-73,-14],[-62,-43],[-28,5],[-22,77],[-45,32],[-53,-65],[-50,-138],[-66,-110],[-20,-136],[8,-23],[46,-43],[65,-17],[20,-40],[-5,-94],[-11,-53],[5,-59],[33,-75],[77,-15],[1,-90],[45,-132],[35,-138],[-15,-25],[0,-49],[14,-32],[-66,-60],[-28,16],[-6,51],[-91,-48],[-15,-36],[-62,-7],[-32,37],[-88,-1],[-65,15],[-14,-16],[-1,-111],[-48,1],[-41,-15],[-24,-26]],[[50079,41894],[-10,-38],[-16,35],[-17,-7],[-19,27],[-8,-27],[-30,-7],[-5,40],[-16,-14],[-18,51],[-34,57],[-4,71],[-23,143],[-15,13],[-80,26],[-4,25],[3,109],[-26,56],[-7,39],[-21,33],[-43,6],[-17,-36],[45,5],[22,-22],[-47,7],[-70,-17],[-42,-23],[-55,7],[-69,-24],[-58,-1],[-23,-45],[-24,19],[-79,35],[-18,26],[-25,-22],[-44,16],[-33,-12],[-13,-53],[-65,17],[-31,-12],[-90,12],[-51,-45],[-24,34],[-22,-26],[-70,-6],[-31,23]],[[48752,42389],[5,31],[11,178],[17,27],[12,119],[12,28],[74,42],[15,49],[26,26],[70,31],[61,-5],[16,13],[3,63],[13,15],[-1,73],[12,18],[-28,47],[-50,-13],[-33,17],[12,86],[-15,185],[5,74],[-9,19],[-31,-7],[-43,66],[-93,49],[-54,90],[-58,174],[-4,40],[-95,179]],[[48602,44103],[308,-160],[21,-6],[220,33],[107,-39],[34,42],[52,21],[116,-2],[218,102],[27,49],[-15,52],[14,78],[-4,105],[22,112],[34,31],[34,73],[39,41],[73,-32],[33,6],[58,40],[-32,60],[32,15],[56,48],[29,46],[57,-18],[31,18],[38,-58],[17,-4],[43,38],[40,73],[-8,183],[33,92],[20,124],[41,27],[43,7],[69,65],[5,29],[-46,129],[-38,66],[4,40],[21,16],[85,-37],[88,12],[41,25],[8,26],[0,91],[-26,60],[66,124],[33,36],[33,80],[-15,39],[11,43],[-35,157],[-49,77],[10,29],[78,116],[31,-2],[65,75],[13,24],[94,48],[99,14],[132,7],[47,-24],[109,73]],[[51366,46738],[30,5],[40,-30],[33,13],[59,-28],[16,-64],[49,1],[35,-34],[27,-98],[-1,-79],[-13,-29],[33,-39],[16,-57],[21,-6],[60,28],[3,-42],[41,-41]],[[47702,42307],[21,-97],[30,-90],[55,-118],[62,-84],[79,-43],[103,-32],[41,-35],[51,8],[40,-47],[52,-142],[33,-58],[23,-66],[46,-79],[58,-26],[-5,-106],[-24,-61],[-6,-38],[-27,-62],[-29,-104],[-62,-78],[-35,-65],[-41,-112],[-44,-147],[-25,-8],[-28,14],[7,64],[-28,-10],[-49,-120],[-12,-107],[-12,-55],[-6,-73],[9,-64],[1,-66],[10,-87],[-28,-21],[-100,-21],[-71,-55],[-35,-61],[-21,-155],[-33,-65],[-23,-14],[-55,-6],[-78,-18],[-27,-16],[-45,-94],[8,-75],[-25,-83],[-22,-44],[-59,-27],[-41,25],[-101,-10],[-23,-32],[-69,-58],[-63,-14],[-43,-27]],[[47640,42706],[17,53],[29,10],[15,45],[10,-11],[-11,-192],[-16,-57]],[[48173,40555],[-16,-2],[0,46],[30,59],[19,67],[14,-60],[-24,-34],[-23,-76]],[[38622,54839],[-5,25],[-107,29],[-38,76],[-10,138],[-6,-66],[-34,-25],[7,-88],[-51,-99],[-68,-19],[-42,59],[-4,-63],[-62,-33],[18,-19],[-95,-87],[-82,-99],[-72,-57],[-141,-46],[-93,1],[-19,44],[-36,-27],[-36,20],[21,51],[-54,2],[-68,39],[-70,55],[-38,75],[19,105],[98,-52],[54,48],[-54,-18],[-42,40],[13,87],[91,97],[-113,-77],[-57,-22],[-40,-46],[-47,22],[11,83],[24,70],[34,26],[60,-19],[89,62],[-76,-13],[-21,25],[77,99],[6,37],[76,64],[11,-17],[-9,-76],[56,128],[-93,-30],[-39,-27],[-91,-124],[-42,-68],[-77,-58],[19,155],[58,-7],[39,20],[-54,11],[-47,57],[-4,65],[77,51],[-61,-20],[-40,51],[-8,121],[18,13],[82,-6],[97,22],[88,-12],[72,22],[61,-65],[-8,46],[102,31],[-40,46],[-14,-44],[-68,-8],[-57,17],[-12,31],[-21,-50],[-83,5],[-153,-22],[-61,52],[-4,68],[68,19],[-35,21],[-48,62],[0,61],[108,7],[111,-40],[91,7],[54,23],[-121,-6],[-133,34],[-63,4],[-4,75],[44,-3],[35,59],[76,38],[35,-24],[100,21],[23,22],[-112,-22],[44,75],[79,10],[108,-13],[42,-22],[40,16],[-30,32],[112,22],[-10,14],[-129,-22],[-33,15],[-93,-19],[0,33],[46,62],[77,24],[36,28],[107,-3],[22,-35],[84,-55],[-94,116],[23,46],[62,10],[3,41],[-42,7],[2,33],[90,41],[59,-19],[4,-50],[34,41],[75,20],[57,-84],[73,27],[85,-3],[-7,60],[130,66],[-39,35],[57,38],[-31,17],[-79,-47],[27,-28],[-23,-27],[-120,-74],[-84,-18],[-31,66],[-35,-8],[4,43],[50,45],[29,61],[46,35],[67,88],[74,59],[119,61],[8,27],[-54,-23],[11,55],[28,26],[135,75],[30,-34],[41,5],[82,88],[-82,-53],[-76,31],[28,106],[110,142],[44,1],[-51,53],[122,30],[58,-1],[60,52],[-172,-33],[-10,74],[29,77],[82,57],[68,-1],[-62,42],[46,21],[47,57],[134,28],[129,3],[4,16],[-193,3],[-6,16],[62,74],[42,27],[101,-45],[46,26],[-68,8],[-27,41],[17,41],[-53,-31],[-53,-3],[4,50],[50,54],[71,-14],[42,26],[-59,29],[140,59],[51,-126],[26,76],[-43,69],[43,40],[96,-12],[139,26],[-196,15],[14,58],[97,25],[52,39],[63,111],[80,20],[-4,63],[43,55],[71,-57],[55,5],[-59,37],[10,31],[64,15],[41,69],[106,13],[-16,-132],[45,110],[41,59],[52,23],[13,-29],[-23,-122],[-47,-66],[31,5],[59,63],[51,-8],[-36,42],[12,103],[109,-9],[18,42],[37,4],[100,-73],[-26,92],[-90,62],[86,-1],[182,53],[52,-26],[21,-75],[43,-40],[24,94],[57,56],[76,32],[77,79],[-31,46],[101,67],[101,-61],[34,25],[67,-21],[-99,-111],[-26,-84],[-31,-39],[10,-40],[76,47],[10,38],[210,211],[45,-22],[-35,-68],[17,-12],[-12,-83],[82,37],[39,86],[75,30],[-65,44],[74,53],[109,-17],[51,-25],[-24,-65],[-65,-30],[53,-5],[-10,-153],[55,78],[35,95],[45,39],[54,-1],[60,-47],[80,-34],[55,23],[29,-59],[78,-7],[66,-45],[4,-47],[-138,-55],[-68,-11],[-231,18],[5,-19],[161,-43],[7,-72],[31,-19],[74,6],[5,35],[139,-21]],[[42169,58513],[-24,57],[98,109],[-39,73],[-147,56],[-105,88],[-61,-8],[-97,-50],[-118,4],[-103,-97],[-53,-155],[-1,-89],[-79,-47],[-83,-99],[-220,79],[-29,-34],[-78,-24],[-184,26],[-22,50],[-137,153],[-72,1],[-43,-32],[3,-54],[-90,-1]],[[37324,55592],[-32,0],[23,43],[9,-43]],[[37350,55307],[0,-44],[-29,31],[10,66],[19,-53]],[[42369,58798],[-39,-11],[14,51],[25,-40]],[[38033,56543],[-37,7],[85,32],[16,-26],[-64,-13]],[[37959,56421],[-61,29],[55,20],[6,-49]],[[41054,59173],[-75,-81],[-144,-30],[-73,53],[86,16],[109,4],[49,38],[48,0]],[[41487,59293],[72,-14],[38,-40],[-111,-13],[-54,27],[55,40]],[[41089,59075],[-14,-52],[-78,-46],[-44,59],[122,64],[14,-25]],[[41170,59082],[-70,11],[22,55],[60,-36],[-12,-30]],[[39123,58235],[43,-5],[-62,-54],[-111,-41],[-6,34],[68,60],[68,6]],[[38941,58091],[-30,-20],[27,72],[34,12],[-31,-64]],[[39392,58484],[38,-59],[-35,-61],[-67,-2],[-29,24],[-45,-16],[-30,29],[36,39],[50,-10],[48,77],[34,-21]],[[40313,58953],[64,-43],[-62,-9],[-36,70],[34,-18]],[[40517,58906],[-64,-5],[-10,29],[82,19],[-8,-43]],[[40209,58897],[68,-35],[-52,-55],[-41,-4],[-70,-85],[-103,-16],[15,85],[66,6],[2,40],[57,56],[50,75],[8,-67]],[[38848,57365],[8,37],[40,3],[-48,-40]],[[38830,57417],[8,52],[32,-2],[-40,-50]],[[38590,56984],[-81,-9],[-3,30],[64,19],[20,-40]],[[39856,58724],[101,-33],[14,-40],[-25,-73],[-93,-1],[-66,-63],[-71,17],[32,25],[6,82],[73,7],[-22,45],[51,34]],[[39504,58344],[60,43],[19,60],[36,12],[44,-58],[-6,-31],[-66,-35],[-56,-55],[-96,-28],[-103,-2],[-60,-40],[-75,-3],[0,25],[66,52],[103,15],[64,65],[30,94],[-16,63],[83,86],[44,-22],[-61,-71],[24,-107],[-34,-63]],[[34517,59182],[-3,28],[90,42],[36,40],[69,14],[0,-50],[-128,-37],[-64,-37]],[[40202,60489],[-24,-15],[-61,49],[78,12],[7,-46]],[[41747,62055],[-84,27],[25,33],[86,-42],[-27,-18]],[[42887,62596],[-211,-4],[384,50],[35,-17],[-208,-29]],[[40684,62036],[88,-7],[51,-128],[140,8],[93,-37],[-68,-59],[115,-42],[112,8],[134,-52],[-156,-36],[-58,-59],[-93,-43],[-57,1],[-60,-40],[-76,15],[3,42],[59,40],[-340,-36],[-35,46],[66,20],[91,111],[-89,31],[-138,117],[-33,70],[251,30]],[[40541,62644],[131,-2],[150,-71],[32,130],[112,26],[62,-18],[-40,-88],[116,7],[123,57],[50,-24],[260,-44],[207,-6],[58,-37],[10,-56],[-241,-106],[-73,-79],[-100,-24],[-80,10],[-162,-63],[-211,13],[-7,67],[-193,-11],[-212,6],[-239,71],[165,15],[59,43],[-134,11],[-146,-19],[-136,12],[-95,62],[122,40],[-190,39],[174,19],[114,-29],[39,18],[-42,58],[85,-35],[-27,87],[150,-23],[109,-56]],[[39711,62518],[36,19],[124,-27],[76,-66],[-58,-117],[122,79],[96,-42],[-14,-83],[83,-39],[133,-3],[29,-34],[54,33],[122,-32],[-54,-28],[180,-89],[-59,-24],[-268,-19],[-144,-112],[-12,-87],[-113,-21],[-15,-126],[-27,-59],[-77,-10],[-45,-35],[-95,-129],[19,-30],[-55,-58],[18,-56],[-73,-29],[-233,113],[-85,73],[-129,42],[-97,90],[13,44],[126,-14],[45,60],[260,35],[167,5],[-37,42],[-160,-24],[-95,8],[-198,-37],[-104,1],[-60,31],[-23,64],[407,73],[-8,27],[100,19],[126,0],[-66,56],[67,59],[-51,-3],[-118,-60],[-106,-7],[-31,49],[12,64],[-87,-52],[-86,13],[-7,-67],[41,-29],[-106,-53],[-194,-12],[-98,54],[-82,77],[-98,45],[18,43],[-100,43],[37,12],[147,-29],[-78,92],[39,42],[-102,6],[-75,-57],[-95,144],[-10,78],[36,24],[169,8],[118,-39],[-1,38],[95,-15],[190,31],[17,-53],[-149,-11],[-98,-43],[133,7],[34,-40],[116,-51],[17,90],[111,78],[93,-45],[123,-162],[128,-93],[-85,198],[-12,59],[56,120],[87,5],[53,-42]],[[38594,62041],[116,-64],[59,-75],[-31,-3],[-120,79],[-50,9],[-100,107],[-14,55],[81,-21],[59,-87]],[[42185,62152],[131,-3],[-78,-19],[-164,13],[-123,-13],[107,40],[127,-18]],[[61878,47018],[-53,35],[-34,-18],[-18,-31],[-13,46],[-22,2],[-35,41],[-37,-63],[-46,-33],[-9,44],[-65,32],[52,46],[-112,27],[37,38],[1,40],[38,79],[49,40],[49,8],[-52,21],[-28,47],[51,153],[-10,88],[-53,23],[-65,62],[-28,-52],[-16,64],[-42,43],[2,36]],[[61419,47836],[5,37],[102,130],[86,68],[20,6],[63,76],[53,14],[31,64],[22,22],[48,81],[22,104],[61,52],[21,-15],[35,-77],[103,-34],[46,8],[39,-27],[36,64],[-52,124],[3,32],[177,19],[55,66],[24,72],[42,-10],[40,33],[12,111],[24,81],[37,-8],[32,-31],[1,-54],[56,-77]],[[62696,48681],[-47,0],[-44,-44],[-34,-50],[-39,-88],[-24,-35],[-15,-80],[16,-38],[-10,-98],[-1,-98],[-74,-49],[-47,-86],[-82,-64],[-18,-44],[-62,-60],[-68,-14],[-20,-37],[-61,-42],[-8,-32],[5,-86],[-34,-61],[2,-32],[79,-46],[38,-68],[56,-57],[25,-44]],[[37797,34742],[-33,-9],[18,49],[20,-15],[-5,-25]],[[39069,38159],[93,-231]],[[39162,37928],[27,-255],[64,-32],[22,-70],[-6,-102],[-7,-37],[0,-87],[-73,-83],[-29,-8],[-33,-39],[-39,-98],[-33,-99],[-24,-159],[-30,-50],[-10,-144],[-9,-39],[-49,-42],[-11,-45],[-14,-153],[-15,-52],[-30,-45],[-37,-10],[-34,-116],[-15,-125],[-27,-79],[-2,-50],[-50,-117],[19,-58],[-57,-83],[-5,-71],[-15,-37],[-31,-41],[-35,-17],[-15,25],[-9,70],[-60,107],[-26,28],[-25,-63],[-56,0],[-13,38],[-73,-87],[-24,-84],[-58,-78],[-63,-114],[-25,-84],[-27,-215],[-50,-162]],[[38050,34866],[-25,-4],[-40,60],[19,-93],[-7,-36],[-53,-1],[-46,-12],[-48,14],[-7,35],[-14,-37],[-36,-3],[-28,50],[2,-62],[-28,-43],[-30,16],[-8,75],[-12,29],[5,-94],[14,-35],[-46,-12],[-11,50],[-5,-50],[-59,-11],[2,45],[-13,-52],[-26,0],[-56,60],[-43,71],[-41,177],[-3,77],[27,15],[9,35],[-33,-27],[-31,31],[-3,32],[36,1],[-13,49],[-32,-39],[-12,15],[-14,57],[-37,84],[-45,71],[-41,48],[-62,23],[-129,-1],[-7,7],[61,57],[-65,-21],[-19,-47],[-127,-11]],[[36870,35459],[13,126],[-10,99],[7,33],[-1,120],[7,30],[-14,51],[-6,95],[7,209],[2,125],[8,98],[55,13],[21,87],[-3,49],[39,79],[0,41],[46,47],[18,93],[-14,40],[21,59],[21,3],[10,63],[-15,59],[-9,115],[-46,116],[1,38],[21,73]],[[37049,37420],[14,24],[-9,24],[5,258],[61,91],[28,103],[12,148],[56,70],[49,31],[32,10],[84,-1],[51,42],[180,-99],[49,-88],[36,-94],[26,-37],[25,-3],[23,32],[37,8],[87,85],[62,-18],[73,-85],[59,-55],[91,-32],[84,-4],[63,119],[52,50],[59,22],[97,15],[91,-7],[57,-20],[60,-39],[26,-37],[70,1],[9,37],[29,48],[80,77],[29,14],[26,36],[57,13]],[[37049,37420],[-29,57],[-18,10],[-43,88],[-55,92],[-14,6],[-32,-32],[-57,-28],[9,-82],[-4,-38]],[[36806,37493],[-60,141],[-5,37],[32,32],[-14,63],[-17,28],[-24,-2],[-33,-35],[-46,8],[-94,135],[-22,15],[0,119],[43,-3],[-37,40],[-8,31],[-47,45],[-26,11],[-38,99],[-15,61],[6,40],[-44,92],[10,153]],[[36367,38603],[3,19],[41,5],[58,-8],[48,11],[69,105],[113,11],[230,15],[12,31],[90,-26],[3,47],[72,100],[28,161],[21,61],[12,82],[5,140],[6,13],[-1,307],[0,483]],[[37177,40160],[306,107],[18,16],[140,219],[93,146],[99,148],[174,187],[209,225],[209,224],[105,113],[209,224]],[[38739,41769],[305,-124],[24,-22],[121,-183],[6,-2],[151,139]],[[39346,41577],[39,-395],[2,-146],[23,-42],[63,-168],[-14,-29],[10,-52],[69,-123],[4,-35],[-43,-147],[-20,-403],[-15,-321],[-18,-379],[-147,-280],[-76,-146],[-113,-288],[-34,-124],[-39,-92],[32,-248]],[[19543,38633],[-30,-71],[-8,37],[-14,-28],[23,-28],[22,-151],[-32,-104],[-13,-22],[-16,-95],[-15,-154],[11,-138],[-6,-128],[6,-68],[-23,17],[10,77],[-36,-61],[21,-79],[-6,-97],[-17,13],[-1,-47],[-12,-26],[25,-13],[11,-67],[-19,-28],[-25,-98],[7,-63],[24,-72],[15,-6]],[[19445,37133],[-4,-30],[-30,-34],[-22,-3],[-50,17],[-37,73],[-71,27],[-42,-40],[-127,82],[-17,6],[-24,-45]],[[19021,37186],[-17,51],[-27,48],[-103,150],[-37,90],[-21,64],[-19,34],[-55,68],[-68,119],[-42,54],[0,23],[26,27],[24,-44],[17,22]],[[18699,37892],[56,4],[20,23],[9,63],[42,33],[-13,141],[8,24],[81,3],[36,82],[23,21],[11,-31],[40,-45],[11,32],[51,65],[39,68],[16,7],[9,78],[25,31],[11,53],[25,21],[26,-35],[39,-30],[60,42],[25,-6],[10,21],[40,3],[56,41],[36,37],[52,-5]],[[71258,17927],[23,-2],[102,109],[54,26],[-23,-33],[5,-23],[-24,-75],[20,12],[21,91],[61,-10],[-21,-51],[-32,-30],[20,-3],[47,53],[-1,-31],[-60,-88],[21,-84],[22,-31],[-13,-40],[-66,-103],[-10,-52],[-60,-91],[-39,-119],[-26,-50],[-67,-54],[-34,-50],[-19,-5],[22,-30],[-42,-40],[43,-2],[13,-56],[54,-20],[9,-45],[-10,-28],[-30,-6],[-34,28],[-55,-7],[21,22],[-20,17],[-38,-52],[-52,61],[29,-71],[-105,-81],[-44,-7],[-26,-61],[-17,-81],[-17,-144],[-29,0],[27,-24],[-39,-88],[-10,-58],[-39,-114],[16,-69],[-72,-26],[-47,-80],[-54,-64],[-47,-80],[-70,-26],[-49,-3],[-67,23],[-77,-14],[-13,58],[-26,31],[-70,-1],[-33,64],[-38,14],[-25,-32],[-54,-3],[-75,19],[-3,24],[41,65],[-38,-36],[-16,4],[14,56],[-46,-27],[4,56],[66,14],[33,23],[-39,5],[3,35],[34,26],[-52,-4],[9,49],[28,1],[-10,35],[58,-36],[-9,21],[24,23],[-40,25],[-1,36],[78,109],[11,-48],[3,69],[61,65],[25,-26],[-11,60],[103,154],[58,41],[31,-7],[53,47],[22,-18],[-2,50],[70,56],[65,32],[5,41],[121,143],[57,40],[57,85],[33,72],[25,15],[-12,22],[22,118],[25,105],[69,51],[37,78],[16,89],[10,94],[27,69],[74,89],[18,-10],[-5,-45],[12,-39],[45,-28],[11,-38],[15,-120]],[[71419,18080],[-27,-22],[6,47],[31,30],[-10,-55]],[[69972,16316],[-3,-27],[-40,11],[31,31],[12,-15]],[[70019,16492],[9,-45],[-26,22],[17,23]],[[70255,15873],[-21,-26],[40,-17],[0,-34],[-92,-39],[-53,-30],[27,79],[29,50],[-3,76],[35,2],[38,-61]],[[71748,19767],[-14,-13],[-26,35],[13,54],[27,-76]],[[71289,20261],[3,-17],[33,51],[-2,-31],[82,-36],[52,-43],[8,-58],[36,20],[45,-124],[-7,-31],[14,-44],[-38,5],[32,-86],[51,-112],[-10,-66],[14,-45],[-20,-84],[34,-25],[12,21],[70,-52],[18,-79],[31,2],[2,57],[-11,67],[-2,65],[-20,49],[15,29],[45,-100],[18,5],[21,-82],[23,-176],[25,-38],[-16,-23],[52,-29],[96,-77],[79,-35],[35,-2],[45,34],[34,71],[57,55],[53,-4],[54,-46],[-29,-99],[-16,-178],[-10,-39],[-36,-53],[-22,-10],[-14,-111],[11,-44],[-11,-36],[-25,48],[-76,11],[-56,-39],[-36,-67],[3,-87],[29,-25],[-54,-179],[-31,-49],[-16,-55],[-45,-83],[-27,-77],[-55,-124],[-59,-73],[-76,-73],[-18,13],[-12,58],[-52,-6],[-6,57],[-24,-17],[-25,13],[77,163],[30,83],[18,122],[-20,64],[-29,60],[-40,34],[-49,17],[-44,63],[-84,49],[-25,31],[-9,39],[16,66],[46,40],[66,25],[40,66],[11,131],[13,74],[25,75],[-8,47],[25,33],[-40,131],[-4,46],[-25,83],[15,4],[15,-47],[14,39],[26,9],[-30,52],[-36,-15],[-26,16],[-19,79],[-39,86],[43,-40],[9,55],[-18,28],[7,50],[-18,26],[-10,-29],[-43,46],[-25,79],[1,-40],[50,-114],[-14,-24],[-31,80],[-107,233],[35,56],[-9,22],[-34,-63],[-52,109],[15,69],[-33,80],[-65,127],[68,9],[-16,-39],[62,-147]],[[70463,13799],[-10,-27],[-21,28],[31,-1]],[[69866,14438],[5,-31],[-66,30],[32,31],[5,52],[34,-8],[-10,-74]],[[771,17021],[-41,-46],[-5,39],[-22,-9],[16,-63],[21,-34],[-53,-22],[-7,37],[21,39],[-22,30],[-43,-2],[18,25],[39,15],[78,-9]],[[2058,26094],[-21,-20],[-9,24],[23,39],[7,-43]],[[4088,25297],[-20,4],[15,18],[5,-22]],[[37533,51790],[-61,9],[-10,25],[19,33],[18,71],[-70,59],[-34,-10],[-42,32],[-14,45],[-43,-21],[-13,29],[-24,-25],[-27,19],[-20,-39],[-36,7]],[[37176,52024],[-44,21],[-37,-13],[-48,17],[-28,32],[21,17],[68,-5],[51,-44],[27,6],[-54,46],[36,5],[-48,74],[28,67],[25,24],[55,92],[16,50],[24,135],[18,48],[24,-12],[95,69],[35,63],[107,51],[152,13],[31,-42],[46,-17]],[[37776,52721],[-2,-104],[-35,-134],[-54,0],[0,-63],[45,-7],[13,-23],[-12,-65],[-46,-39],[11,-44],[-12,-25],[-78,-32],[-38,21],[-44,-44],[49,-100],[-23,-98],[11,-28],[-48,-60],[31,-29],[-11,-57]],[[37176,52024],[-10,-29],[-55,-37],[-65,29],[-22,-16],[-24,50]],[[37000,52021],[48,8],[59,-17],[69,12]],[[37310,52644],[-36,-13],[36,54],[0,-41]],[[37120,52154],[26,-34],[-25,-8],[-51,38],[50,4]],[[22560,37585],[-10,-42],[-7,52],[-16,47],[30,-26],[3,-31]],[[22218,37698],[-34,35],[7,24],[27,-59]],[[22450,37553],[-11,-5],[-39,36],[-32,57],[16,16],[13,-41],[37,-26],[16,-37]],[[54104,43371],[7,-45],[-24,-125],[-8,-101],[25,-76],[10,-75],[-21,-108],[-12,-18],[-30,21],[-43,-14],[-45,8],[-25,-23],[-40,27],[-15,45],[-63,-44],[-68,51],[-72,28],[-31,-18],[-24,14],[-7,52],[-27,22],[-56,-37],[-28,39],[-27,12],[-67,60],[-15,95],[-105,71],[-53,-42],[-77,32],[-32,-35],[-112,55],[-11,57],[-46,-1],[-94,89],[-27,-17],[-74,72],[-35,42],[-29,58],[-131,121],[-20,-19],[-70,80],[-4,15],[16,85],[20,34],[5,84],[29,113],[30,63],[72,100],[21,-3]],[[52671,44215],[20,-47],[30,21],[32,90],[46,18],[81,-22],[23,-78],[66,-64],[74,-95],[32,-24],[29,-2],[40,-64],[46,-94],[72,35],[33,-21],[26,-114],[98,-116],[28,-16],[43,21],[18,-6],[-14,-81],[7,-21],[58,-15],[54,1],[33,-53],[23,-76],[22,3],[3,54],[12,12],[16,-34],[39,-35],[21,13],[8,45],[27,4],[12,-27],[55,-35],[24,-33],[110,-6],[36,24],[50,-6]],[[70015,32926],[-8,-11],[-1,17],[9,-6]],[[41421,26569],[-71,-11],[-24,-16],[-52,-69],[-35,28],[-46,-37],[-47,-56],[-40,-72],[-24,-10],[-24,82],[-33,75],[-40,6],[-220,-69],[-157,-40],[-52,-5],[0,-524],[1,-451],[0,-365],[-2,-14],[-200,0],[0,-406],[0,-211],[1,-405]],[[39643,22586],[-23,30],[-66,112],[-24,29],[-34,69],[-77,213],[-42,220],[6,69],[-13,64],[-26,40],[-7,132],[-18,86],[4,71],[-8,64],[3,120],[-14,90],[-29,88],[-25,128],[-4,55],[3,150],[-5,133],[-14,116],[19,17],[6,80],[-13,94],[-28,95],[-71,155],[-27,109],[-78,204],[-34,145],[-23,125],[-26,57],[-117,406],[-27,64],[-47,78],[-29,99],[-35,99],[-9,92],[-2,105],[4,80]],[[38693,26769],[55,30],[40,-16],[68,-1],[83,73],[28,17],[61,-14],[32,-49],[76,-91],[16,-8],[80,8],[273,-1],[154,0],[264,-1],[113,-2],[18,-16],[47,-96],[22,-23],[50,-19],[61,-3],[53,-16],[55,-5],[57,7],[40,-9],[47,-40],[24,-9],[74,24],[61,-17],[244,81],[153,52]],[[43024,27960],[37,-102],[50,-103],[12,14],[129,45],[35,-70],[9,-119],[-2,-138],[-22,-66],[-15,-84],[-22,-67],[31,-71],[-2,-44],[109,-206],[30,-27],[6,-24],[-14,-44],[17,-40],[33,11],[-2,106],[-23,91],[25,116],[14,31],[48,13],[32,25],[7,37],[8,198],[-5,57],[7,85],[11,52],[-10,82],[-121,284],[-47,94],[-33,47],[-38,10],[-20,47],[-16,255],[-25,168],[3,33],[36,105],[22,91],[60,4]],[[44489,29265],[30,-72],[-25,-38],[22,-24],[-16,-37],[5,-50],[-28,-98],[12,-43],[-6,-77],[20,-127],[-6,-43],[4,-100],[-7,-37],[19,-53],[-6,-69],[-21,-30],[-2,-28],[26,-1],[3,-143],[-8,-33],[10,-141],[2,-118],[23,-17],[-15,-65],[1,-55],[16,44],[18,-18],[4,-119],[-27,-51],[-1,-50],[-16,-18],[7,-54],[-19,-78],[-91,-186],[-2,-32],[-23,-58],[-39,-26],[11,-52],[-44,-53],[-78,-78],[-31,-66],[-41,-26],[-50,-13],[-99,-61],[-19,-29],[-43,-26],[-66,-65],[-54,-63],[-61,-93],[-8,-50],[-29,-65],[-44,-78],[-43,-101],[-13,27],[-5,-52],[-23,7],[-54,-56],[-41,-63],[-58,-121],[-84,-117],[-19,-3],[-41,44],[21,-45],[-1,-99],[-9,-140],[56,-123],[27,-143],[2,-74],[28,-94],[13,-142],[-3,-132],[14,-22],[7,102],[15,20],[10,-93],[-11,-103],[18,-113],[-17,-81],[-24,-193],[-1,-33],[35,-10],[-21,-127],[-57,-136],[-33,-41],[-78,-62],[-155,-91],[-99,-71],[-78,-85],[-34,-56],[-14,-65],[-27,-68],[23,-56],[29,-41],[22,68],[-14,-282]],[[43330,28660],[7,29],[-15,8],[8,-37]],[[35876,46033],[17,-49],[68,-81],[-11,-53],[22,-41],[-10,-47],[17,-71],[1,-169],[14,-55],[-9,-91],[26,-90],[8,-73],[32,-64],[48,-55],[9,-31],[-35,-48],[3,-85],[-10,-7],[-237,15],[-83,-20],[-14,-12],[-17,-76],[-86,-48],[-52,-2],[-26,-14],[-2,-55],[10,-55],[-9,-61],[42,-48],[-16,-45],[-57,-11],[-68,-79],[-92,-54],[-38,-32],[-43,-110],[-54,-77],[-66,-33],[-89,-21],[-57,-1],[-4,-55],[-23,-33],[-93,21],[-28,-19],[-51,-67],[-40,-16],[-64,-80],[-53,-56],[-80,-96],[-5,-36],[0,-355]],[[34571,43292],[-27,0],[9,-72],[-6,-36],[10,-63],[-8,-26],[-42,-11],[-83,-1],[-65,-83],[-33,-4],[-27,22],[-44,-18],[-61,47],[-75,8],[-94,-47],[15,-51],[-4,-41],[-27,-42],[-34,-83],[-16,-70],[-63,-27],[-29,-144],[-28,-194],[-24,-104],[-57,-73],[-56,-59],[-14,-26],[-51,-154],[-92,-70],[-25,-37],[-26,-103],[-30,-239],[-10,-166],[-83,-165],[4,-41],[-12,-55],[-34,-55],[-125,0],[-59,15],[-198,-8],[-55,-18]],[[32892,40998],[15,176],[28,96],[22,42],[34,22],[31,96],[11,88],[27,73],[-8,24],[82,240],[1,34],[-36,-63],[16,64],[63,84],[80,149],[31,26],[27,63],[10,56],[2,128],[10,68],[18,52],[21,96],[16,43],[10,88],[12,33],[49,60],[44,27],[76,90],[16,51],[17,101],[31,106],[17,81],[27,42],[18,53],[32,24],[65,11],[98,44],[87,67],[25,26],[70,122],[83,83],[37,47],[58,116],[38,96],[32,61],[38,111],[8,89],[-5,35],[-45,100],[8,47],[5,213],[27,105],[66,138],[12,57],[9,122],[82,128],[49,98],[59,69],[149,98],[85,70],[49,51],[29,60],[81,237],[80,333],[7,39],[61,15],[45,38],[24,-10],[-12,-58],[47,-103],[54,-68],[43,-28],[60,-16],[70,30],[58,13],[21,-19],[39,-6],[39,10],[47,62],[26,-103],[126,-8]],[[34571,43292],[0,-136]],[[34571,43156],[0,-475],[-116,0],[-225,0],[-188,0],[-143,0],[0,-495],[0,-395],[-2,-40],[-70,-55],[-50,-17],[-83,-100],[-27,-91],[14,-95],[16,-427],[-169,-1],[-278,0],[-139,0],[-211,-1],[-20,-158],[3,-34]],[[32883,40772],[-10,18],[19,208]],[[40429,48875],[-64,-36],[7,-68]],[[40372,48771],[-55,-26],[-10,48],[-17,8],[-76,-167],[17,-38],[-4,-74]],[[40227,48522],[-32,29],[-13,41],[-46,70],[-76,67]],[[40060,48729],[-16,47]],[[40044,48776],[21,42],[-15,38],[-5,70],[37,22],[10,75],[36,42],[35,-19],[-17,75],[6,17],[45,-4]],[[59870,51449],[-89,-241],[-58,-177],[-27,-41],[-7,-121],[-53,-43],[7,-68],[31,-54],[37,-41],[68,63],[57,-7],[49,11],[63,-23],[57,-57],[84,123],[76,15],[71,-16],[53,-83],[65,-38],[8,-36],[34,-31],[48,-80],[37,-39],[38,-107],[-7,-69],[-32,-24],[-110,12],[-64,45],[-25,-25],[-83,9],[-80,-36],[-20,-30],[-29,-6],[-25,24],[-28,-6],[-15,-77],[-96,10],[-59,-36],[-42,-72],[-29,-77],[6,-33],[-27,-40],[-35,-23],[-51,-61],[-105,-25],[-49,-5],[-37,15],[-44,-20],[-20,-59],[-79,-96],[-30,-17],[-59,-56],[-108,24],[-92,40],[-37,51],[-104,3],[-56,-88],[-44,-169],[24,-64],[64,-95],[19,-44],[0,-38],[-32,-17],[-46,-62],[-109,-57],[-122,-209],[-142,-81],[-51,-36],[-153,-15],[-104,12],[-283,-59],[-182,-108],[-135,-94],[-43,-53],[-25,18],[-73,5],[0,81],[-159,-46],[-129,93],[-185,56],[-37,22],[-52,91],[-44,27],[-81,5],[-224,46],[-104,-40],[-105,18],[-248,44],[-104,20],[-165,-26],[-18,77],[-78,102],[-14,65],[-64,210],[-34,19],[-1,100],[-61,-7],[-68,34],[-70,62],[-33,46],[-49,11],[-61,84],[-73,30],[-102,19],[-74,-10],[-79,22],[-90,3],[-55,15],[-53,37],[-35,-8],[-43,121],[9,76],[59,112],[-18,87],[25,95],[-10,81],[-23,75],[-31,18],[-45,104],[-14,80],[-23,64],[-42,25],[-15,49],[-51,-19],[-43,65],[-47,8],[-57,-8],[-95,80],[-12,60],[-42,33],[-66,30],[9,67],[-39,20],[-18,33],[23,31],[-9,73]],[[37825,49214],[-13,-7]],[[37812,49207],[8,15],[5,-8]],[[16720,42669],[-4,-76],[-12,-63],[-40,-129],[-17,-81],[-33,-230],[-10,-150],[-9,-248],[4,-134],[-23,-117],[19,-191],[36,-110],[55,-89],[-19,-108],[-5,31],[10,77],[-42,72],[-33,98],[24,-156],[24,-46],[3,-30],[62,-220],[15,-68],[83,-157],[51,-117],[34,-193],[61,-107],[15,-58],[27,-34],[-31,17],[22,-35],[49,-24],[3,11],[77,-7],[34,-48],[43,-21],[51,-125],[72,8],[129,86],[65,5],[21,-7],[49,17],[35,52],[54,24],[94,14],[19,-28],[-12,-28],[28,-34],[54,-5],[52,62],[0,35],[-18,32],[5,34],[-19,-4],[61,55],[36,42],[44,74],[9,139],[37,67],[5,41],[0,196],[5,58],[21,108],[35,41],[73,57],[190,51],[83,57],[44,0],[24,18],[89,-30],[42,-23],[47,-10],[17,25],[-41,22],[48,18],[19,-11],[43,-63],[1,-69],[9,-31],[-19,-97],[-39,-94],[-33,-45],[-40,-102],[-9,-47],[7,-75],[-7,-28],[-24,-16],[-21,-53],[9,-30],[44,11],[-11,-52],[-36,-33],[1,-35],[31,11],[-19,-89],[-12,-91],[-16,-53],[-6,-77],[-18,-65],[-22,63],[-19,31],[9,75],[-4,41],[-33,-44],[0,-28],[-20,-63]],[[18506,39913],[-46,-10],[-13,-57],[-44,-120],[-19,-18],[-31,31],[-16,-11],[-6,-57]],[[18331,39671],[-206,0],[-163,1],[-1,-208],[-84,1],[38,-53],[50,-90],[53,-58],[16,-73],[44,-44],[-6,-117],[-261,-1],[-91,-276],[-3,-30],[26,-60],[-14,-27],[-8,-68],[5,-46],[-15,-54]],[[17711,38468],[-60,108],[-56,110],[-72,114],[-115,162],[-37,61],[-92,85],[-10,-22],[80,-60],[5,-16],[-94,62],[-39,5],[15,42],[-13,14],[-28,-24],[0,28],[-22,20],[-24,-52],[47,-18],[-70,-19],[-67,-74],[-62,-32],[-89,-72],[-60,-15],[-60,28],[-76,67],[-115,21],[-78,88],[-77,36],[-48,85],[-119,48],[-69,20],[-67,74],[-166,103],[-31,28],[-30,43],[-48,44],[-20,38],[-23,13],[-50,99],[-30,19],[-45,-6],[-97,39],[-64,46],[-86,51],[-52,113],[-43,72],[-99,97],[-40,22],[-68,58],[-34,93],[-36,53],[-39,99],[-18,93],[-20,58],[25,41],[34,5],[23,25],[2,33],[-15,31],[-34,9],[52,126],[6,137],[-45,46],[-20,74],[-24,63],[1,124],[-30,111],[-46,74],[-43,85],[-34,50],[-33,93],[-33,60],[-42,99],[-30,50],[-137,167],[48,-41],[3,48],[-62,18],[-27,28],[-13,62],[-39,71],[4,20],[31,2],[-11,21],[-57,37],[-76,85],[-7,42],[-49,-21],[-8,26],[19,13],[17,54],[-24,-34],[-38,-18],[-38,49],[-8,113],[45,100],[-15,84],[-42,65],[-55,-3],[-27,67],[-11,72],[-67,30],[-41,59],[-16,47],[-11,75],[17,78],[-46,18],[-33,-9],[-40,29],[-33,54],[-38,99],[-42,32],[-53,130],[-44,72],[-13,92],[-31,29],[-7,69],[-32,67],[-34,98],[-17,116],[-47,129],[-11,52],[1,105],[12,37],[-37,29],[-51,14],[-28,19],[-2,45],[-26,33],[-38,26],[-11,-38],[-30,-7],[-80,83],[-30,17],[-48,45],[19,-38],[10,-55],[-12,-41],[-6,-140],[24,-73],[15,-124],[11,-42],[-4,-99],[21,-79],[35,-71],[39,-35],[24,-46],[62,-89],[42,-98],[10,-64],[23,7],[13,-49],[23,-5],[23,-106],[44,-32],[1,-49],[15,-31],[-3,-42],[12,-36],[3,-62],[37,-62],[45,-50],[9,-64],[19,-60],[37,-39],[-1,-41],[26,-47],[4,-60],[33,-35],[-24,64],[5,45],[45,-63],[5,-47],[43,-167],[8,-124],[29,-80],[23,-16],[28,-141],[28,-55],[16,-76],[-11,-73],[15,-92],[22,-46],[26,-12],[11,-30],[14,35],[-6,40],[13,15],[48,-63],[63,-136],[7,-53],[34,-23],[18,-43],[-8,-98],[-54,-86],[-40,-35],[-16,3],[-17,41],[-19,124],[-36,96],[-54,49],[-82,136],[-78,82],[-53,83],[-24,-5],[-9,47],[-45,63],[-12,75],[15,163],[-12,53],[-12,104],[-41,110],[-57,38],[-73,98],[-20,49],[-7,85],[-24,-57],[-31,2],[-34,-28],[-21,26],[-28,64],[-32,8],[-23,44],[-45,19],[-22,22],[-19,78],[-92,113],[-9,38],[95,-21],[54,33],[0,-36],[33,-38],[-4,91],[-22,6],[16,29],[19,76],[9,75],[-20,66],[-33,46],[-71,134],[-67,107],[-35,16],[-102,121],[-15,66],[-12,9],[-2,126],[-36,41],[-14,143],[-47,62],[-7,85],[-67,133],[9,106],[-46,54],[-13,74],[-31,53],[-13,70]],[[18779,40587],[-16,29],[19,62],[35,0],[-38,-91]],[[14832,41068],[-6,-31],[-16,13],[-6,50],[28,-32]],[[13941,40012],[-30,15],[15,30],[15,-45]],[[14011,42316],[6,-41],[-24,28],[-6,44],[24,-31]],[[13489,43806],[-22,16],[-64,117],[-1,58],[34,-32],[9,-54],[35,-13],[9,-92]],[[13082,43444],[-36,13],[18,43],[-2,45],[15,-6],[10,-57],[-5,-38]],[[13681,43789],[-15,-87],[-48,29],[9,117],[38,27],[16,-86]],[[12462,43765],[-8,-14],[-23,77],[17,26],[14,-89]],[[17822,39988],[-27,0],[46,37],[11,-6],[-30,-31]],[[14165,42002],[-15,19],[-2,53],[17,-72]],[[13904,42690],[-25,-68],[8,76],[17,-8]],[[13783,42092],[-3,-18],[-60,69],[31,2],[32,-53]],[[13711,42148],[-24,67],[-25,22],[15,60],[13,123],[6,-23],[-14,-124],[15,-86],[14,-39]],[[47957,25578],[-54,-7],[1,102],[20,31],[18,54],[16,2],[28,-82],[-3,-42],[-26,-58]],[[32987,38944],[0,165],[14,116],[24,119],[28,98],[26,130],[10,126],[-4,123],[-7,110],[-26,177],[-19,56],[-34,48],[-8,28],[29,18],[13,38],[-28,-15],[33,116],[14,162],[-25,69],[-19,87],[-20,21],[-7,-39],[-12,11],[-51,167],[-25,-17],[-10,-86]],[[34571,43156],[114,-122],[152,-163],[228,-244],[145,-156],[140,-158]],[[35350,42313],[-229,0],[-128,0],[22,-359],[23,-366],[18,-274],[17,-274],[23,-366],[17,-275],[23,-366],[29,-457],[23,-364],[54,-105],[-31,-289],[-166,0],[-247,0],[-123,0],[-203,0],[-32,11],[-3,55],[-20,-37],[0,-43],[-100,-31],[-38,3],[-57,20],[-57,-5],[-40,-100],[-11,0],[-102,174],[-10,5],[-52,-78],[-14,-67],[-8,-92],[-14,-39],[-33,-52],[-36,23]],[[33019,40367],[-13,-36],[-8,37],[27,58],[-6,-59]],[[39263,46308],[-26,-11],[-17,18],[0,39],[43,-46]],[[35350,42313],[184,-215],[132,-158],[198,-236],[199,-237],[198,-236],[132,-158],[162,-192],[4,-105],[25,-38],[65,-59],[15,-65],[49,-39],[58,-9],[38,-67],[93,-40],[53,-39],[15,-22],[0,-85],[11,-55],[-31,-96],[31,-50],[29,-9],[167,57]],[[36367,38603],[-91,54],[-34,-17],[-27,24],[-45,-11],[-58,-84],[-90,-71],[-55,-52],[-42,-11],[-17,-96],[-11,-10],[-69,39],[-26,-17],[-39,-57],[-19,-45],[-11,-60],[2,-40],[-25,-15],[-32,13],[-14,-35],[-7,-109],[-34,-31],[-21,-1],[-56,66],[-40,3],[-56,-97],[21,-88],[-1,-32],[-51,-44],[12,-34],[-1,-89],[-32,-68],[-43,-45],[-62,-24],[-37,-51],[0,-53],[12,-59],[-14,-117],[-38,-60],[6,-100],[-13,-127]],[[35209,36952],[-35,3],[-30,-16],[-38,-72],[-42,31],[10,45],[-14,119],[-33,-19],[3,-37],[-31,5],[-18,26],[-8,-113],[-52,-3],[-4,-61],[-79,31],[-28,66],[-32,-4],[-31,-71],[-36,-27]],[[34711,36855],[-3,59],[-46,43],[-18,114],[-3,89],[-28,21],[-34,-21],[-4,17],[52,129],[-52,47],[-9,38],[-23,20],[1,92],[-45,176],[-35,30],[-36,-7],[12,-52],[-5,-25],[-61,-41],[-11,-37],[-21,0],[-92,63],[-38,-28],[-43,-88],[-13,11],[-39,102],[-27,-13],[-29,-54],[-19,-3],[-40,67],[23,76]],[[51158,34648],[-8,2],[11,27],[-3,-29]],[[56927,35413],[48,-26],[40,-114],[51,-80],[39,-44],[43,-97],[45,-151],[7,-67],[3,-102],[-10,-153],[-11,-76],[18,-92],[-3,-216],[20,-58],[56,-72],[82,-315],[14,-89],[-23,-43],[-39,95],[2,-62],[-36,8],[-24,-10],[-29,-43],[-14,-1],[-25,80],[-93,90],[-34,24],[-37,68],[-81,76],[-51,74],[-22,46],[-53,40],[-45,74],[12,47],[-11,89],[-38,80],[-18,57],[-35,56],[-27,69],[16,21],[-27,75],[-10,54],[0,103],[-28,144],[-25,200],[5,70],[-7,76],[-16,73],[-21,52],[-8,43]],[[60050,34650],[-25,9],[-35,39],[-36,14],[-118,12],[-20,-23],[-19,17],[-38,0],[-23,-23],[-25,21],[-44,-57],[-22,-94],[-5,-112],[4,-69],[-9,-31],[-13,-121],[-29,-15],[-13,12],[-32,-68],[-2,-76],[20,-41],[-42,-63],[-37,-37],[-6,-32],[15,-68],[-6,-31],[-20,-16],[-8,-61],[-23,-80],[-32,12],[-98,-24],[-57,-73],[-22,26],[-31,7],[-75,48],[-9,40],[-94,-2],[-59,-45],[-21,-108],[-32,-12],[-31,-41],[-32,8],[-25,-10],[-40,18],[-38,2],[-33,-12],[-65,-51],[-22,-6],[-38,49],[-41,72],[-60,91],[-33,65],[-3,60],[-20,44],[18,48]],[[58446,33862],[19,-63],[53,-51],[53,-9],[21,10],[65,-64],[54,-11],[32,-43],[25,-2],[-33,34],[-3,54],[22,39],[3,60],[20,87],[-15,58],[10,51],[22,-26],[19,6],[-1,93],[14,40],[44,41],[79,22],[125,58],[62,49],[81,197],[53,96],[43,89],[13,65],[-1,47],[16,17]],[[59341,34806],[33,-42],[20,-80],[18,-2],[39,-86],[24,27],[23,109],[-10,26],[-9,94],[57,67]],[[59536,34919],[0,-77],[16,-111],[28,-16],[16,13],[-9,28],[-3,65],[-26,98]],[[59558,34919],[48,12],[29,43],[13,53],[-24,22],[-9,59],[37,70],[4,-20],[35,-5],[25,69],[28,58],[16,91],[72,145],[51,167],[17,-9],[3,-46],[-12,-81],[25,19],[44,114],[25,-18],[8,-89],[71,-75],[10,-74],[-16,-28],[7,-45],[-7,-49],[-23,-21],[64,21],[37,41],[23,-70],[-37,-28],[8,-29],[56,42],[42,-21],[21,-29],[7,-35],[24,-12],[49,-48],[53,-6],[6,-78],[-24,-36],[-93,-51],[-58,20],[-25,-10],[-15,-59],[28,-59],[48,-62],[5,-34],[-18,-17],[-54,-17],[-45,-24],[-54,32],[-18,-12],[-15,-50]],[[57355,34121],[-19,13],[12,39],[7,-52]],[[56562,35064],[-20,-4],[2,60],[28,-13],[-10,-43]],[[56473,35495],[14,-39],[-35,-36],[-20,58],[41,17]],[[59962,35753],[-12,-19],[-3,53],[16,29],[24,5],[-5,-61],[-20,-7]],[[58802,34005],[-16,8],[-2,111],[15,-11],[3,-108]],[[60112,34656],[-47,-6]],[[60065,34650],[2,30],[20,1],[25,-25]],[[46320,28541],[20,-75],[61,-160],[6,-73],[21,-113],[20,-170],[7,-175],[6,-80],[16,-75],[25,-78],[9,-87],[-16,-90],[-23,-84],[-16,-38],[-39,58],[-25,127],[-30,3],[-19,-43],[9,-90],[3,-98],[24,-66],[2,-85],[-21,-79],[6,-41],[-26,-29],[-20,-52],[-18,-76],[-2,-39],[11,-119],[-3,-84],[-23,-161],[-32,-168],[-29,-120],[-29,-152],[-24,-155],[-39,-186],[-28,-162],[-23,-166],[-36,-181],[-54,-230],[-10,-103],[-24,-179],[-27,-147],[-9,-89],[-38,-127],[-20,-127],[-19,-82],[-29,-70],[-62,-63],[-69,-9],[-46,-21],[-48,-41],[-83,-81],[-61,-3],[-18,10],[-61,77],[-95,40],[-18,40],[-44,44],[-37,169],[-33,66],[-7,92],[-2,135],[16,78],[-31,165],[-35,72],[-14,71],[-13,114],[1,123],[15,95],[19,53],[13,107],[60,65],[23,115],[66,179],[22,86],[11,82],[10,137],[-1,45],[-42,130],[-1,123],[-25,87],[-14,79],[-10,221],[-10,40],[7,69],[90,254],[1,152],[10,27],[87,15],[52,71],[21,7],[14,-27],[52,16],[21,66],[99,25],[25,-58],[25,3],[-20,30],[-2,37],[29,74],[82,104],[23,-5],[7,-77],[14,7],[7,49],[-8,55],[38,77],[14,65],[18,23],[11,-43],[-13,-65],[19,1],[38,115],[12,16],[39,-13],[-31,47],[-8,64],[37,112],[8,39],[-19,38],[-1,47],[29,49],[43,-45],[31,66],[43,42],[35,58],[23,122],[-3,79],[-22,92],[23,5],[28,52],[34,87],[22,-16],[10,-42],[35,-72]],[[46079,28198],[-26,-7],[-5,46],[24,22],[7,-61]],[[46401,26896],[-23,-67],[6,56],[34,88],[-17,-77]],[[40832,48686],[49,-77],[51,-41],[34,-102],[-11,-41],[-7,-99]],[[40948,48326],[-33,-9],[-6,-49],[-46,-22],[-63,14],[-51,-18],[-30,-58],[-42,-30],[-34,14],[-16,-15],[-73,-6]],[[40554,48147],[-6,19],[-39,1],[-51,135],[-8,92],[14,20],[-3,48],[13,62]],[[40474,48524],[26,-8],[16,80],[57,37],[46,-26],[21,44],[35,10]],[[37558,51558],[4,-54],[24,-37],[47,-27],[-29,-128]],[[37604,51312],[-21,16],[-57,-15],[-34,31]],[[37492,51344],[18,39],[-31,60],[4,41],[46,91],[29,-17]],[[40609,53451],[0,70],[-35,132],[-3,94]],[[40571,53747],[122,90],[87,34],[101,-11],[59,7],[34,-26],[30,16],[125,-14],[62,-24],[82,12],[35,31],[41,6],[34,-73],[104,-26],[100,-85],[40,-54],[63,-31]],[[41690,53599],[-27,-119],[64,-26],[-35,-53],[-63,4],[-23,-50],[-64,-31],[-28,-74],[1,-57],[-34,-93],[29,-7],[10,-50],[-36,-6],[-23,56],[-56,-29],[-27,-29],[-36,4],[-20,-63],[-30,2],[-61,-32],[-26,21],[-92,-14],[-50,10]],[[40541,53459],[41,74],[-29,-77]],[[38246,50510],[11,-79]],[[38645,45325],[62,-32],[95,-87],[95,-21],[107,42],[74,-43],[37,-2],[82,-41],[55,-62],[134,-45],[37,-85],[1,-69],[27,-116],[42,-85],[84,-59],[66,-14],[67,-4],[115,-49],[97,-57],[24,-28],[48,-27],[97,-133],[54,-47],[38,-8],[34,8],[85,73],[60,115],[28,102],[-10,82],[-28,94],[-7,96],[9,67],[30,81],[50,78],[51,55],[89,72],[73,9],[43,50],[41,-10],[70,3],[68,-45],[46,-20],[68,-45],[8,-63],[-5,-43],[37,-43],[103,-20],[67,-55],[70,-5],[42,7],[39,-11],[29,-37],[26,-84]],[[41399,44764],[-60,-118],[5,-101],[19,-105],[-19,-117],[-31,-76],[-3,-44],[19,-90],[23,-188],[12,-71],[0,-414],[0,-495],[0,-414],[0,-330],[0,-413],[0,-331],[0,-248]],[[41163,40290],[-194,174],[-96,87],[-194,174],[-193,174],[-193,174],[-97,87],[-193,174],[-97,87],[-193,175],[-164,147],[-203,-166]],[[38739,41769],[-87,285],[-6,9],[-166,87],[-50,-26],[-37,40],[-27,74],[-19,96],[-5,103],[-112,270],[-2,66],[11,33],[74,80],[7,109],[-11,25],[-17,111],[-1,41],[34,168],[-12,95],[-9,190],[6,149],[-5,55],[-30,166],[-25,85],[-48,117],[42,42]],[[34248,36238],[28,13],[17,-33],[59,38],[51,-69],[16,-177],[14,-83],[-19,-82],[40,-14],[30,-60],[46,17],[30,86],[6,60],[26,7],[19,-44]],[[34611,35897],[10,-15],[28,-163],[-7,-100],[-55,-109],[31,-16],[22,-41],[28,-22],[45,-2],[19,-19],[18,-96],[14,-20],[55,-29],[11,-107],[-6,-83],[-16,-79],[-12,-11],[-4,-95],[4,-160],[5,-13]],[[34801,34717],[-23,6],[-69,52],[-52,30],[-176,171],[-49,68],[-57,102],[-125,206],[-29,33],[-36,16],[-38,37],[-13,57],[-89,82],[-44,80]],[[43562,45417],[-6,-6]],[[43556,45411],[-43,-51],[-19,-9],[-8,-49],[-17,-16],[-61,3]],[[43408,45289],[29,114],[17,41],[35,138],[21,56],[7,80],[32,69],[35,41],[-1,30]],[[40571,53747],[-7,70],[12,208],[56,71],[22,112],[54,92],[167,56],[19,-47],[98,-100],[31,-87],[73,-43],[57,14],[70,60],[25,56],[-16,201]],[[41232,54410],[159,71],[34,-6],[104,-66],[39,-11],[62,-87],[48,-26],[74,28],[91,-29]],[[42004,53774],[-51,-24],[-51,-61],[-14,-42],[-105,12],[-47,-44],[-46,-16]],[[58021,38527],[-22,-53],[-24,11],[-37,-64],[-16,3],[-19,-36],[-24,-5],[-51,70],[-13,27],[-29,-45],[-27,7],[-12,-38],[-37,-11],[29,-108],[-12,-47],[-32,1],[-34,60],[-42,26],[-36,-17],[-21,33],[-13,54]],[[56528,40592],[12,100],[29,76],[60,23],[-20,23],[47,144],[34,20],[31,37],[12,37]],[[56733,41052],[12,-17],[-5,-42],[10,-68],[12,-14],[52,18],[33,-31],[20,23],[-16,38],[5,107],[-2,81],[-27,60],[-16,97],[19,27],[11,50],[17,10],[17,-37],[37,19],[21,-23]],[[50640,48662],[-11,33],[27,72],[47,73],[113,33],[93,-24],[96,-44],[20,-28],[87,-21],[42,-35],[-14,67],[27,151],[66,48],[13,23],[53,16],[83,-67],[86,-56],[64,-25],[55,-8],[31,43],[145,-5],[110,19],[36,-21],[115,-7],[44,-13],[101,2],[86,-36],[36,4],[15,-41],[58,-77],[87,-16],[59,-82]],[[52510,48640],[1,-58],[-76,-13],[-15,-36],[-95,-43],[-111,-82],[-77,-69],[-3,-33],[-45,-76],[-63,-7],[-47,-24],[-120,18],[-33,-21],[-37,-89],[-32,-107],[-33,-36],[-12,29],[-78,-47],[-39,1],[-19,110],[-13,8],[-56,-54],[-48,-11],[-28,16],[-5,-55],[-32,-13],[-54,-63],[-85,-35],[-32,-89],[16,-72],[-18,-43],[-39,-15]],[[45713,43822],[48,92],[28,70],[42,156],[44,44],[69,6],[61,-42]],[[46005,44148],[6,-54],[28,-97],[-35,17],[-50,-74],[25,-19],[41,-4],[27,-138],[31,-79],[21,-82]],[[46065,44016],[-19,-4],[-20,69],[21,66],[33,-72],[-15,-59]],[[40474,48524],[2,51],[-19,77],[-49,43],[-36,76]],[[4572,33799],[34,-43],[-49,18],[-32,42],[28,-20],[23,44],[-4,-41]],[[43441,35137],[11,-47],[29,20],[56,-28],[11,-69],[-9,-76],[1,-52],[32,-69],[12,-43],[21,-20],[149,-7],[17,-7],[96,-111],[142,-170],[28,-11],[77,-6],[30,-16],[95,-29],[54,-8],[33,44],[38,101],[34,36],[152,119],[65,-103],[27,-18],[134,12]],[[44705,32492],[-30,-63],[-24,-29],[-32,-14],[-23,12],[-8,-39],[-13,12],[7,-62],[-23,-73],[-34,-55],[-48,-6],[-37,-48],[-8,-48],[3,-74],[-16,-85],[-25,-37],[-27,-83],[-8,-77],[-66,-255],[-23,-54],[-18,6],[-14,-31]],[[44596,32322],[-4,18],[23,26],[6,-23],[-25,-21]],[[46917,48489],[-7,118],[32,121],[4,47],[-9,75],[-32,23],[-33,-9],[-18,26],[-45,-7],[-23,22],[-47,91],[-64,6],[1,114],[-33,61],[-40,114],[-22,86],[-29,27],[-72,22],[-16,30],[9,64],[23,16],[91,1],[64,-47],[74,11],[-47,33],[-51,71],[-4,62],[43,52],[33,87],[25,-6],[39,21],[161,0],[77,-29],[58,4],[-73,61],[-13,28],[23,76],[31,69],[19,82],[-11,131],[18,45],[-20,69],[-31,36],[-88,13],[-28,-35],[-52,-20],[-15,23],[-54,11],[-19,32],[-95,33],[-52,-25],[-68,-58],[-33,-1],[-85,-91],[-48,-23],[-83,-19],[-24,-67]],[[53945,51177],[-88,2],[-27,-30],[-7,-115],[-34,-62],[-57,-27],[-105,-25],[-24,-67],[-21,-106],[13,-155],[14,-88],[-35,-71],[-51,-10],[-44,-47],[-46,-28],[-24,52],[-66,8],[-65,-9],[-77,27],[-89,53],[-33,-1],[-6,-56],[-62,-238],[-28,-84],[-25,-127],[-24,-80],[3,-28],[51,-28],[3,-84],[-24,-34],[-42,36],[-56,-21],[-41,23],[-19,46],[-18,-15],[-152,-66],[-44,-1],[-116,-45],[-38,-45],[26,-32],[52,4],[40,-22],[-24,-114],[4,-125],[28,-76],[42,-171],[-7,-43],[24,-55],[-80,-43],[-1,-26],[31,-37],[-58,-28],[-17,-48],[19,-158],[-10,-17]],[[46451,49620],[-18,-8],[-12,43],[30,-35]],[[46955,49825],[-26,23],[21,17],[5,-40]],[[44148,45395],[57,-323],[-15,-8],[12,-61],[42,17],[9,-40],[-30,-44]],[[43376,43917],[5,74]],[[43381,43991],[19,155],[15,61],[0,102],[60,262],[-8,36],[10,92]],[[43477,44699],[22,105],[-5,81],[8,93],[-4,58]],[[43498,45036],[4,90],[43,35]],[[63237,46437],[-26,-9],[-7,42],[18,17],[15,-50]],[[64241,47033],[-12,12],[7,50],[-15,1],[12,62],[40,56],[-10,-88],[25,-4],[-16,-59],[-31,-30]],[[63553,45732],[-22,-31],[-32,34],[34,65],[34,27],[-20,-54],[6,-41]],[[62683,44251],[-36,1],[-12,45],[22,29],[36,-36],[-10,-39]],[[62751,44301],[-18,-4],[15,105],[13,44],[15,0],[-5,-55],[-20,-90]],[[62574,44975],[-16,-13],[-5,56],[6,64],[32,8],[6,-74],[-23,-41]],[[62412,45672],[-19,8],[6,64],[24,-13],[-11,-59]],[[62433,45757],[-24,6],[12,87],[25,29],[5,-54],[-18,-68]],[[62288,45179],[35,-8],[11,-41],[-29,-24],[-19,16],[2,57]],[[62634,45046],[-28,15],[44,19],[-16,-34]],[[64792,49796],[-8,-23],[-13,72],[17,-6],[4,-43]],[[64837,49718],[-31,13],[22,28],[9,-41]],[[64470,48600],[-10,44],[26,13],[-16,-57]],[[63435,45804],[-20,-22],[-14,35],[34,-13]],[[62371,45200],[-16,41],[22,66],[9,-47],[-15,-60]],[[62455,45341],[-25,-18],[19,57],[21,11],[-15,-50]],[[62516,45534],[-24,-3],[8,43],[16,-40]],[[63014,45606],[37,-12],[-18,-24],[-30,10],[11,26]],[[65347,49349],[56,-6],[77,-56],[63,-3],[110,145],[2,-38],[-45,-133],[-6,-39],[49,-170],[30,-8],[37,40],[32,-1],[-42,-35],[-24,-43],[-32,1],[-64,-53],[-80,-31],[-67,13],[-67,-38],[-78,-104],[-31,-66],[-19,-73],[-4,-50],[-16,-31],[-147,95],[-132,118],[-90,-12],[-85,-75],[-56,79],[-46,1],[-19,-27],[-14,-56],[43,-74],[41,-6],[84,-115],[-30,-25],[-69,29],[-34,-53],[-21,-56],[-48,-35],[-22,18],[-9,38],[23,124],[-10,57],[-33,45],[-15,73],[14,96],[67,54],[42,58],[11,35],[-18,44],[-1,50],[19,12],[60,-45],[72,-13],[32,8],[23,66],[-3,97],[50,138],[3,90],[20,81],[5,86],[-13,82],[-27,79],[17,91],[54,39],[97,-141],[58,-113],[36,-54],[82,-101],[108,-103]],[[62794,45480],[49,-6],[34,25],[22,-19],[3,-37],[-35,-84],[73,-7],[-10,-50],[21,-26],[-8,-27],[19,-20],[-6,-28],[-49,-92],[-34,-136],[-21,-125],[0,-79],[-25,-98],[-54,12],[-7,-21],[13,-45],[-40,-53],[-43,-36],[21,94],[-18,113],[15,10],[0,37],[-25,5],[-25,-95],[23,-71],[-11,-33],[-78,42],[-11,43],[29,15],[6,56],[-27,61],[1,119],[26,19],[28,60],[36,115],[-28,14],[14,29],[-38,132],[-29,31],[-22,-27],[9,-93],[31,0],[3,-55],[-19,-9],[-39,34],[-58,-73],[12,56],[-27,56],[-3,68],[30,-62],[33,-15],[-19,63],[-64,78],[17,48],[37,-16],[-4,42],[50,31],[19,29],[40,13],[24,74],[47,34],[47,-21],[22,-73],[23,-26]],[[63436,45721],[57,-11],[0,-67],[20,-83],[-73,-78],[-27,-62],[-12,-71],[-45,74],[-66,23],[-70,-55],[-37,-122],[-17,-16],[-8,-53],[-22,-32],[-46,3],[14,52],[-43,5],[-14,52],[17,86],[-22,14],[2,37],[-66,-33],[6,20],[51,43],[56,65],[28,112],[42,35],[29,-59],[90,33],[12,43],[-8,40],[21,-2],[49,40],[26,4],[56,-37]],[[64823,48339],[46,12],[-11,-113],[2,-95],[10,-84],[37,-51],[31,-67],[36,-164],[0,-153],[-15,-117],[-49,-50],[-23,-78],[-16,-132],[-72,-24],[-30,-70],[-7,-73],[16,-93],[6,-85],[-13,-171],[-36,-57],[-33,-127],[-11,-100],[10,-63],[50,-123],[-47,-23],[-37,-56],[-8,-89],[-20,-42],[-52,-43],[-28,-51],[-24,22],[10,101],[-5,24],[53,89],[-20,47],[-31,-3],[-14,-61],[-24,-31],[19,-58],[-21,-40],[-33,57],[-45,-7],[-27,-67],[-6,-95],[-21,-52],[-29,-29],[-16,30],[9,101],[20,19],[-37,36],[-29,-14],[-14,-36],[-51,-94],[-13,-50],[-43,16],[-88,9],[-97,-30],[46,44],[-3,26],[-49,-3],[-30,15],[-6,93],[-33,-27],[-32,-113],[17,-33],[54,-57],[-6,-40],[-62,-25],[-44,-30],[-83,-226],[-45,-27],[-48,24],[-22,62],[-34,65],[-10,40],[-6,104],[34,34],[24,44],[6,43],[-12,13],[-63,-8],[-61,49],[-32,2],[-76,-27],[-48,-63],[-106,-34],[-61,-48],[-25,10],[-73,-31],[-47,39],[-22,-10],[-15,-36],[-19,-143],[-82,79],[-53,-12],[-49,-27],[-33,27],[-30,-17],[-6,106],[23,48],[70,7],[52,75],[50,41],[42,64],[39,45],[73,104],[16,41],[45,35],[69,16],[23,-36],[48,20],[49,-7],[72,17],[48,32],[86,13],[59,31],[19,-9],[-7,-48],[19,-24],[71,-8],[45,38],[39,59],[-18,82],[30,86],[41,50],[69,140],[10,77],[-6,91],[25,68],[97,51],[3,-31],[-38,-57],[-46,-40],[15,-54],[4,-70],[22,-23],[44,-1],[34,66],[81,42],[82,57],[46,64],[33,62],[35,104],[73,61],[31,49],[16,94],[20,74],[45,104],[22,127],[28,87],[1,105],[-22,50],[-27,-3],[-11,30],[24,10],[20,56],[8,65],[-18,104],[21,50],[45,28],[18,72],[-5,57],[14,26],[49,-13],[10,-111],[25,-22],[27,39],[37,-21],[29,81],[-13,52],[-80,-39],[12,106],[15,29],[59,-49]],[[61406,42137],[-12,-58],[-20,-4],[-11,32],[43,30]],[[61324,42050],[-42,3],[18,46],[33,-19],[-9,-30]],[[61638,42220],[-36,-4],[3,52],[33,-48]],[[62206,42923],[-62,-72],[-17,-5],[7,-43],[-23,-26],[3,-38],[-30,-21],[14,78],[1,46],[40,45],[-4,51],[28,-19],[34,57],[8,31],[15,-25],[-14,-59]],[[62355,43316],[-20,3],[-3,42],[14,25],[9,-70]],[[62447,43496],[-18,-30],[-40,45],[31,40],[38,14],[36,44],[-9,-39],[-41,-58],[3,-16]],[[62421,43457],[-19,-1],[-8,33],[27,-32]],[[20732,39907],[72,-24],[42,-49],[70,-39],[28,-88],[-63,-17],[-66,39],[-19,-46],[-25,20],[-18,-21],[-9,-48],[-32,44],[-82,16],[-23,52],[-16,11],[-23,52],[-44,10],[-6,49],[22,36],[48,7],[21,20],[123,-24]],[[38433,50360],[48,-7],[14,-19],[53,1],[22,51],[23,15],[107,4],[79,35],[-3,-54],[47,-86],[19,-11],[139,-36],[107,-20]],[[39092,49890],[13,15],[-31,53],[-33,-23],[-52,23],[-36,-49],[-108,-65],[-1,31],[-44,-37],[-9,-75],[33,-74],[27,-27],[-28,-62],[-22,12],[-6,-40],[12,-108],[18,-76],[60,-84],[43,-27],[78,-87],[55,-42],[48,-144],[42,-180],[35,-68],[72,-96],[65,-71],[62,-43],[47,-8],[113,10],[40,-16],[-2,-51],[-48,-50],[-3,-40],[23,-29],[109,-74],[111,-63],[75,-82],[97,-68],[16,-33],[59,-71],[27,-55],[5,-43],[-29,-105],[-53,43],[-43,126],[-79,13],[-44,31],[-8,32],[-38,10],[-20,-20],[-53,-118],[-28,-102],[-1,-42],[15,-40],[46,-22],[58,-73],[2,-90],[10,-50],[-15,-29],[-30,7],[-39,-18],[-40,-65],[-3,-112],[-53,-59],[-45,-113],[-67,-1],[-16,35],[-1,52],[36,47],[17,66],[-5,48],[19,36],[45,18],[3,67],[-21,30],[-17,121],[-34,101],[-33,134],[-21,23],[-59,6],[-69,62],[7,51],[-16,66],[-29,41],[-86,-25],[25,47],[-31,31],[-42,6],[-49,111],[-25,39],[-36,-1],[-62,20],[-32,-16],[-49,61],[-44,22],[-85,126],[-27,47],[-54,52],[-34,76],[-69,50],[-31,-12],[5,53],[-46,75],[-27,24],[-20,49],[-39,11],[4,64],[-17,85],[-26,52],[-15,125],[-12,35],[-28,26],[-64,30],[-89,80],[-106,38],[-43,-28],[-52,-77],[-43,-80],[-70,-43],[-48,-13]],[[37836,49220],[-3,36],[35,62],[-3,49],[-54,-14],[-82,56],[-25,85],[38,76],[-7,40],[-52,35],[-22,72],[43,7],[48,38],[15,59],[-70,114],[0,39],[43,41]],[[38421,48886],[5,-53],[-17,17],[-41,-7],[-1,25],[54,18]],[[39467,47179],[-21,-58],[-48,-102],[-27,-120],[3,-46],[23,-33],[-11,-13],[23,-41],[1,-31],[-31,-45],[-6,-75],[-68,9],[-55,32],[-27,64],[-45,48],[-48,-1],[-110,92],[-39,48],[-49,33],[-46,1],[-35,36],[-18,55],[23,86],[37,48],[34,-55],[30,18],[22,39],[39,-3],[66,-66],[22,-8],[53,22],[48,-9],[44,11],[68,46],[55,-7],[77,51],[16,-26]],[[38267,48159],[35,-141],[-33,-85],[12,-65],[-17,-271],[-11,-70],[-15,-9],[-45,28],[-42,8],[-7,-72],[-28,-48],[-47,5],[-47,103],[-4,101],[15,98],[15,34],[-28,29],[13,78],[0,60],[-24,76],[-33,56],[7,96],[17,-20],[53,-3],[51,37],[35,59],[47,54],[46,-40],[33,-53],[-14,-27],[16,-18]],[[38035,47491],[-12,-36],[-11,54],[23,-18]],[[43556,45411],[-5,-19]],[[43498,45036],[-39,41],[-34,10],[-25,-27],[-22,-110],[6,-91],[44,-60],[-51,-55],[-16,-75],[7,-17],[39,5],[70,42]],[[43381,43991],[-14,-29]],[[43367,43962],[-49,263],[-27,94],[-8,55],[-49,225]],[[43234,44599],[21,57],[36,60],[-10,22]],[[43281,44738],[41,114],[25,111],[24,153],[37,173]],[[43234,44599],[-9,42]],[[43225,44641],[56,97]],[[35069,53018],[12,-26],[-38,-11],[41,-151],[2,-102],[21,-137],[-21,-44],[-17,-97],[-50,-73],[28,-37],[-48,-21],[-44,8],[-150,-41],[-28,-44],[-42,-16],[-55,-45],[-29,28],[-12,-55],[-94,-57],[-98,-32],[-33,11],[-75,-16],[51,75],[-109,-32],[11,20],[94,80],[-97,-38],[-52,11],[-8,25],[47,56],[40,22],[-2,21],[-87,-1],[36,51],[89,-8],[-28,56],[65,57],[51,8],[111,37],[-42,28],[-37,-45],[-44,-6],[-34,13],[-72,-31],[81,78],[25,42],[-14,19],[33,56],[74,40],[-42,16],[-67,-6],[-26,32],[-45,0],[6,27],[-60,7],[-5,49],[80,21],[-38,20],[1,25],[66,29],[0,27],[-68,-6],[11,86],[-40,59],[69,16],[81,-1],[34,-32],[29,29],[92,-18],[-16,39],[42,42],[38,17],[19,49],[-65,-11],[-62,26],[78,77],[-7,28],[28,66],[95,20],[27,21],[23,-49],[-21,-56],[36,28],[-10,54],[14,32],[43,26],[58,-42],[-52,-54]],[[34316,52954],[-64,23],[17,15],[45,-11],[2,-27]],[[45357,46783],[23,-127],[31,-51],[0,-49],[16,-43],[26,-20],[24,-125],[25,-3],[33,-29],[15,-34],[90,-6],[19,-28],[-45,-26],[-14,-55],[29,-74],[4,-72],[-43,-36],[-49,-85],[-8,-82],[-28,2],[-12,-61],[18,-48],[0,-48],[-26,-67],[15,-17],[53,-119],[29,3],[-1,-44],[21,-8],[34,-88],[-14,-53],[7,-47],[53,-11],[39,-35],[111,-135],[34,3],[17,-19],[28,-100],[16,-23],[48,-108],[-30,-145],[0,-147],[67,-4],[1,-193],[27,-18],[37,-48],[20,-92],[23,-27]],[[46120,44141],[-39,-2],[-43,31],[-33,-22]],[[48686,46222],[3,-39],[-18,-74],[-18,-14],[10,-66],[-14,-88],[-26,-74],[-45,-50],[33,-73],[-50,-5],[-32,-78],[9,-93],[-4,-74],[29,-29],[51,-8],[2,-13],[-40,-66],[-32,-69],[4,-52],[51,-275],[-8,-96],[6,-181],[169,-42],[20,-35],[11,-79],[-6,-88],[-189,-358]],[[48752,42389],[-36,-37],[-151,67],[-15,48],[-16,9],[-22,-47],[-76,27],[-82,7],[-32,29],[-47,-20],[-36,-4],[-50,51],[-54,14],[-44,-4],[-59,22],[-17,18],[-28,-14],[-13,27],[-81,24],[-26,90],[0,45],[-20,78],[-7,114],[-18,83],[-34,68],[-17,14],[-75,26],[-48,-21],[-36,-38],[-58,-23],[-46,-76],[-26,6],[-28,-22],[-53,-62],[-50,-18],[-25,30],[-56,39],[-35,13],[-74,-2],[-40,46],[-10,34],[-96,73],[-58,67],[-18,62],[-26,46],[-57,37],[-33,39],[-73,8],[-30,24],[-49,81],[0,32],[-37,108],[-6,79],[-40,53],[2,71],[-40,31],[-6,100],[-53,95],[-44,90],[-19,102],[-18,4],[-86,-67],[-26,38],[-75,65],[-11,24],[38,1],[7,35],[-45,13],[7,-21],[-29,-45],[5,-76],[-17,-31],[-33,-3],[-25,-24]],[[45367,47706],[66,-146],[68,-91],[19,-13],[109,-35]],[[45629,47421],[76,11]],[[45705,47432],[13,-1],[60,90],[28,12],[40,59],[118,113],[45,13],[66,-105],[-38,-32],[-2,-52],[30,-26],[-6,-45],[-39,-16],[-6,-42],[37,-35],[20,-41],[23,-10],[35,-64],[56,8]],[[46185,47258],[7,-107],[11,-93],[25,-82],[18,-25],[60,-38],[52,-6],[82,-27],[42,-95],[39,-50],[80,-75],[38,-24],[130,-48],[86,3],[239,91],[80,23],[29,0],[-47,-29],[59,-13],[9,50],[-21,144]],[[47662,43022],[-19,-44],[-28,-37],[-22,11],[-85,-55],[-16,24],[84,61],[-1,49],[30,-13],[62,34],[-5,-30]],[[61562,29616],[-21,-57],[-52,-91],[-56,-86],[-51,-13],[-64,-59],[-43,12],[-7,35],[21,50],[-26,41],[25,130],[33,59],[33,42]],[[61436,29734],[26,13],[70,78]],[[64772,29761],[-63,100],[-35,83],[-78,118],[-24,49],[27,89],[-37,-65],[-58,-9],[-53,-23],[-21,30],[-6,46],[-12,-39],[-52,-64],[-16,43],[16,85],[14,28],[17,92],[-30,42],[-11,37],[-28,45],[11,13],[50,5],[-66,48],[-24,59],[53,19],[-28,47],[-6,39],[-52,104],[-29,145],[16,39],[-35,13],[9,30],[-36,18],[-1,78],[-61,77],[-91,89],[-6,25],[-17,-16],[-21,24],[-47,11],[-48,28],[-46,43],[-37,19],[-46,44],[-107,32],[-51,-3],[-89,94],[-16,43],[6,46],[-32,-9],[-32,25],[-25,-13],[-24,55],[-35,-8],[-14,36],[-37,52],[-9,37],[4,85],[29,71],[-28,-12],[-10,-102],[-27,-18],[5,-38],[-26,-79],[-3,-62],[-30,-60],[-57,-12],[-26,54],[-17,90],[23,56],[-24,95],[-81,117],[-59,22],[-17,47],[52,40],[70,-18],[30,-22],[35,48],[27,63],[32,18],[45,-28],[39,-12],[19,-29],[11,64],[30,22],[-1,32],[-22,4],[23,40],[4,30],[-43,-32],[-45,-13],[-53,4],[-53,-21],[-93,20],[-39,-9],[-58,92],[-17,102],[-1,57],[-40,7],[-89,54],[-35,-23],[-25,12],[10,51],[22,24],[20,78],[1,56],[41,27],[69,29],[66,92],[53,36],[47,-1],[47,-22],[44,-34],[39,-46],[41,-33],[101,-7],[28,-38],[-8,-57],[38,-133],[-9,-61],[-22,-70],[10,-175],[8,-42],[53,-192],[5,91],[29,17],[15,-146],[29,9],[1,-73],[13,-52],[25,-31],[67,-15],[23,11],[29,59],[47,70],[31,96],[46,55],[30,114],[91,28],[46,34],[20,30],[-9,67],[52,58],[85,74],[22,0],[40,-49],[109,-64],[32,-47],[46,-27],[90,-81],[62,-50],[73,-1],[20,-23],[75,-12],[20,-23],[5,-36],[46,-1]],[[60050,34650],[-22,-34],[20,-54],[33,-49],[10,-40],[-30,-19],[-24,34],[-12,-37],[-57,4],[-1,-17],[44,-84],[-12,-45],[6,-18],[52,-48],[18,-65],[-12,-23],[29,-28],[21,-76],[36,-82],[-5,-38],[-32,-57],[-19,-12],[59,-120],[79,-105],[34,-36],[69,-124],[-18,-35],[-28,-17],[-45,-10],[-68,23],[-20,20],[-16,40],[-21,22],[13,-50],[-11,-48],[-36,-38],[-39,-143],[-6,-38],[-12,-161],[0,-45],[18,-85],[2,-80],[-65,-57],[-48,-96],[-18,-13],[-23,14],[-12,52],[7,-82],[-12,-40],[-32,-37],[-16,-58],[-40,-56],[30,0],[5,-51],[-6,-47],[-22,-33],[44,-25],[7,-33],[-7,-78],[-36,-4],[4,-68],[-8,-72],[-32,-45],[17,-38],[-18,-20],[-22,-61],[-21,-91],[-141,-115],[-114,-96],[-13,21],[-4,150],[-17,120],[-16,-38],[-29,43],[9,47],[-22,-46],[-31,30],[-25,-42],[-33,-23],[-33,13],[-4,83],[-17,4],[-37,-23],[-63,115],[-12,-93],[-75,-78],[-64,29],[-32,-22],[-34,-55],[-27,-1],[0,175],[-26,62],[-14,-32],[-52,15],[-65,-45],[-23,-5],[-20,28],[14,32],[-40,-42],[-26,48],[-40,-16],[-15,-19],[-14,23],[-2,87],[-30,273],[-23,30],[1,45],[12,36],[-1,90],[-16,80],[-31,63],[-21,24],[-46,28],[-24,-2],[-13,52],[21,35],[-24,22],[-25,49],[-2,66],[15,94],[12,15],[-37,82],[-26,38],[-8,161],[11,125],[35,44],[-25,-5],[14,94],[40,77],[21,80],[50,39]],[[60112,34656],[8,-48],[-38,-19],[-22,43],[5,18]],[[55995,33655],[44,-104],[18,-14],[29,-63],[-11,-127],[-12,-23],[-27,11],[-16,88],[-40,41],[-22,89],[-44,87],[33,0],[23,42],[25,-27]],[[56334,32462],[-18,-2],[-40,44],[-12,46],[-43,125],[15,84],[39,20],[40,-120],[13,-74],[27,-68],[1,-41],[-22,-14]],[[59861,29946],[-25,-76],[14,-24],[-42,-16],[-71,21],[-30,17],[-1,31],[41,-1],[-3,113],[32,53],[37,33],[50,-29],[17,-38],[-19,-84]],[[59621,30115],[20,-19],[31,-74],[-29,-39],[-45,-37],[-20,-67],[-29,-12],[10,49],[-18,45],[-43,53],[-46,19],[-22,43],[-6,52],[72,-23],[34,3],[31,40],[60,-33]],[[57723,32502],[24,-73],[9,-118],[32,-102],[91,-40],[-28,-48],[-13,-71],[11,-64],[-25,6],[-60,59],[-50,25],[-19,67],[7,55],[-27,69],[-4,46],[-47,38],[-43,-17],[-42,30],[12,47],[37,38],[0,57],[42,48],[24,-75],[10,27],[-6,45],[38,11],[24,-32],[3,-28]],[[61181,31441],[3,-100],[-15,37],[-13,-9],[-14,-79],[-1,-82],[14,10],[30,-43],[-3,-21],[-29,-32],[-11,9],[-35,-102],[-34,3],[-12,44],[17,78],[19,45],[17,139],[1,78],[19,65],[24,3],[23,-43]],[[61073,31177],[-16,-44],[-57,25],[9,67],[14,25],[-13,83],[7,29],[67,54],[8,-20],[4,-96],[-29,-75],[6,-48]],[[58181,34473],[-27,-13],[-16,19],[29,39],[-32,15],[-17,70],[40,58],[39,-78],[0,-56],[-16,-54]],[[58159,32013],[-8,-54],[-22,-31],[-16,2],[-24,50],[-7,-27],[-42,-18],[-3,151],[13,86],[35,13],[48,-25],[28,-37],[15,-48],[-17,-62]],[[63643,32876],[59,-13],[15,-17],[29,3],[53,-93],[45,-43],[-14,-29],[-40,-16],[-39,14],[-16,22],[-18,109],[-21,-22],[-32,30],[-21,55]],[[63662,32530],[80,-18],[67,-5],[38,-25],[66,-4],[35,-24],[-55,-27],[-79,-8],[-73,52],[-76,31],[-3,28]],[[62721,33114],[43,-13],[51,-40],[12,-52],[-16,-28],[-32,13],[-19,-11],[-40,50],[-25,53],[-12,-2],[28,-75],[28,-20],[-1,-26],[-29,-10],[-13,54],[-28,-26],[-11,36],[-31,2],[-21,20],[12,40],[104,35]],[[62245,33871],[-32,-6],[-15,96],[22,63],[29,38],[26,10],[17,-46],[-13,-92],[-15,-47],[-19,-16]],[[62184,32505],[-18,-19],[-30,10],[-71,-16],[-34,31],[13,70],[38,45],[52,-40],[50,-60],[0,-21]],[[61761,32214],[-16,13],[-23,125],[12,37],[14,-13],[-3,-58],[18,-73],[-2,-31]],[[61755,32457],[62,-12],[-9,-13],[-67,-21],[-24,3],[-82,-11],[-9,35],[27,15],[41,-5],[61,9]],[[61542,32488],[26,-13],[10,18],[10,-32],[25,-11],[-1,-25],[-37,-4],[-25,-20],[-35,18],[-40,-31],[-44,-10],[-18,54],[10,63],[21,16],[36,3],[62,-26]],[[62825,30172],[-43,1],[-6,49],[11,66],[10,5],[14,74],[18,17],[37,95],[23,20],[18,-31],[-18,-26],[9,-63],[-13,-69],[-50,-90],[-10,-48]],[[61912,30294],[2,-25],[-48,-26],[-21,-53],[-73,25],[-32,-10],[-31,-27],[9,62],[27,56],[48,-16],[29,11],[51,39],[39,-36]],[[61463,30120],[4,-22],[31,15],[75,-16],[-5,-55],[-132,-33],[-18,21],[14,33],[1,42],[30,15]],[[62759,32632],[-31,-1],[-13,23],[-22,109],[45,25],[36,-28],[-15,-128]],[[55795,35040],[25,-3],[46,20],[70,-25],[53,10],[19,-11],[32,-61],[41,-59],[23,-90],[46,-81],[-2,-81],[14,-37],[71,-61],[24,-62],[75,-65],[75,-100],[42,-47],[35,-72],[45,-125],[36,-67],[30,-77],[30,-44],[17,-6],[40,-63],[-14,70],[2,38],[22,19],[22,-14],[52,-90],[21,-94],[14,-23],[62,-27],[48,-66],[28,-67],[16,-99],[47,-77],[76,-24],[20,-19],[24,-63],[-12,-28],[-45,-44],[-47,-30],[46,11],[45,32],[55,60],[41,-5],[39,-71],[23,-89],[-72,-88],[-5,-62],[21,-38],[-15,-25],[20,-82],[38,-48],[44,-34],[52,-28],[33,6],[18,-119],[14,-169],[10,-37],[56,-63],[-4,-52],[-32,-56],[-7,-58],[21,-10],[29,56],[29,22],[75,-8],[38,-41],[64,-146],[29,-80],[3,-41],[-32,-71],[-12,-75],[2,-43],[16,-38],[-20,-121],[11,-144],[0,-167],[-14,-246],[-14,-52],[-26,7],[-19,47],[-35,45],[-54,-72],[-90,83],[-4,-45],[13,-92],[-16,-5],[-47,79],[-26,56],[-35,56],[-48,113],[-86,97],[-53,81],[-45,46],[-77,117],[-33,67],[-49,136],[-63,82],[-48,78],[-55,161],[-38,52],[-35,89],[-20,74],[2,77],[-75,234],[-18,73],[-18,101],[-44,100],[-46,88],[-28,104],[-25,50],[-53,39],[-35,52],[-21,123],[-25,128],[-28,170],[-19,76],[-28,74],[-112,123],[-43,17],[-19,28],[-22,179],[-40,48],[-85,220],[-34,49],[-56,22],[-16,18],[-44,94],[-48,71],[-83,146],[-17,37],[-58,192],[8,47],[-4,56],[34,24],[47,-7],[43,-35],[38,-60],[21,-21],[72,-24]],[[61101,29947],[-63,-42],[-76,-7],[-52,-42],[-38,-15],[-13,29],[-34,2],[-18,-37],[-28,8],[-31,-15],[-51,32],[-47,17],[-46,-7],[-40,16],[-43,-29],[-21,58],[14,103],[9,-10],[36,25],[27,33],[76,18],[29,-30],[27,-2],[79,-56],[34,-36],[21,0],[27,26],[57,19],[60,-63],[34,9],[35,73],[49,36],[14,31],[-32,13],[17,34],[27,-22],[6,-65],[-40,-56],[8,-30],[-13,-18]],[[60542,29666],[42,-48],[14,-52],[43,-10],[66,-134],[-27,-62],[-52,-32],[-60,35],[-43,86],[-66,71],[-48,0],[-56,24],[-26,69],[15,29],[31,21],[86,12],[37,-11],[29,29],[15,-27]],[[60184,30055],[20,-13],[31,30],[24,-3],[21,-50],[7,31],[19,14],[29,-16],[11,-82],[18,-40],[-25,-30],[-21,18],[-32,-12],[-4,-26],[-50,-19],[-16,16],[-4,51],[-38,-61],[-24,-4],[-42,-30],[-27,5],[-45,-33],[-60,-9],[-30,-24],[-55,34],[4,72],[-5,54],[10,48],[24,11],[43,50],[39,-23],[42,1],[48,-104],[33,-7],[54,50],[-27,43],[-25,6],[-33,43],[-12,71],[34,22],[39,-12],[25,-72]],[[61526,33482],[-39,-62],[-22,-63],[-32,-68],[-43,-33],[-93,-28],[-46,-2],[-53,10],[-37,59],[-162,-2],[-88,-17],[-48,19],[-36,3],[-83,-20],[-63,27],[-49,-1],[-22,-23],[-45,-104],[-23,-133],[4,-87],[13,-80],[35,-92],[50,-52],[30,-121],[26,2],[48,-16],[23,25],[26,81],[49,97],[23,6],[21,-32],[47,-3],[41,52],[21,13],[77,-4],[46,5],[-12,35],[69,33],[42,-29],[11,-48],[-11,-83],[-31,1],[-15,35],[-20,13],[-30,-11],[-19,-24],[-61,-140],[-35,-55],[-35,-36],[-61,-36],[-28,-63],[-29,-15],[-36,26],[-10,-41],[31,-37],[15,-39],[30,-21],[25,-45],[47,-154],[43,-58],[3,-53],[18,-55],[-16,-27],[-13,-127],[36,-44],[36,-68],[16,-59],[22,11],[16,-20],[4,-88],[-16,-15],[-20,18],[0,-26],[-50,-4],[-72,-44],[-12,-29],[4,-63],[-32,-21],[-66,33],[-21,65],[11,110],[16,70],[-17,29],[-45,35],[-80,133],[-2,56],[30,87],[3,58],[-4,95],[-12,30],[-45,11],[-23,-10],[-63,-74],[-16,-29],[-2,-38],[28,-109],[9,-132],[-11,-54],[-4,-86],[5,-121],[7,-74],[-3,-41],[-19,-86],[-6,-68],[22,-90],[8,-73],[-24,18],[-73,-13],[-47,-43],[-32,30],[-37,69],[-3,40],[32,161],[-1,50],[20,117],[2,143],[-26,98],[0,79],[-15,29],[-36,0],[-50,-23],[-25,52],[-11,88],[9,84],[-15,61],[14,42],[48,61],[9,37],[7,89],[30,78],[6,38],[-8,61],[0,93],[10,60],[30,124],[41,83],[27,-66],[-3,64],[-12,75],[-10,145],[29,48],[-11,73],[21,76],[24,44],[5,47],[53,107],[9,-36],[30,-25],[18,13],[30,67],[32,93],[34,14],[26,-24],[47,-17],[30,-54],[56,7],[49,-21],[66,-5],[92,-61],[13,26],[65,2],[114,-33],[17,5],[70,63],[27,60],[25,17],[13,59],[38,28],[41,86],[35,-21],[14,-52],[-23,-46],[-18,-73],[-28,-68]],[[57991,30905],[21,-42],[38,-34],[44,-7],[51,-23],[32,12],[45,-76],[17,-95],[15,-23],[69,-10],[56,-18],[41,21],[65,-34],[76,3],[46,-19],[32,52],[31,122],[20,18],[27,-4],[37,-86],[38,-11],[40,19],[40,-47],[51,-11],[19,-33],[46,0],[46,-12],[22,-108],[29,-31],[0,-91],[44,-39],[48,-22],[100,5],[66,26],[63,-51],[12,-45],[-12,-136],[0,-52],[20,-73],[22,-30],[-2,-31],[-40,24],[-22,33],[-23,-4],[-95,54],[-88,71],[-24,-1],[-92,-44],[-114,31],[-122,7],[-35,16],[-57,8],[-90,33],[-115,95],[-38,23],[-115,46],[-59,0],[-50,14],[-34,-15],[-24,-33],[-47,5],[-61,22],[-45,32],[-30,35],[-53,26],[-132,20],[-35,17],[-8,48],[21,68],[-65,47],[-51,25],[-94,2],[-45,7],[3,39],[20,24],[3,-32],[20,-11],[19,40],[15,74],[27,5],[16,125],[14,37],[28,38],[18,-19],[103,-27],[31,-22],[37,33],[7,38],[66,-38]],[[62100,33428],[30,-6],[17,77],[39,43],[-1,58],[13,31],[41,43],[53,20],[6,-75],[-3,-96],[-38,-47],[-43,-38],[-8,-52],[80,-83],[7,-55],[42,-53],[-72,45],[-19,20],[-46,8],[-48,21],[-12,-12],[-7,-51],[5,-34],[-5,-58],[18,-110],[23,-87],[33,-90],[34,-60],[-29,9],[-9,30],[-38,30],[-32,104],[-40,67],[-1,144],[5,51],[-31,74],[-3,70],[13,62],[-17,28],[-19,79],[-1,42],[23,79],[0,38],[19,100],[54,108],[28,23],[-1,-29],[-25,-64],[-4,-42],[25,-48],[0,-136],[-26,-62],[-47,-55],[-3,-29],[20,-32]],[[62508,32061],[46,-40],[80,-5],[38,-52],[21,-96],[20,-10],[18,-56],[-11,-106],[-108,103],[-51,38],[-35,55],[-67,-1],[-9,-46],[-101,47],[-2,31],[-19,3],[-23,-25],[-23,-49],[-44,7],[-28,64],[-30,31],[-43,-128],[2,60],[-10,44],[47,106],[18,25],[75,9],[44,-5],[54,6],[12,-36],[33,18],[30,36],[23,0],[43,-28]],[[61924,31980],[33,-29],[13,-41],[28,-42],[0,-89],[-29,-14],[-29,-34],[-52,-22],[-55,41],[-40,39],[-32,68],[-6,92],[13,24],[26,-16],[18,17],[50,14],[62,-8]],[[63515,31016],[2,-65],[-9,-24],[9,-82],[-24,-71],[-40,11],[-32,49],[-26,67],[30,3],[9,66],[-24,32],[23,12],[30,69],[4,32],[22,0],[26,-99]],[[63473,30745],[-7,-55],[-18,-32],[-12,-50],[-31,-34],[-29,51],[13,126],[-2,87],[11,5],[50,-77],[25,-21]],[[64280,30071],[-49,-48],[-85,9],[-38,-11],[0,55],[30,121],[35,107],[58,75],[50,21],[46,-4],[39,-72],[5,-40],[-41,-134],[-50,-79]],[[64352,30029],[-61,6],[-6,23],[23,41],[24,9],[20,-79]],[[56848,33881],[13,-50],[-11,-57],[-23,-27],[-28,16],[-13,52],[10,62],[19,-3],[19,24],[14,-17]],[[56993,33480],[-21,6],[-14,52],[-5,74],[26,-1],[17,-41],[-3,-90]],[[57006,33653],[2,-47],[-46,45],[-39,16],[-8,47],[87,-43],[4,-18]],[[57114,33391],[-11,-4],[-87,35],[-18,21],[20,89],[46,-63],[45,-37],[5,-41]],[[57142,33436],[-16,-8],[-40,55],[-38,21],[5,38],[13,3],[56,-56],[20,-53]],[[57166,33315],[-29,3],[9,55],[22,-31],[-2,-27]],[[57199,33360],[-21,42],[9,34],[22,-54],[-10,-22]],[[57315,33550],[24,-5],[-15,-65],[-21,9],[-2,45],[14,16]],[[57429,33563],[12,-41],[1,-53],[-16,-47],[-29,46],[2,34],[-38,-13],[0,33],[22,29],[46,12]],[[57468,33051],[13,13],[32,-52],[-18,-15],[-43,42],[-27,-14],[-24,21],[19,76],[48,-71]],[[57406,32993],[23,-49],[-21,-54],[-14,11],[-10,-27],[-22,71],[44,48]],[[57257,32988],[-26,-13],[-29,9],[17,48],[36,-18],[2,-26]],[[58463,32681],[-41,-37],[-16,15],[9,94],[28,3],[26,-23],[-6,-52]],[[59297,30501],[-38,-2],[-37,-39],[-87,2],[-56,27],[-8,24],[29,64],[40,7],[183,3],[22,-43],[-40,-22],[-8,-21]],[[63559,32705],[-21,1],[-10,28],[16,37],[21,-36],[-6,-30]],[[62002,32934],[-26,-10],[1,89],[33,-2],[-8,-77]],[[62066,32998],[23,-54],[-15,-53],[11,-29],[29,-2],[15,-42],[-24,-27],[-27,43],[-33,-15],[1,60],[-34,53],[5,60],[27,-26],[22,32]],[[63148,30944],[-17,-31],[19,112],[14,22],[22,115],[11,-14],[-10,-84],[-30,-59],[-9,-61]],[[63124,30963],[-13,-35],[-13,12],[0,64],[-10,49],[14,-1],[22,-89]],[[62209,31764],[-27,-22],[1,21],[-34,-35],[-10,34],[18,29],[63,31],[-11,-58]],[[61915,34600],[-23,14],[22,69],[-18,31],[7,75],[22,-25],[11,-69],[-15,-41],[-6,-54]],[[61681,34380],[-30,9],[-11,82],[18,-5],[23,-86]],[[62731,30055],[-17,-12],[49,96],[32,-15],[-55,-42],[-9,-27]],[[62525,30189],[-26,-32],[-24,46],[3,42],[41,-6],[6,-50]],[[62118,30136],[60,-27],[-20,-31],[-41,24],[1,34]],[[62628,32494],[15,-42],[-9,-36],[8,-26],[-35,-28],[-73,23],[-30,44],[52,40],[72,25]],[[56981,31100],[-16,-2],[-36,59],[18,13],[35,-29],[-1,-41]],[[56589,31945],[8,-54],[-24,37],[-3,42],[-26,47],[-5,61],[14,14],[42,-81],[-6,-66]],[[56544,32107],[-14,-29],[-24,0],[-9,78],[9,36],[38,-62],[0,-23]],[[56472,32254],[-48,31],[-14,35],[7,50],[23,-13],[32,-103]],[[56192,32921],[-12,-17],[-18,16],[24,113],[-21,83],[18,-7],[26,-88],[-17,-100]],[[55790,33984],[-35,26],[-55,61],[-43,22],[-18,63],[18,33],[18,-10],[21,-40],[84,-98],[10,-57]],[[60951,31115],[-12,-10],[-35,77],[12,59],[20,7],[19,-53],[-4,-80]],[[61187,32685],[6,-80],[20,49],[19,7],[23,-37],[-7,-41],[-29,-22],[-19,26],[-8,-51],[-23,7],[12,24],[-6,69],[-34,-76],[-19,-28],[-16,57],[5,55],[15,37],[61,4]],[[60915,32966],[4,-35],[-32,3],[5,32],[23,0]],[[60646,30798],[-8,-61],[-6,78],[-3,139],[6,37],[15,-72],[-4,-121]],[[59606,30551],[-31,7],[4,33],[35,8],[26,-36],[-34,-12]],[[59793,31693],[-42,-69],[-7,17],[4,70],[-12,43],[9,89],[11,44],[30,33],[-1,-53],[11,-136],[-3,-38]],[[61134,29102],[-25,3],[4,51],[44,23],[41,67],[21,16],[10,-65],[-22,-18],[-19,-39],[-54,-38]],[[61404,30051],[-20,-62],[-24,-20],[-10,40],[-18,-2],[9,35],[28,-4],[26,59],[13,-9],[-4,-37]],[[61331,30072],[-28,-10],[-18,-46],[-13,1],[-16,-53],[-29,-8],[-36,21],[50,77],[-17,15],[42,-4],[35,37],[30,-30]],[[61209,30042],[-4,-17],[-55,2],[21,52],[41,-6],[-3,-31]],[[57194,33502],[-22,8],[13,23],[9,-31]],[[57359,33423],[-13,-11],[-11,51],[24,-40]],[[57450,33138],[-18,13],[-12,47],[30,-60]],[[57666,34169],[-11,10],[-3,64],[29,-32],[-15,-42]],[[58297,34185],[-21,-7],[20,41],[1,-34]],[[58310,32520],[-23,-16],[-7,35],[31,1],[-1,-20]],[[57893,32010],[-29,27],[34,-1],[-5,-26]],[[59070,30978],[-24,-12],[10,41],[14,-29]],[[57563,30672],[-26,10],[28,33],[-2,-43]],[[55965,33880],[-45,52],[37,-6],[8,-46]],[[55567,35255],[-16,-6],[-13,34],[29,-5],[0,-23]],[[61265,32489],[-23,8],[1,54],[12,10],[14,-44],[-4,-28]],[[61193,31602],[-19,-44],[-31,32],[-5,43],[12,18],[37,-6],[6,-43]],[[60431,29900],[-16,1],[-1,55],[13,58],[21,-19],[-2,-40],[-19,-30],[4,-25]],[[59653,29889],[-26,20],[16,17],[10,-37]],[[60067,34323],[-20,17],[-3,39],[27,-9],[-4,-47]],[[61271,31176],[-1,-37],[-14,15],[15,22]],[[60695,30496],[-27,2],[-1,35],[30,-16],[-2,-21]],[[60046,30037],[-13,7],[0,61],[35,13],[-22,-81]],[[59818,31841],[-8,-63],[-12,36],[20,27]],[[63278,31554],[10,-20],[-58,48],[-3,21],[51,-49]],[[62740,32830],[-15,-32],[-87,-22],[17,34],[66,6],[19,14]],[[62684,32921],[-33,16],[30,25],[14,-19],[-11,-22]],[[62466,33047],[-36,44],[-12,42],[47,-68],[1,-18]],[[62043,33114],[-11,8],[7,46],[4,-54]],[[62012,32828],[-29,8],[11,52],[10,-2],[8,-58]],[[62299,31811],[-20,-16],[-5,35],[25,-19]],[[62267,31797],[-34,-20],[12,46],[22,-26]],[[61895,34542],[-16,61],[20,-46],[-4,-15]],[[61630,34092],[-9,35],[17,6],[-8,-41]],[[62957,30466],[-47,31],[35,5],[12,-36]],[[62289,30473],[-29,18],[20,24],[9,-42]],[[62036,30311],[-13,-9],[4,49],[21,-6],[-12,-34]],[[61229,29325],[-19,-13],[16,41],[3,-28]],[[60919,29219],[-36,13],[33,43],[26,-3],[-3,-30],[-20,-23]],[[63500,30632],[-9,14],[22,33],[-13,-47]],[[62151,32035],[-10,-30],[-21,5],[31,25]],[[61140,29972],[-9,17],[32,21],[12,-13],[-35,-25]],[[51872,46035],[151,142]],[[52023,46177],[50,-17],[-7,-73],[55,-220],[9,-17],[69,-33],[54,-61],[7,-46],[-44,-51],[-6,-28],[12,-75],[3,-114],[63,-100],[-1,-75],[19,-28],[7,-90],[-3,-74],[-31,-42],[-30,-11],[-30,41],[-14,47],[-58,-14],[-5,-14],[22,-112],[48,-95],[-8,-80],[22,-45],[-16,-54],[13,-65],[37,12],[8,32],[19,-4],[47,-110],[46,-57],[46,7],[58,-69],[22,-8],[0,-70],[99,-57],[61,-65],[5,-27]],[[54104,43371],[0,23],[64,29],[39,29],[37,-31],[9,-51],[-20,-127],[3,-34],[26,-42]],[[54262,43167],[-31,-52],[19,-40],[5,-38],[58,-54],[37,12],[88,-54],[72,19],[17,35],[28,15],[43,-34],[37,-9],[79,11],[31,-5],[28,29],[18,-22],[32,-2],[34,19],[32,0],[15,22],[-17,68],[19,71],[-19,58],[-50,-2],[-30,42],[8,74]],[[54815,43330],[69,-11],[25,29],[77,14],[37,38],[-4,41],[11,32],[37,30],[48,64],[17,69],[31,23],[62,14],[48,41],[79,126],[66,62],[30,-51],[46,-9],[57,-37],[28,2],[19,56],[40,39],[65,49],[40,-74],[22,-13],[-44,-47],[8,-64],[55,52],[29,-105],[-37,-58],[-23,-72],[17,-16],[48,34],[35,-34],[41,-11],[19,11],[50,-55]],[[55963,43499],[2,-103],[-22,-18],[-65,-90],[0,-76],[41,-101],[-13,-23],[-32,28],[-17,44],[-27,16],[-79,-23],[-43,-22],[-31,-63],[-89,-107],[-68,-58],[-14,-46],[2,-104],[13,-55],[-24,-47],[-4,-53],[-42,-92],[-33,-40],[-14,-62],[25,-38],[6,-33],[-25,-104],[-37,-93],[-21,-71],[-34,-164],[-89,48],[-39,-12],[-28,37],[-9,-19],[21,-125],[-9,-202],[-12,-38],[-29,1],[-1,-46],[-16,-70],[16,-132],[-2,-47],[-16,-8],[-22,-76],[-22,3],[-33,44],[-23,-56]],[[55005,41203],[-17,260],[-26,90],[-6,145],[-17,132],[-19,14],[-45,-13],[1,-66],[-37,-80],[4,-67],[-31,-47],[-22,20],[-15,61],[-24,-35],[-13,99],[-19,106],[15,96],[27,63],[32,-1],[29,37],[42,2],[15,59],[23,7],[33,151],[5,40],[38,-17],[5,35],[-53,62],[-31,21],[-115,-10],[-38,13],[-172,-7],[-38,10],[-88,44],[2,94],[-5,103],[5,37],[-23,85],[-19,16],[-14,-77],[-16,-8],[-36,20],[-37,60],[-1,39],[-17,38],[-19,-13],[9,-46],[-58,15],[0,23],[-33,60],[-30,17],[-3,-30],[18,-41],[-59,-104],[-13,-73],[34,-37],[40,-79],[28,-29],[36,-2],[10,-46],[25,-27],[-11,-36],[-28,-9],[-59,7],[-29,-113],[-33,12],[-26,-105],[25,-52],[29,-3],[22,-33],[49,-23],[19,-35],[-7,-84],[-27,-121],[35,-87],[-3,-67],[41,-25],[-16,-54],[14,-151],[27,-131],[0,-67]],[[54294,41245],[-5,-57],[-16,0],[14,-38],[7,-66],[-29,-1],[-10,34],[-23,-59],[-11,55],[10,100],[-20,43],[-15,-107],[4,-63],[-28,-17],[-32,53],[-7,-50],[-40,26],[25,125],[3,39],[-47,43],[40,-49],[-43,-109],[-54,-64],[-97,-40],[-20,-16],[-48,-97],[-4,-48],[20,-133],[7,-16],[-43,-104],[-3,-39],[-50,-52],[-45,-93],[-142,-83],[-4,64],[-19,11],[-43,-51],[-17,-50],[13,-8],[29,29],[14,-19],[-43,-44],[-92,-141],[-4,-28],[-58,-132],[-57,-107],[-16,-39],[-90,-82],[-92,-170],[-45,-54],[-77,-69],[-48,-65],[-15,-59],[15,-57],[-20,-82],[-24,-27],[-76,-58],[-73,14],[-23,-11],[-31,-138],[-21,-29],[-10,-46],[-31,3],[-9,37],[-27,11],[-53,-38],[-19,-30],[-38,-143],[-10,-92],[9,-101],[14,-81],[1,-84],[-12,-51],[23,-130],[16,-137],[-30,84],[-19,-40],[10,-28],[36,-34],[10,-28],[-22,-247],[-18,-87],[-32,-80],[-25,-91],[-21,-152],[8,-47],[-21,-50],[22,10],[10,-52],[-2,-322],[-35,-8],[-27,11],[-29,-9],[-27,-48],[1,-52],[-53,-129],[-16,-85],[21,-44],[51,-18],[28,-34],[-41,24],[-47,4],[-112,-60],[-46,-79],[-14,-139],[-13,-47],[-59,-72],[-51,-41],[-43,25],[-68,96],[-70,162],[-13,21],[-17,95],[-14,28],[-15,79],[-17,175],[20,-37],[7,-106],[17,-1],[-23,142],[-30,60],[1,42],[-57,215],[-15,101],[-25,111],[-40,126],[-42,94],[-24,37],[-51,186],[-15,103],[-20,86],[-18,158],[-2,59],[-13,67],[-22,72],[-23,165],[-88,214],[-13,85],[-17,33],[27,0],[-33,65],[13,32],[-20,-1],[-52,146],[-28,149],[-20,272],[-18,121],[1,35],[-33,175],[-15,176],[-9,39],[27,125],[-7,48],[-28,-65],[-6,38],[2,81],[35,-8],[-40,32],[2,57],[-14,22],[-12,93],[8,91],[35,178],[-1,98],[-13,106],[-24,22],[-14,72],[22,36],[-24,-3],[39,58],[43,29],[-97,-1],[10,67],[22,35],[-36,1],[6,68],[52,27],[-44,16],[-27,-11],[-55,8],[25,-29],[-13,-60],[-30,-40],[-12,-35],[27,-18],[18,-42],[-1,-48],[-48,-138],[-90,-68],[-35,-37],[-75,-48],[-29,-9],[-33,9],[-47,37],[-72,94],[-76,151],[-74,123],[-39,56],[-37,75],[-5,70],[30,11],[29,-48],[55,45],[55,16],[37,35],[35,10],[53,146],[15,12],[-16,27],[-19,-50],[-18,11],[-81,-42],[-37,-36],[-87,33],[-84,76],[-36,50],[-45,140],[7,22],[65,81],[-56,-38],[-31,-48],[-22,-7],[-14,95]],[[55270,35629],[-12,-30],[-24,93],[-11,5],[6,62],[35,9],[14,-86],[-8,-53]],[[55239,35823],[-20,-35],[-8,21],[19,34],[9,-20]],[[55180,36015],[-16,-1],[-11,32],[13,20],[14,-51]],[[55199,36080],[-12,-11],[-4,54],[7,19],[9,-62]],[[55048,36478],[-15,25],[14,13],[1,-38]],[[54990,37000],[-27,-3],[-3,75],[32,54],[13,-71],[-15,-55]],[[55029,37304],[-20,2],[9,45],[11,-47]],[[55035,37361],[-11,1],[-19,66],[-8,57],[14,28],[18,97],[19,4],[-14,49],[4,155],[14,37],[0,59],[10,70],[0,47],[13,47],[28,22],[3,-53],[-12,-24],[12,-31],[-14,-60],[-24,-54],[16,-34],[5,-115],[-26,-37],[3,-77],[-26,-86],[10,-28],[-7,-102],[-8,-38]],[[55094,37545],[9,-51],[-21,38],[12,13]],[[33187,57485],[77,20],[62,36],[52,-2],[-64,-33],[-41,-67],[76,-19],[10,-57],[-30,-43],[83,4],[20,-49],[133,-40],[0,-55],[-27,-16],[45,-78],[-14,-47],[-41,-9],[0,-48],[-57,-54],[-50,11],[-10,-76],[-23,-34],[-96,-55],[-95,-14],[-114,-54],[-117,-90],[-238,-56],[-13,-46],[-40,-34],[-116,-33],[-120,13],[-107,35],[-84,7],[-60,48],[16,43],[-36,-25],[-84,38],[-48,35],[-41,-28],[-234,-8],[-27,67],[19,22],[28,-32],[92,29],[67,93],[52,21],[-37,7],[-61,-31],[0,74],[73,41],[-17,7],[-87,-42],[-36,20],[10,47],[-47,30],[-178,10],[-107,-27],[-30,42],[271,60],[160,8],[22,51],[-52,-23],[-73,13],[-15,25],[127,81],[-32,17],[-62,-5],[-16,20],[-103,17],[-201,-64],[-112,34],[23,37],[66,6],[-20,53],[41,2],[59,-32],[67,26],[-85,12],[-26,25],[62,11],[-49,43],[49,62],[46,0],[48,-29],[8,-38],[81,6],[1,-49],[35,15],[-1,60],[-101,52],[88,17],[-36,29],[-87,8],[47,30],[93,-4],[206,-149],[-23,-21],[44,-33],[-31,-66],[-41,9],[59,-53],[-11,-43],[38,-15],[21,-57],[38,110],[40,34],[58,-32],[20,55],[0,115],[30,25],[36,-19],[88,-99],[26,-3],[16,112],[95,39],[27,-5],[101,-104],[28,-56],[8,36],[-43,96],[3,24],[79,-5],[72,-66],[80,88],[82,-26],[53,23],[11,31],[-22,61],[58,28],[54,-3],[89,-105]],[[40139,50017],[-49,-9],[-20,-35],[-42,-22],[-111,14],[-40,45],[-60,30],[-56,71],[-58,84],[-47,31]],[[39571,50360],[32,40],[41,12],[8,43],[-16,37],[6,65],[36,18],[3,59],[-42,17],[24,34],[40,-23],[64,8],[-7,48],[24,62]],[[18699,37892],[1,38],[-16,16],[-17,54],[1,29],[-44,3],[-21,14]],[[18603,38046],[15,19],[-9,26],[14,107],[-18,29],[-38,-4],[-32,40],[-67,-49],[-6,46],[-39,19],[-28,34],[-56,90],[-49,17]],[[18290,38420],[16,42],[23,29],[-10,95],[16,76],[33,26],[59,80],[92,135]],[[18519,38903],[20,-10],[52,66],[51,11],[27,-44],[40,16],[77,-26],[30,11],[81,-4],[35,38],[50,25],[-10,26],[41,-8],[60,-38],[65,7],[38,26],[66,-39],[18,-30],[60,8],[98,-142],[-40,30],[-28,-10],[3,-33],[34,-3],[34,-64],[34,17],[19,-16],[-30,54],[56,-47],[16,-60],[27,-31]],[[18884,39142],[-32,-28],[5,22],[44,29],[-17,-23]],[[21839,40371],[14,-109],[-8,-50],[20,-33],[-2,-24],[-30,-53],[15,-48],[-2,-45],[-25,-44],[-27,-6],[26,-67],[22,-27],[-1,-112]],[[21841,39753],[-36,55],[-23,15],[-90,-3],[-75,-25],[-102,37],[-53,-9],[-21,-14],[-27,-54],[-41,63],[-67,48],[-12,39],[18,64],[33,14],[128,-52],[162,-32],[34,43],[49,8],[6,37],[-61,81],[-33,65],[15,22],[-6,41],[13,73],[-70,63],[-70,17],[-1,55],[58,36],[48,9],[49,-10],[84,-58],[77,-18],[12,8]],[[21632,40025],[-4,-26],[-51,31],[-42,39],[23,26],[51,-39],[23,-31]],[[21660,40489],[5,-19],[-65,28],[34,11],[26,-20]],[[24212,36262],[37,-65],[34,-4],[94,-106],[78,-125],[38,-70],[30,-81],[-1,-105],[-20,-72],[-7,-125],[9,45],[32,83],[23,10],[64,-34],[38,-69],[37,-55],[14,-43],[40,-22],[31,-65],[4,-78],[-5,-124]],[[24925,33830],[-71,-22],[-41,20],[-16,29],[-59,-39],[-37,-75],[-41,-2],[-37,-19],[-11,-47],[-61,25],[-12,-39],[-22,-16],[-1,-56],[-35,-2],[-36,-28],[-21,37],[-53,26],[-62,119],[-26,17],[0,36],[-18,21],[0,138],[-27,32],[-21,121],[4,110],[29,132],[-5,88],[35,41],[26,86],[-38,108],[8,57],[-27,35],[-63,21],[23,76],[9,126],[-31,58],[-20,7],[-19,-22],[-82,1]],[[33553,37779],[11,-72],[-7,-61],[-28,-18],[-20,-31],[42,-62],[1,-101],[-44,-26],[-63,-2],[-38,-38],[-46,-18],[-20,-37],[-33,-123],[-20,-49]],[[33288,37141],[-10,26],[8,49],[-34,-41],[1,46],[-21,-2],[-15,24],[8,66],[-25,5],[10,33],[36,27],[36,9],[-32,33],[-37,-26],[-18,40],[18,54],[41,0],[22,16],[-67,11],[-44,-46],[-34,-21],[-25,9],[8,49],[-11,14],[-36,-15],[-28,22],[-9,61],[15,35],[-38,-13],[-56,56]],[[33072,37185],[-25,20],[34,31],[-9,-51]],[[33116,37194],[-14,-9],[5,49],[9,-40]],[[33115,37335],[-25,4],[12,45],[13,-49]],[[33097,37488],[-10,-45],[-23,43],[33,2]],[[33641,36446],[5,44],[-26,53],[-8,39],[-27,45],[-24,-2],[7,38],[-7,106],[-13,-21],[-41,36],[-18,63],[-25,-4],[-52,44],[-37,111],[4,80],[-17,-29],[-20,89],[-30,5],[-10,-52],[-16,12],[2,38]],[[34711,36855],[-29,-51],[-1,-194],[22,-36],[27,6],[-4,-83],[28,-40],[-32,-37],[-3,-71],[34,-24],[18,-59],[2,-56],[-11,-12],[-17,34],[-46,10],[-38,-15],[-4,-74],[49,-40],[1,-25],[-23,-77],[2,-40],[-24,-75],[-40,17],[-11,-16]],[[18331,39671],[-10,-474],[-5,-233],[69,-1]],[[18385,38963],[59,-47],[13,32],[-12,37],[74,-82]],[[18290,38420],[-36,-2],[-1,-62],[-25,-22],[-16,-38],[-25,-12],[-46,-78],[2,-36]],[[18143,38170],[-78,61],[-26,10],[-109,-1],[-46,24],[-53,46],[-36,41],[-84,117]],[[23869,37536],[-13,-2],[14,65],[21,15],[-4,-63],[-18,-15]],[[41578,48102],[-37,43],[-122,32],[-29,23],[-63,-50],[-64,33],[-49,-60],[-31,-22],[-64,8],[-4,-26],[27,-49],[-2,-46],[33,-3],[37,-30],[26,-66],[-37,48],[-68,33],[-21,-30],[50,-64],[-4,-54],[-23,20],[-34,75],[-48,14],[-8,-15],[16,-55],[42,-42],[-10,-13],[-46,24],[-17,84],[-84,67],[-9,34],[14,37],[-59,-35],[3,-48],[-15,-91],[5,-30],[49,-87],[16,-63],[38,-51],[37,-75],[8,-41],[-22,-26],[-20,10],[8,46],[-34,27],[-31,-27],[26,-83],[20,2],[-53,-50],[-42,-4],[36,-33],[97,-51],[23,-50],[41,-14],[23,-50],[57,-29],[12,-49],[6,-159],[-17,-12],[-79,123],[-78,-19],[-32,-30],[23,-30],[10,-64],[40,-15],[19,-52],[-67,-39],[-13,39],[-65,54],[-10,-16],[8,-55],[18,-38],[29,-101],[16,-89],[-7,-48],[24,-72],[-36,30],[-41,95],[-34,-3],[-24,-78],[0,-44],[-23,24],[0,70],[-60,120],[-25,-14],[-13,-93],[-31,46],[-31,80],[-1,44],[23,40],[-24,85],[-49,48],[-9,38],[-30,30],[2,24],[32,39],[20,63],[51,-8],[34,56],[26,-3],[58,-48],[63,-28],[49,-49],[25,-8],[-6,34],[46,8],[6,38],[-44,10],[-70,52],[-33,35],[-39,-32],[-53,22],[-99,-33],[-29,61],[-6,-42],[-38,4],[-24,99],[-44,56],[0,45],[24,5],[36,-21],[16,14],[-7,39],[-68,-8],[-63,91],[-34,27],[-22,80],[-38,60]],[[40360,47727],[41,-20],[20,52],[16,3],[-15,65],[29,31],[41,19],[30,121],[29,18],[17,61],[-14,70]],[[40948,48326],[48,-5],[17,23],[80,0],[80,31],[5,21],[67,-1],[26,10],[16,-40],[36,-32],[15,14],[57,-29],[24,-26],[108,32],[28,-7],[43,27],[4,18],[-18,88],[27,26],[24,-10]],[[40483,47239],[3,-42],[33,-46],[-6,-27],[-48,13],[-14,47],[-20,-20],[11,58],[22,-1],[9,52],[10,-34]],[[40539,47027],[-14,-52],[-41,70],[15,27],[40,-45]],[[40498,47322],[-27,-9],[17,86],[17,-7],[-7,-70]],[[40513,47219],[-10,-4],[-18,60],[28,-56]],[[40375,47625],[5,-20],[-44,31],[-15,46],[-32,51],[38,35],[20,-27],[-18,-29],[21,-73],[25,-14]],[[41049,47451],[11,-40],[82,-60],[45,-6],[20,-48],[-3,-28],[18,-90],[17,-21],[41,-5],[3,-47],[-15,-19],[-59,54],[-4,32],[-30,69],[-57,4],[-22,15],[-7,41],[-73,91],[-45,27],[-32,-1],[55,48],[34,12],[21,-28]],[[41122,47508],[-23,-7],[-14,42],[37,-35]],[[41303,47396],[-43,29],[5,34],[38,-63]],[[41323,48061],[-26,-14],[-26,25],[21,54],[20,-3],[11,-62]],[[40976,46432],[-23,-5],[-7,53],[9,24],[29,-51],[-8,-21]],[[41808,46166],[-8,-21],[-14,69],[31,82],[-13,-70],[15,-56],[-11,-4]],[[41776,46715],[-20,-5],[-6,52],[26,-47]],[[41762,46630],[22,42],[42,23],[17,-13],[-41,-34],[-40,-18]],[[41479,46718],[-18,-14],[-20,52],[33,47],[13,-17],[-8,-68]],[[41425,46755],[-16,-28],[-19,16],[34,38],[1,-26]],[[41466,46507],[-23,-13],[8,43],[15,-30]],[[41737,47029],[43,-15],[3,-23],[-42,-23],[-54,29],[12,21],[38,11]],[[41576,46925],[12,39],[53,14],[-29,-39],[-36,-14]],[[41542,46653],[-24,0],[52,54],[13,-12],[-41,-42]],[[41663,46578],[-26,-27],[-12,30],[38,-3]],[[41238,46943],[-13,-18],[6,55],[7,-37]],[[41275,46643],[-1,-29],[-42,-10],[7,32],[36,7]],[[41367,47010],[-6,-25],[-50,76],[15,34],[34,-32],[7,-53]],[[41420,46951],[-20,-20],[-32,48],[52,-28]],[[41589,47178],[-19,-20],[-25,39],[23,31],[-29,81],[34,11],[30,-23],[-1,-87],[-13,-32]],[[41653,47587],[-4,-21],[28,-37],[11,-51],[-39,-21],[-46,19],[-11,20],[33,43],[-19,-1],[-21,-37],[-46,39],[13,32],[24,-1],[28,33],[36,3],[13,-20]],[[41507,47991],[-23,-9],[-25,30],[24,12],[24,-33]],[[41457,47828],[-17,-64],[-59,16],[-1,54],[36,2],[10,-18],[31,10]],[[41450,46885],[-20,-3],[9,36],[11,-33]],[[41942,46336],[-26,11],[9,41],[-8,37],[40,64],[64,33],[-29,-136],[-25,-6],[-25,-44]],[[41137,46191],[37,0],[26,22],[-11,-36],[29,-10],[12,-39],[82,23],[57,-6],[20,-23],[75,-15],[52,16],[3,-76],[18,-4],[39,31],[28,0],[24,34],[-8,-97],[-16,-10],[-68,3],[-126,-25],[-82,-9],[-18,57],[-50,26],[-117,32],[-49,-4],[-16,22],[-3,44],[13,56],[13,-20],[13,53],[23,-45]],[[36563,35356],[-28,-35],[-20,-67],[-40,-19],[-99,-1],[-78,-69],[-45,-25],[-27,-39],[-38,-28],[-25,-34],[-54,-16],[-116,-74],[-73,-81],[-18,1],[-63,61],[-65,31],[-79,27]],[[35695,34988],[6,15]],[[35701,35003],[13,1]],[[35714,35004],[41,8],[13,103],[-8,61],[-34,16],[-48,260],[-8,69],[1,100],[13,49],[37,97],[5,92],[13,85],[22,90],[35,43],[0,37],[22,22],[-19,218],[-30,114],[15,63],[-5,74]],[[35779,36605],[-14,65],[3,92],[-6,64],[-2,129],[-25,58],[2,50],[15,100],[16,-5],[233,5],[12,9],[62,-10],[38,5],[69,-8],[11,-23],[31,30],[13,32],[17,-2],[9,29],[47,-19]],[[37860,50628],[-17,30],[13,85],[-2,58],[24,80],[27,131],[61,92],[-1,32],[-106,33],[-32,33],[-86,-11],[-27,31],[-31,-17],[-56,104],[-23,3]],[[37558,51558],[12,41],[38,31],[-5,50],[-35,34],[14,19],[-49,57]],[[37776,52721],[-29,35],[11,67],[36,45],[146,4],[32,-54],[-12,-28],[27,-9],[18,60],[32,-34],[8,98],[18,35],[56,-15],[62,8],[24,-16],[62,-79],[-64,96],[-68,24],[-15,28],[1,96],[-53,12],[1,38],[61,26],[1,26],[-55,93],[-3,41]],[[38073,53318],[47,-2],[89,-34],[55,18],[25,-11]],[[38289,53289],[57,-55],[1,-35],[-32,-40],[55,6],[14,-29],[30,11],[75,-45],[57,23],[-1,-73],[-40,-39],[22,-29],[37,5],[60,-24],[80,74],[64,9],[93,110],[92,-21],[24,-47],[60,-53],[56,5],[29,-110],[32,-32],[47,-14]],[[39312,51830],[-40,-1],[-13,50],[-46,17],[-13,-14],[23,-38],[-95,-50],[-75,-25],[-11,-28],[-47,-15],[-45,-32],[-15,-31],[-35,9],[-64,-30],[-35,-61],[-29,47],[-9,-15],[38,-84],[47,-54],[-24,-57],[49,-102],[36,-49],[21,0],[45,-63],[40,-36],[21,-39],[21,2],[54,-71]],[[39111,51060],[-6,-66],[-22,-24],[-38,22],[-16,-69],[-17,-23],[-49,-21],[-54,-42],[-11,-31],[39,-68],[-11,-63],[28,-8],[-4,-81],[-47,31],[-20,39],[-40,-12],[-56,30],[-4,-36],[-95,-13],[-65,-36],[-20,-23],[-64,-10],[-21,45],[-90,8],[-23,-84],[-27,-13],[4,32],[-27,11],[-19,41],[-45,26],[-46,-19]],[[39192,52938],[-58,3],[-20,91],[77,-65]],[[39090,53126],[0,-37],[-46,21],[-24,-34],[-35,29],[-2,81],[12,34],[37,23],[50,-60],[-18,-27],[26,-30]],[[38600,53139],[-54,18],[14,25],[40,-43]],[[38000,53275],[-2,45],[22,55],[-5,-58],[50,-3],[-57,-17],[-8,-22]],[[44700,48393],[39,69],[12,97],[-20,65],[-35,189],[-14,29],[-59,33],[-13,38],[-46,48],[-63,22],[-110,110]],[[45693,48530],[-50,-86],[25,-55],[63,-60],[11,-21],[-9,-47],[-34,-33],[-58,47],[-29,-11],[-48,21],[-15,41],[-88,42],[-56,-59]],[[45405,48309],[-39,-11],[6,-18],[-74,-8],[-50,9],[-87,-31],[-72,-8]],[[32941,37923],[-13,102],[32,49],[22,-63],[29,-12],[46,4],[6,38],[145,36],[-26,6],[-57,-14],[-58,-5],[-43,-38],[-18,3],[-18,39],[-7,47]],[[39006,33911],[-17,-89],[-9,-100],[17,-103],[-12,-32],[17,-15],[117,66],[66,-18],[12,-18],[13,-74],[17,-43],[9,-71],[-22,-68],[-19,-27],[-29,-6],[-28,-67],[-13,-60],[-5,-145],[43,-25],[27,-57],[32,-16],[24,-55],[-14,-130],[9,-162],[-11,-66],[4,-44],[-8,-66],[-27,-41],[-17,-79],[7,-50],[-23,-42],[-40,1],[0,33],[-21,78],[-10,9],[-23,-52],[-31,-43],[-22,-3],[-74,34],[-40,140],[-41,39],[-32,-38],[10,-67],[-7,-80],[-77,-31],[-23,25],[-45,-18],[-25,19],[-6,-20],[6,-73],[-13,-89],[20,-7],[25,-47],[-15,-53],[6,-18],[44,-52],[-21,-79],[11,-34],[-7,-26],[-33,5],[-37,60],[-44,-45],[-19,-44],[-12,-57]],[[38570,31675],[-20,33],[-17,60],[-62,98],[-11,44],[-48,97],[-69,98],[-50,84],[1,17],[48,-43],[12,15],[-41,39],[-37,10],[-29,93],[-47,96],[37,-22],[0,25],[-44,25],[-1,37],[-45,153],[57,-119],[41,13],[-15,33],[-24,-10],[-10,20],[14,57],[-29,-21],[-28,31],[-45,142],[-28,118],[24,-43],[25,7],[38,43],[33,82],[8,107],[-7,128],[10,20],[12,-52],[77,-58],[4,30],[38,26],[-46,-1],[-46,38],[-45,94],[1,22],[34,19],[24,-32],[2,75],[-7,93]],[[38259,33496],[34,15],[30,-42],[24,16],[264,-1],[-1,429]],[[38610,33913],[4,49],[119,-5],[85,4],[102,-18],[71,3],[15,-35]],[[37836,49220],[-11,-6]],[[37812,49207],[-39,-26],[-64,-82],[-30,-23],[-12,-42],[-33,-34],[-76,-35],[-62,9],[-28,29],[-53,19],[-18,43],[-50,8],[-2,29],[-55,-25],[-32,3],[-94,43],[-23,33],[-28,-11],[-26,-37],[-106,-99],[-42,-102],[8,-120],[25,-58]],[[36668,48755],[1,37],[-43,15],[-14,-18]],[[35961,49088],[33,11],[30,46],[28,168],[20,199],[34,48],[-15,27],[-19,-36],[12,182],[21,137],[64,-80],[15,-82],[10,-1],[-18,108],[-30,57],[-59,54],[-8,32],[36,-11],[-14,67],[-9,142],[-49,15],[-80,60],[-55,109],[-6,41],[14,43],[-36,46],[45,54],[-76,-12],[-31,13],[16,58],[-26,21],[-44,-5],[8,32],[-47,0],[-39,34],[-57,7],[-13,15],[-80,31],[-83,-5],[-23,53],[-51,26],[71,48],[-50,45],[68,5],[-31,23],[-66,-2],[0,65],[38,30],[95,32],[70,1],[49,38],[48,10],[46,-18],[63,-94],[50,41],[74,-1],[15,-23],[20,42],[16,-24],[91,8],[-38,56],[-4,146],[-22,41],[-36,104],[3,32],[54,-6],[45,15],[22,-10],[5,-68],[19,-39],[124,-13],[73,-21],[60,39],[57,17],[-58,22],[11,71],[87,59],[62,18],[65,32],[70,94],[-8,15],[5,164],[19,53],[48,39],[124,39]],[[36833,51917],[29,-105],[35,-36],[53,25],[26,-43],[8,-49],[71,-27],[9,-49],[76,-1],[26,-28],[0,-105],[75,0],[32,50],[31,15],[-14,-65],[16,-63],[28,-4],[55,-37],[46,-61],[57,10]],[[25395,35088],[14,19],[20,97],[28,39],[80,-80],[37,-7],[75,-44],[27,-56],[62,-93],[33,-29],[-6,-63],[21,34],[32,-53],[20,-75],[-9,-60],[16,31],[9,73],[19,-23],[24,-126],[3,-62]],[[25900,34610],[-23,-25],[-12,-45],[-33,-62],[-35,-124],[-33,-67],[-6,-48],[-40,-149],[-1,-27],[-28,-77],[-54,-67],[-53,8],[-21,50],[-35,-32],[-46,20],[-7,17],[-73,-86],[-33,13],[-44,33],[-21,30]],[[38237,48866],[-6,-54],[15,-39],[5,-155],[-30,-75],[-2,-72],[-42,-127],[-59,48],[-17,27],[16,41],[-34,22],[4,61],[-24,2],[16,60],[-27,46],[22,24],[-22,27],[30,70],[66,42],[20,26],[30,-14],[10,26],[5,92],[20,-13],[4,-65]],[[36086,50007],[-7,-33],[-32,56],[-4,30],[43,-53]],[[45441,28341],[-23,30],[5,89],[26,-36],[-8,-83]],[[47583,25264],[-48,-7],[-39,31],[-27,79],[16,57],[28,14],[43,-15],[36,-85],[-9,-74]],[[24049,38449],[-48,-10],[-5,23],[16,27],[-27,18],[-15,56],[18,26],[42,-51],[19,-89]],[[23948,39088],[-40,-1],[-1,76],[12,27],[23,-53],[37,-40],[-31,-9]],[[23895,39006],[-16,-17],[-18,37],[-7,88],[9,20],[39,-31],[-7,-97]],[[23967,38963],[-16,1],[12,41],[4,-42]],[[24969,50350],[-24,-7],[11,36],[-11,56],[20,1],[4,-86]],[[394,27847],[-22,3],[3,25],[19,-28]],[[23608,39764],[-23,0]],[[23585,39764],[13,18],[10,-18]],[[23644,39694],[-7,15],[14,-4],[-7,-11]],[[6092,26660],[-18,28],[24,-7],[-6,-21]],[[5769,26906],[-15,5],[4,45],[21,-46],[-10,-4]],[[6191,26607],[29,-17],[-1,-47],[-22,15],[-10,33],[-48,-1],[-11,43],[4,32],[21,13],[26,-10],[12,-61]],[[8269,29548],[30,-19],[0,-17],[-52,-13],[-7,22],[29,27]],[[8057,29837],[-29,-7],[-1,55],[33,-8],[-3,-40]],[[8057,29647],[-14,25],[23,5],[-9,-30]],[[7909,26545],[-9,10],[18,41],[-9,-51]],[[6965,27107],[-25,61],[-1,31],[26,-92]],[[69459,25666],[23,-23],[24,10],[31,-37],[78,-110],[44,-32],[38,-62],[13,-53],[44,-69],[129,-136],[78,-116],[51,-50],[13,-63],[-7,-23],[-40,-20],[-41,41],[-80,65],[-16,49],[-55,38],[-16,28],[-101,92],[-47,73],[-17,14],[-54,110],[-41,60],[-58,128],[-2,49],[-24,42],[4,34],[29,-39]],[[70134,24791],[-25,2],[4,29],[21,-31]],[[70228,25231],[25,-6],[-3,-63],[-31,-9],[-19,22],[-12,69],[35,20],[5,-33]],[[69932,25500],[7,105],[8,-68],[-15,-37]],[[70105,25330],[-54,36],[-21,51],[32,44],[-29,16],[32,32],[19,-22],[-1,-58],[28,-61],[-6,-38]],[[50285,15046],[26,1],[44,48],[22,-52],[-41,-3],[-7,-21],[53,-31],[80,48],[29,0],[23,28],[33,-9],[14,-43],[-34,-86],[-44,34],[-51,-2],[-27,-52],[57,-37],[2,26],[47,-24],[-47,-46],[-31,7],[-35,32],[-27,-18],[-93,45],[-32,-65],[-42,20],[18,76],[-15,79],[17,24],[-23,37],[13,80],[25,57],[20,13],[16,-75],[-21,-58],[31,-33]],[[50305,15064],[-13,-3],[-11,68],[41,-3],[-17,-62]],[[46784,16028],[-28,4],[9,37],[19,-41]],[[40357,55323],[55,-34],[-44,-29],[-2,-32],[-58,2],[-15,49],[64,44]],[[41933,55391],[-68,-27],[-44,28],[-143,-47],[7,78],[-23,-58],[-50,-22],[-51,25],[17,-38],[-57,-38],[-20,24],[-101,-51],[-112,-30],[-52,-26],[-126,-28],[-52,7],[-57,-52],[-43,-7],[47,72],[-41,29],[-26,43],[-15,-51],[-67,-18],[2,63],[23,66],[-66,8],[-81,38],[-10,33],[-39,-23],[-36,24],[-15,136],[31,116],[-3,99],[22,15],[-45,119],[-26,27],[20,87],[-6,43],[-32,27],[-13,76],[19,62],[53,59],[3,30],[36,3],[-22,60],[71,3],[86,36],[5,49],[37,76],[46,13],[99,78],[136,139],[20,41],[52,48],[56,105],[78,30],[70,-8],[-13,33],[30,22],[-24,49],[19,123],[-22,25],[-133,78],[9,37],[-45,-29],[-50,9]],[[40762,55317],[-36,17],[2,32],[34,-49]],[[40605,56386],[41,2],[-34,-35],[-7,33]],[[40798,55330],[37,-6],[1,-70],[-57,45],[19,31]],[[40652,55388],[-30,-18],[-17,46],[47,-28]],[[41338,57030],[-55,-5],[42,40],[37,-12],[-24,-23]],[[72647,27166],[-31,-48],[-20,-54],[-26,-30],[-10,-81],[55,78],[18,6],[-8,-54],[7,-28],[-43,0],[-59,-23],[-20,32],[-24,2],[-30,-37],[-9,-32],[-25,5],[-36,-33],[-21,65],[-21,5],[17,61],[21,-16],[24,12],[12,34],[46,38],[54,21],[39,48],[59,13],[31,22],[0,-6]],[[72300,26724],[26,-56],[37,-47],[-4,-36],[19,-122],[-68,-20],[-34,-42],[-63,-2],[-79,39],[-28,26],[-11,79],[32,46],[-5,39],[44,63],[41,27],[24,-3],[50,30],[19,-21]],[[5,26888],[-5,-14],[0,20],[0,31],[0,14],[28,36],[8,-28],[-31,-59]],[[72647,26874],[-21,0],[21,65],[0,-65]],[[72342,26134],[-26,-26],[-14,15],[-26,-43],[-41,0],[29,20],[21,36],[26,13],[31,-15]],[[211,26760],[-10,46],[18,-28],[-8,-18]],[[72516,26455],[-20,26],[11,32],[9,-58]],[[72410,26592],[-16,16],[17,25],[-1,-41]],[[43694,38362],[31,18],[78,-6],[14,43],[25,17],[19,-30],[31,-79],[13,-3],[63,259],[24,-43],[44,-32],[32,-66],[26,-17],[62,22],[53,53],[25,-54],[14,-4],[53,25],[45,-14],[28,-22],[34,7],[32,-10],[61,-76],[50,-30],[34,-59],[37,-91],[48,-87],[53,-68],[29,-48],[37,-111],[37,-41],[49,-112]],[[44875,37703],[-77,-204],[-36,-69],[-10,-50],[-1,-65],[7,-159],[32,-14],[71,23],[51,28],[45,-26],[28,-4]],[[41232,54410],[28,86],[13,92],[-38,10],[-45,-43],[-70,35],[-16,53],[-26,26],[-5,76],[-21,51],[17,29],[-4,72],[58,30],[60,6],[60,66],[41,-6],[60,24],[114,0],[13,44],[58,-2],[134,-30],[33,0],[71,-38],[185,-13],[24,26]],[[40888,54686],[70,-6],[66,-45],[-34,-17],[-80,-76],[-72,-5],[-21,-20],[-23,-72],[-34,11],[41,58],[-62,40],[21,46],[-25,40],[82,4],[12,27],[59,15]],[[40949,54762],[-31,-3],[-46,-48],[-26,64],[-72,30],[82,11],[26,39],[65,-33],[20,-58],[-18,-2]],[[41034,54660],[-56,22],[20,25],[34,-11],[2,-36]],[[44115,39741],[61,-213],[46,-257],[17,-197],[15,-100],[25,-49],[17,-94],[25,-29],[18,-88],[13,-33],[1,72],[15,55],[36,-50],[8,-67],[25,-51],[46,-18],[40,-30],[34,-51],[76,-45],[61,-139],[36,-96],[118,-145],[21,-70],[11,-68],[24,3],[43,-75],[13,-57],[35,-20],[6,33],[17,-27],[6,-43]],[[45024,37792],[-50,-31],[-20,-74],[-20,-17],[-38,50],[-21,-17]],[[44411,39033],[7,-35],[-23,21],[16,14]],[[44424,38891],[22,3],[32,-27],[-2,-18],[-86,12],[-7,48],[21,48],[18,-29],[2,-37]],[[38259,33496],[-16,30],[-25,9],[21,109],[28,48],[18,82],[18,51],[-6,52],[4,87]],[[38301,33964],[14,-34],[22,-17],[273,0]],[[38086,34499],[36,0],[7,-48],[-31,-84],[-18,-65],[-46,15],[-8,25],[6,44],[22,11],[20,94],[12,8]],[[18603,38046],[-1,-42],[-23,-38],[-50,-6],[-102,43],[35,-36],[-72,37],[-82,71],[-107,30],[-58,65]],[[41399,44764],[15,-45],[32,-8],[103,40],[114,-40],[62,-15],[97,-34],[59,-61],[59,-7],[27,-36],[111,-17],[112,-81],[42,14],[63,53],[68,79],[59,12],[35,73],[36,6],[71,34],[-8,-16],[-65,-39],[28,-5],[61,22],[10,47],[28,-1],[67,-48],[17,-1],[57,32],[49,-74],[-49,52],[-24,-70],[48,-26],[19,-47],[44,60],[57,-69],[106,36],[13,-30],[37,17],[58,0],[48,18],[60,52]],[[43367,43962],[-34,-76],[-24,-188],[-34,-148],[-10,-125],[-36,-93],[-35,24],[-58,80],[-33,77],[-36,49],[-34,66],[-9,77],[-26,109],[-41,78],[-30,87],[-15,101],[-17,65],[-19,-18],[4,-27],[-26,-81],[7,-36],[34,-54],[15,-75],[-1,-70],[30,-76],[23,-81],[62,-132],[69,-114],[1,-107],[30,-98],[21,-27],[18,-80],[13,-147],[19,-37],[56,-193],[48,-123],[23,-91],[35,-112],[69,-244],[57,-118],[62,-80],[-49,-6],[-8,-52],[4,-124],[8,-63],[27,-120],[44,-76],[64,-41],[37,-86],[84,-109],[8,-37]],[[20114,31869],[33,24],[27,35],[22,51],[19,115],[19,73],[-18,82],[-4,106],[-11,-29],[3,-102],[-9,-46],[-21,-3],[4,75],[-56,-130],[-33,30],[-47,84],[-32,17],[-25,59],[39,42],[2,93],[-15,70],[7,92],[-20,112],[12,38],[58,47],[20,96],[19,-14],[-25,94],[33,75],[38,59],[17,59],[5,94],[-13,138],[37,27],[33,44],[26,-3],[30,33],[47,16],[67,38],[14,33],[-6,58]],[[20410,33651],[36,-63],[34,-31],[40,-56],[56,-54],[42,-27],[25,4],[11,-42],[37,-32],[9,-78],[26,-24],[36,-2],[39,-31],[39,1],[47,-14],[14,10],[2,43],[21,26],[49,-38],[38,-72],[21,-22],[32,-10],[31,-37],[36,-25]],[[20153,32022],[-28,-9],[10,90],[28,31],[35,-21],[-37,-44],[-8,-47]],[[20400,33577],[-17,15],[19,24],[-2,-39]],[[18094,32832],[-42,35],[15,58],[40,13],[17,-23],[-1,-42],[-29,-41]],[[18279,32781],[-24,-16],[-14,24],[37,61],[21,16],[12,-18],[-32,-67]],[[17874,32946],[-20,-6],[-25,32],[0,39],[38,11],[12,-25],[-5,-51]],[[18076,32623],[-19,15],[8,29],[20,-27],[-9,-17]],[[17905,33125],[13,-24],[6,-67],[41,-72],[3,-65],[32,-58],[-21,-69],[-45,-29],[-49,1],[-23,34],[5,46],[26,34],[38,31],[5,23],[-26,68],[-25,32],[-12,97],[-24,-8],[-9,18],[21,38],[26,7],[18,-37]],[[18046,32993],[-9,-11],[-39,13],[-11,21],[17,41],[23,-11],[23,-33],[-4,-20]],[[21839,40371],[22,48],[22,18],[65,-18],[57,24],[24,-9],[40,-42],[41,-1],[26,-35],[36,-15],[34,13],[14,-30],[13,-82],[17,-25],[84,11],[19,-21],[-19,-26],[-57,2],[-3,-33],[145,-47],[44,-31],[61,-86],[9,-22],[-21,-71],[-24,-23],[-20,-49],[-12,-2],[-20,45],[-23,25],[-28,-3],[-41,15],[-49,-9],[-51,10],[-50,-25],[-33,-45],[-60,-13],[-33,44],[-23,3],[-55,-26],[-11,-18],[-4,-57],[-59,-156],[-48,47],[-8,66],[-19,31]],[[23957,38727],[-19,-8],[-21,109],[4,40],[28,-18],[14,-77],[-6,-46]],[[45024,37792],[37,-90],[22,-101],[-5,-36],[-22,-45],[-46,-52],[-50,-33],[-32,-66],[-24,5],[4,-25],[23,2],[52,28],[50,-7],[17,-25]],[[30279,63864],[297,-48],[292,-21],[250,-43],[-78,-14],[-789,-24],[-384,-26],[-8,-38],[333,41],[683,-10],[379,34],[131,-104],[393,-32],[168,-39],[35,-33],[-192,-77],[-281,-36],[-1154,-46],[-46,-76],[398,34],[543,-17],[112,-44],[60,-67],[133,15],[107,100],[357,21],[41,-50],[-3,-88],[-116,-127],[-272,-156],[49,-5],[181,51],[237,96],[149,93],[160,28],[14,-47],[141,-5],[202,-37],[221,122],[162,38],[374,-16],[305,-52],[155,-62],[-21,-21],[-388,-142],[-210,-23],[53,-38],[-55,-40],[-210,-41],[-157,0],[-89,-29],[166,-53],[-187,-85],[-243,-9],[-274,31],[-146,-90],[3,-77],[150,-19],[22,-25],[-26,-123],[85,-63],[-148,-42],[-66,-82],[-114,-14],[-104,-53],[36,-38],[-49,-65],[-40,-112],[-71,-104],[34,-52],[144,96],[110,-18],[167,-53],[40,-49],[-46,-5],[-129,43],[-105,-26],[91,-92],[188,-54],[144,23],[50,-25],[0,-108],[-35,-53],[-313,55],[-178,-15],[-135,-73],[-146,39],[-54,-42],[147,-39],[24,-64],[69,-50],[106,15],[159,-32],[48,-36],[-19,-46],[91,-88],[28,-136],[-12,-58],[-75,-26],[-81,55],[-57,2],[-85,-58],[-69,-8],[-81,-41],[-118,36],[91,-55],[129,36],[43,-6],[27,-91],[-49,-56],[86,28],[39,91],[88,0],[90,-129],[63,-54],[-29,-72],[-179,0],[5,-29],[-181,-34],[-167,49],[39,87],[-45,32],[2,-66],[-70,-32],[25,-36],[-26,-42],[68,-44],[140,-3],[187,-42],[-28,-131],[-210,-22],[-128,-60],[-162,28],[-156,73],[-80,81],[-105,-60],[-136,78],[-16,-7],[129,-104],[-133,-44],[-44,-36],[-80,-15],[-244,67],[21,-23],[114,-34],[-25,-40],[-168,-12],[43,-26],[32,24],[88,-5],[273,57],[26,32],[138,22],[139,-9],[211,-115],[165,-61],[6,-104],[-14,-87],[-42,-20],[-2,-83],[-185,76],[-94,24],[-80,39],[-58,70],[-55,129],[-109,-21],[-17,-21],[-283,-77],[54,-16],[284,80],[43,-8],[24,-105],[-10,-28],[-102,-42],[18,-16],[91,33],[50,-33],[313,-139],[75,-21],[25,-53],[83,-9],[-110,-90],[18,-93],[24,68],[68,28],[42,-11],[16,-100],[0,-129],[30,-121],[-85,-31],[-89,7],[-10,146],[-18,-19],[-17,-116],[-16,-20],[-129,5],[-94,38],[-68,87],[-50,131],[-81,51],[-96,40],[-81,50],[-112,22],[-96,-2],[-65,17],[-20,-36],[75,-12],[181,-7],[28,-42],[-8,-68],[-84,-49],[-113,-36],[-125,0],[-195,21],[63,-42],[-31,-88],[-78,-40],[-102,-31],[100,5],[106,-27],[85,2],[171,25],[48,-29],[-114,-43],[-98,-57],[-14,-36],[49,-13],[72,77],[124,7],[179,49],[157,-22],[143,-41],[175,-25],[180,4],[-31,-51],[-132,-38],[15,-29],[-172,-25],[32,-40],[-47,-26],[-72,10],[16,-39],[-105,-59],[-90,-21],[19,-35],[-91,-44],[-31,-58],[-130,-69],[-96,-17],[-209,-59],[-55,-6],[-227,-66],[-125,5],[-66,-42],[-106,19],[22,-49],[-74,-20],[-89,24],[-183,114],[30,-66],[-38,-17],[43,-55],[-24,-51],[-178,-109],[-73,-101],[-2,-35],[-116,-196],[-65,-35],[-42,-72],[-112,-68],[-45,4],[-92,66],[47,-110],[-151,-114],[-2,47],[-28,18],[-22,-72],[-59,-11],[-27,33],[-51,-30],[-19,-49],[-69,-24],[-50,43],[41,54],[2,45],[100,127],[-105,23],[-69,0],[81,-46],[-44,-44],[-34,-87],[-77,39],[62,-63],[2,-47],[-87,-32],[-268,-25],[-46,-13],[124,-66],[-91,-88],[-45,-20],[-84,22],[-84,-3],[24,-85],[62,17],[45,-89],[51,-71],[-60,-50],[-44,-6],[-17,-39],[-80,22],[-81,6],[111,-65],[83,4],[-7,-75],[21,-75],[-45,-36],[-1,-34],[-55,-8],[-21,-60],[9,-28],[-56,-78],[-93,3],[-66,51],[16,-34],[93,-53],[-56,-87],[-30,-15],[-73,10],[-105,-1],[96,-45],[63,-11],[-34,-153],[36,-51],[7,-57],[-28,-32],[-68,-20],[53,-13],[-65,-227],[-15,-109],[-66,-90],[-61,-1],[-116,27],[18,-27],[109,-28],[28,-41],[6,-100],[-39,-49],[-60,3],[-69,33],[60,-62],[-50,-16],[-42,6],[10,35],[-64,-10],[-14,43],[45,61],[1,34],[-62,-90],[-56,8],[-115,56],[2,63],[34,3],[70,55],[20,49],[-66,-58],[-60,-23],[-135,63],[-19,59],[59,149],[-33,-31],[-115,-50],[-59,-53],[-70,-13],[-49,22],[-67,-5],[14,-36],[-58,-3],[-46,31],[8,18],[88,52],[-125,3],[2,49],[-24,32],[-86,19],[-25,91],[-49,24],[5,45],[-23,66],[68,55],[43,15],[-75,7],[-30,-33],[-55,-4],[-9,56],[23,30],[-105,48],[-50,40],[4,92],[45,67],[57,52],[-60,-25],[-60,-57],[-23,45],[-48,39],[-147,218],[-14,42],[18,54],[-20,37],[172,53],[72,8],[-30,14],[10,38],[-57,-33],[-166,-46],[-33,40],[96,130],[80,0],[-3,31],[100,14],[40,-71],[30,-15],[-23,94],[-36,28],[-44,-5],[-89,160],[48,-148],[-54,-49],[-47,-14],[17,58],[-53,-60],[-72,-126],[-33,-22],[-35,72],[1,98],[-34,174],[-38,19],[-18,45],[72,42],[113,100],[107,13],[-62,11],[-66,-21],[-126,-96],[-41,0],[-43,48],[-88,1],[-7,65],[26,76],[-58,26],[270,169],[33,42],[128,81],[-5,18],[-109,-71],[-222,-168],[-47,-24],[-93,-8],[-4,95],[44,87],[77,65],[131,20],[-35,11],[-178,5],[-49,23],[-40,55],[17,104],[229,122],[57,1],[95,-33],[147,-10],[96,-47],[13,19],[-107,49],[41,42],[-161,-25],[-117,36],[-128,-29],[-88,-68],[-64,-9],[32,106],[45,49],[41,87],[144,-22],[76,-26],[93,-8],[79,100],[-1,35],[-49,-10],[-36,-45],[-150,-20],[-81,34],[-122,-5],[69,116],[88,36],[61,-3],[105,-56],[131,18],[66,81],[-89,-29],[33,143],[139,4],[-29,40],[-109,-14],[38,74],[34,116],[75,26],[-30,51],[42,29],[-103,-4],[-61,20],[-64,-25],[-168,26],[-155,89],[-200,44],[-105,102],[74,45],[132,-20],[85,1],[138,-30],[178,-91],[117,-28],[53,12],[-129,71],[13,97],[-100,51],[148,3],[-72,44],[-138,1],[-96,29],[-95,-8],[-22,49],[74,69],[158,36],[39,27],[-85,-15],[-93,15],[-104,-50],[-55,16],[60,84],[-38,-7],[-18,78],[-96,126],[21,-77],[57,-58],[7,-46],[-61,-63],[-49,-8],[12,-73],[-72,-28],[-75,-6],[-130,22],[-52,47],[-15,50],[24,29],[47,126],[89,79],[-4,25],[-86,-72],[-53,-7],[-1,51],[59,13],[-62,37],[97,17],[67,52],[11,85],[-68,52],[-44,-30],[-76,28],[-5,38],[80,55],[-30,73],[-59,-28],[-74,64],[35,124],[-74,99],[-40,7],[-148,-21],[105,34],[10,88],[81,26],[-110,53],[-78,82],[-126,53],[-89,88],[-71,39],[72,45],[-54,67],[-114,28],[-220,84],[-243,69],[-145,23],[-131,3],[-140,33],[-106,-48],[-86,35],[-106,-49],[-109,-16],[-85,40],[-119,-36],[-82,29],[-37,-24],[77,-65],[-298,33],[-247,98],[-22,25],[125,59],[125,21],[4,22],[-207,3],[-129,52],[39,60],[-150,-67],[-144,98],[59,37],[243,20],[137,-13],[78,55],[92,13],[242,-5],[110,-31],[25,86],[-86,61],[-166,-51],[-93,-8],[-130,30],[-71,-40],[-76,-9],[-127,29],[-118,63],[97,42],[-184,-15],[-216,53],[-152,95],[21,62],[64,52],[150,44],[151,6],[188,51],[198,29],[-8,32],[313,64],[305,5],[111,77],[61,91],[66,152],[123,36],[-73,14],[-256,-42],[-208,20],[-60,33],[29,90],[126,63],[146,38],[228,115],[126,21],[168,-63],[-31,95],[63,28],[296,-31],[68,96],[-21,129],[155,64],[233,-13],[172,-72],[316,-113],[0,29],[-200,74],[-284,127],[109,32],[430,49],[210,7],[166,39],[149,-27],[82,-80],[5,-150],[83,54],[44,88],[-19,104],[50,0],[379,-157],[273,8],[-236,118],[-56,82],[192,4],[237,-24],[304,-86],[149,-28],[268,-99],[113,-18],[40,26],[-21,94],[80,97],[-68,64],[-197,67],[98,22],[488,-16],[156,-22],[89,36],[-725,39],[-224,-10],[-69,35],[63,41],[152,-17],[153,41],[332,50],[152,-12],[193,-49],[191,86],[287,-58],[132,-65],[69,60],[-164,77],[186,42],[230,-2],[16,21],[392,13],[167,-16],[172,26],[612,-13]],[[25683,58853],[138,-51],[29,-75],[-43,-42],[-132,-46],[-163,-40],[-96,30],[-21,33],[100,14],[-33,28],[-136,13],[-62,20],[-23,31],[16,69],[35,23],[69,-8],[-91,40],[14,75],[67,23],[202,-36],[54,-29],[76,-72]],[[26029,58708],[-44,0],[-24,111],[29,22],[107,-24],[-47,-34],[-21,-75]],[[25520,59256],[-73,16],[-10,26],[73,52],[29,-41],[-19,-53]],[[25221,59900],[-102,-82],[-139,55],[44,24],[197,3]],[[21861,61568],[-167,22],[82,30],[132,-26],[-47,-26]],[[27270,63319],[-381,98],[-112,68],[7,45],[176,13],[200,-42],[133,-65],[-23,-117]],[[31191,59212],[6,-99],[-80,-20],[-95,-53],[-67,37],[-101,-9],[-160,-28],[-28,22],[65,73],[1,68],[148,-13],[129,21],[104,46],[78,-45]],[[32557,63232],[-74,-7],[-114,60],[57,49],[131,-102]],[[32769,62488],[-85,-42],[-201,23],[7,62],[205,42],[103,-10],[-29,-75]],[[32490,61807],[-27,-13],[-37,149],[76,29],[11,-113],[-23,-52]],[[32574,61096],[-24,-9],[-78,152],[5,97],[66,-19],[31,-221]],[[32691,60863],[23,-75],[78,-20],[22,-42],[-39,-16],[-219,3],[-45,26],[7,91],[45,26],[37,-23],[91,30]],[[32700,61685],[-44,26],[55,55],[44,-1],[-9,-56],[-46,-24]],[[28851,57229],[-32,0],[-7,60],[54,-12],[-15,-48]],[[26987,55481],[-23,-45],[-83,44],[118,61],[-12,-60]],[[25896,59188],[-90,5],[30,39],[60,-44]],[[34987,55858],[-10,-14],[-43,48],[53,-34]],[[34972,55725],[-39,33],[-9,37],[39,-24],[9,-46]],[[34873,55981],[25,-25],[-39,-10],[-33,35],[47,0]],[[34985,56013],[-5,-49],[-33,16],[20,-54],[-59,38],[-32,70],[43,12],[66,-33]],[[35031,56024],[-31,-12],[1,48],[30,-36]],[[38073,53318],[-20,85],[20,8],[-11,96],[-97,67],[14,141],[-17,58],[9,172],[78,-17],[24,-24],[13,48],[67,62],[26,-34],[12,114],[-53,1],[-44,-107],[-62,-22],[-40,33],[3,36],[68,95],[67,15],[70,-2],[52,32],[82,128],[60,14],[55,43],[-18,-64],[19,-42],[-3,-75],[-46,-90],[-2,-139],[41,-37],[72,0],[16,-28],[-14,-55],[-47,-34],[-39,27],[-22,-23],[-28,-128],[-56,-8],[24,-30],[-87,-99],[16,-83],[-44,-84],[56,-26],[2,-53]],[[38860,53642],[0,-36],[-50,-36],[-22,-45],[35,-30],[5,-36],[-65,-36],[-8,-137],[-38,-16],[-24,52],[-18,100],[-74,7],[-23,45],[4,51],[-43,94],[69,11],[31,71],[45,-13],[-1,-66],[26,-12],[23,73],[-14,27],[71,55],[73,-20],[-11,-54],[9,-49]],[[38472,53578],[35,-106],[-7,-69],[-33,-30],[-36,-2],[-92,43],[-26,71],[0,58],[86,35],[44,-19],[29,19]],[[38616,53314],[77,-31],[5,-47],[-62,-19],[-86,53],[5,62],[40,4],[21,-22]],[[38490,53262],[-23,37],[60,77],[-37,-114]],[[38856,53341],[-39,-2],[-35,-25],[-4,30],[30,25],[48,-28]],[[38879,53573],[-23,-15],[10,46],[13,-31]],[[38354,53312],[-52,7],[-7,57],[46,-27],[13,-37]],[[38464,53642],[-16,0],[4,77],[23,-43],[-11,-34]],[[38554,54182],[-24,21],[48,5],[-24,-26]],[[39368,53362],[-41,4],[-40,25],[16,72],[74,-56],[-9,-45]],[[39745,50998],[-14,39],[-82,35],[-23,-22],[-62,6],[-47,40],[-25,-2],[-79,42],[-30,-10],[-38,14],[-10,-78],[-20,1],[-27,-65],[-41,10],[-24,-18],[-64,10],[-13,33],[-35,27]],[[43186,46018],[-28,11],[-39,-28],[-30,8],[-29,45],[-39,4],[-54,-31],[-42,30]],[[42925,46057],[34,4],[12,77],[104,-20],[30,7],[92,44],[71,57],[10,-13],[-105,-111],[-7,-33],[20,-51]],[[43186,46018],[9,-28],[-71,-7],[-37,-60],[-44,-32],[-37,-9],[-35,-44],[-15,32],[-35,-5],[-49,30],[-27,82],[-3,48],[18,-12],[33,39],[32,5]],[[19809,41639],[53,-17],[61,4],[19,-25],[34,11],[73,5],[20,-32],[37,-27],[59,0],[23,-24],[28,3],[-6,-22],[35,-31],[26,-60],[55,-63],[75,-4],[44,-11],[109,-95],[57,-77],[46,-38],[28,-3],[-18,37],[18,-6],[40,-59],[31,-25],[-7,-17],[-38,5],[32,-49],[22,41],[91,-112],[79,-21],[37,-35],[71,-8],[25,-43],[-13,-36],[13,-22],[-29,-9],[3,-36],[17,7],[61,-12],[26,5],[66,-24],[31,-28],[44,-69],[26,-20],[30,-2],[20,-35],[-24,-56],[-77,-8],[-97,-57],[-7,39],[-28,-42],[-53,-1],[-43,25],[-79,11],[-125,-18],[-45,-17],[-43,0],[-101,-14],[32,83],[69,81],[22,39],[-1,31],[-24,56],[-48,17],[-107,9],[-24,17],[-76,108],[-9,89],[-20,81],[-38,38],[-74,-25],[-17,4],[-128,66],[-65,48],[-51,92],[-3,-22],[-93,-4],[-25,17],[-21,63],[-7,-46],[-27,-15],[-17,30],[-76,6],[-53,69],[65,29],[15,25],[-13,36],[-31,17],[-169,4],[-55,-65],[-27,-47],[-47,-60],[-22,-13],[-83,-6],[-27,-84],[-42,-16],[-53,-45],[0,56],[-36,-11],[-32,-26],[-7,24],[69,50],[42,16],[-12,67],[5,45],[63,106],[159,111],[120,28],[63,41],[51,13],[53,-10]],[[20650,41193],[-8,-11],[-39,43],[-3,18],[57,-12],[-7,-38]],[[20578,41316],[-31,13],[-19,38],[25,3],[25,-54]],[[20456,41414],[56,-5],[14,-30],[-53,3],[-26,16],[9,16]],[[20608,41258],[-33,27],[11,37],[22,-64]],[[19663,41053],[-59,-47],[-43,10],[-23,56],[25,-27],[17,16],[-22,73],[18,56],[56,-19],[17,-46],[14,-72]],[[20311,41455],[-35,18],[-11,35],[46,-53]],[[40159,49626],[-34,5],[-35,71],[-77,21],[-58,3],[-37,-23],[-25,29],[-29,-13],[-85,18],[-41,39],[-26,-30],[-53,8],[-48,-77],[-53,67],[-49,-4],[-10,-152],[80,-108],[16,-95],[33,-57],[43,-54],[25,-49],[75,-97],[38,-26],[4,-52],[67,-96],[-8,-39]],[[39872,48915],[-51,65],[-41,36],[-45,66],[-62,27],[-41,29],[-83,-9],[-9,51],[-89,92],[-63,97],[-13,31],[71,6],[-41,41],[-58,81],[-18,38],[3,97],[-11,41],[-61,80],[-48,14],[-16,-65],[-54,-120],[-21,1],[-47,100],[-23,137],[12,13]],[[40060,48729],[-140,134],[-48,15],[-66,48],[-43,18],[35,4],[102,-65],[-11,17]],[[39889,48900],[35,-19],[93,-90],[27,-15]],[[39684,48937],[89,-12],[19,-17],[-91,-2],[-17,31]],[[39793,48984],[-104,-1],[-61,34],[57,0],[8,-15],[100,-18]],[[39711,49038],[-73,17],[5,25],[78,-13],[-10,-29]],[[39312,49666],[-25,-8],[-50,52],[27,47],[48,-91]],[[39316,49585],[-30,4],[15,28],[15,-32]],[[39388,49430],[-5,-10],[-50,65],[-35,78],[54,-60],[47,-68],[-11,-5]],[[39389,49277],[-11,-5],[-49,80],[12,-3],[48,-72]],[[39247,49549],[-14,4],[-23,99],[-4,75],[15,9],[22,-73],[4,-114]],[[39877,48853],[27,-25],[-81,33],[54,-8]],[[35209,36952],[28,-41],[25,2],[32,-29],[22,-71],[5,-43],[69,-80],[20,4],[39,-29],[13,36],[79,56],[60,11],[72,-11],[26,-53],[21,-24],[35,-96],[24,21]],[[35714,35004],[-30,26],[4,54],[-18,-5],[-22,-75],[-106,33],[-22,27],[-28,6],[-87,-11],[-12,-17],[100,10],[16,-12],[-126,-21],[-48,-12],[-25,24],[-52,2],[-18,-22],[53,4],[9,-11],[-101,-15],[-71,-29],[-128,-92],[-60,-33],[-43,-47],[-35,-22],[-39,-40],[-24,-9]],[[35695,34988],[6,15]],[[19599,36086],[-14,40],[-36,63],[-7,87],[-47,48],[-15,-4],[34,-74],[2,-37],[-51,15],[-39,62],[24,69],[-4,85],[-52,89],[-45,38],[-21,31],[-53,23],[-35,44],[3,53],[-15,40],[-62,80],[-48,52],[5,-55],[15,-33],[40,-31],[16,-41],[-46,-88],[-41,84],[-62,34],[-35,84],[-11,59],[4,39],[34,87],[-1,41],[-48,56],[31,32],[2,28]],[[19445,37133],[39,-166],[65,-156],[20,-19],[50,-118],[43,-34]],[[41160,29115],[-27,-52],[-87,14],[-50,-36],[-69,-2],[-51,9],[-57,-51],[-10,26],[-10,85],[26,74],[-7,159],[-15,80],[-22,66],[-47,99],[-9,46],[4,110],[15,175],[-2,130],[-19,84],[-4,91],[10,97],[2,66],[-18,43],[-113,7],[-118,3],[-14,57],[12,69],[-23,7],[-123,-26],[-43,-19],[-27,-39],[-9,-50],[-1,-71],[-21,-67],[-7,-115],[-40,-12],[-49,1],[-49,23],[-94,-33],[-36,-30],[-20,14],[-67,-11],[-9,8],[-77,226],[-34,75],[-13,119],[-36,117],[-8,100],[3,38],[-36,102],[-45,37],[-119,0],[-197,-6],[-71,-4],[-85,13],[-183,-3]],[[38961,30958],[-13,10],[-43,-15],[-23,-30],[-33,-16],[-21,6],[-40,84]],[[38788,30997],[59,23],[3,201],[-14,29],[25,27],[51,96],[50,37]],[[38962,31410],[12,12],[17,-38],[40,-48],[54,55],[7,86],[45,-11],[84,68],[18,-55],[-17,-50],[10,-91],[60,-18],[41,64],[39,90],[32,57],[26,23],[42,79],[55,35],[23,62],[32,111],[14,160],[-5,276],[5,37],[65,125],[49,170],[20,56],[46,59],[34,24],[54,83],[42,83],[-6,100],[10,83],[23,105],[8,112],[-8,117],[3,96],[32,154],[2,176],[29,147],[56,188],[26,140],[-2,64]],[[40079,34396],[-3,73],[8,102],[-14,111],[6,33],[21,13],[27,52],[47,136],[52,66],[36,21],[61,-15],[40,-53],[45,-42],[34,-53],[33,-82],[80,-18],[56,-41],[24,3],[38,-24],[30,13],[45,-10],[103,-44],[17,27],[23,88],[28,74],[22,28],[50,5],[40,-27],[21,0],[182,121],[24,6],[66,-29],[43,19],[18,-5],[37,21],[30,85],[25,20],[38,-10],[93,-41],[131,-40],[40,44],[19,5],[58,-32]],[[42179,32115],[0,-29],[42,-94],[-3,-114],[3,-201],[21,-68],[15,-130]],[[39006,33911],[240,-2],[19,16],[38,-46],[22,2],[6,-25],[40,-3],[12,12],[36,-34],[53,3],[28,-14],[64,-87],[16,17],[-10,72],[-2,69],[21,60]],[[39589,33951],[58,207],[5,139],[15,93],[21,27],[67,8],[59,22],[28,25],[90,-48],[46,-2],[10,-18],[64,45],[27,-53]],[[38962,31410],[-39,70],[-17,6],[-31,-37],[-52,-33],[-16,-54],[-21,-4],[-37,-84]],[[38749,31274],[-25,51],[-23,70],[-1,41],[-22,48],[-55,86],[-6,26],[-47,79]],[[45299,28670],[10,-89],[-14,-4],[-48,60],[32,2],[20,31]],[[45160,28587],[14,-22],[-39,9],[-7,35],[32,-22]],[[45095,28737],[-33,21],[-15,34],[5,117],[9,21],[19,-12],[-3,-76],[23,-91],[-5,-14]],[[22828,33566],[-38,-17],[-6,12],[1,149],[-6,33],[-47,140],[-30,8],[-22,-26],[-41,-90],[-36,-14],[-28,74],[-13,12],[-12,-52],[16,-46],[-231,0],[-53,18],[-54,-22],[0,-239],[99,1],[20,-18],[20,-55],[-3,-84],[-22,-3],[-38,37],[-67,-45],[-50,-10],[-4,-264],[30,-66],[52,-61],[15,-57],[-6,-30],[16,-73],[19,-30],[10,-72],[-55,-542],[-36,-365],[-23,-212]],[[20410,33651],[-34,62],[14,48],[33,35],[44,-27],[5,55],[-16,48],[3,93],[16,43],[49,32],[35,-9],[62,84],[29,60],[-5,59],[27,14],[29,97],[12,3],[7,46],[16,41],[34,121],[-19,-19],[-19,11],[-3,61],[-16,-42],[-14,43],[4,69],[-22,3],[33,52],[13,119],[-10,43],[-4,139],[-9,74],[-27,44],[43,51],[15,39],[-19,79],[-26,67],[0,40],[15,-4],[7,84],[-15,69],[-18,1],[-56,163],[-20,34]],[[20710,36302],[22,-61],[27,-34],[56,-114],[-15,-43],[12,-21],[25,31],[-6,114],[-9,56],[-21,41],[7,17],[40,27],[83,108],[29,102],[46,61],[30,-6],[24,13],[7,33],[-16,70],[18,97],[7,89],[-30,-34],[31,68],[22,104],[33,43],[88,141],[79,-45],[-13,-46],[24,-36],[10,18],[26,107],[4,59],[29,28],[53,-24],[97,7],[119,153],[56,33],[35,33],[22,62],[6,48],[33,18],[10,26],[42,41],[44,4],[47,-35],[22,-63],[3,-44],[-37,-67]],[[20560,34051],[-19,25],[15,9],[4,-34]],[[56733,41052],[-2,62],[-10,7],[-49,-37],[-32,-55],[-30,-17],[-36,15],[-27,-14],[-26,35],[1,38],[-23,15],[-11,44],[-1,76],[-66,23],[-81,13],[-4,25],[14,65],[20,47],[0,70],[9,51],[25,49],[-9,32],[-25,18],[-57,13],[-39,22],[4,43],[-17,78],[7,39],[-9,41],[-22,39],[4,45],[27,46],[-14,10],[-37,-17],[-17,16],[-57,-1],[-40,-17],[-67,-62],[-24,5],[1,29],[24,52],[-5,92],[-27,41],[0,51],[11,53],[28,25],[-2,70],[21,80],[20,-5],[37,66],[14,66],[33,-3],[27,74],[32,14],[6,33],[-17,73],[18,9],[14,163],[-3,170],[-8,54],[-5,140],[-30,28],[-19,-3],[-12,-37],[-22,46],[-22,112],[-6,64],[-48,81],[-19,-2],[-15,41],[-32,15],[-43,-107]],[[54815,43330],[-6,71],[-76,44],[-30,-36],[-73,36],[-74,3],[0,60],[-75,25],[-46,-45],[-43,-30],[-76,-146],[-12,-43],[-31,-48],[-11,-54]],[[52023,46177],[-71,-8],[-72,29],[-65,40]],[[51366,46738],[-34,50],[71,49],[33,-21]],[[61419,47836],[-51,-60],[-70,-7],[-22,22],[-14,-36],[-47,-8],[-25,-28],[-39,-5],[-141,-113],[-43,-79],[-52,-57],[-37,2],[-6,-50],[-66,-21],[-32,-29],[-11,70],[115,69],[-10,41],[38,61],[-109,0],[-2,59],[50,34],[-8,43],[8,33],[58,39],[78,150],[17,68],[-27,53],[-57,57],[-5,49],[-21,-47],[-112,20],[-51,-80],[-30,-35],[-59,-132],[-22,-10],[-105,-79],[-52,-32],[-41,-55],[-26,-70],[-7,-57],[-38,-68],[-25,-21],[-58,4],[-66,-40],[-31,47],[-21,12],[-52,-34],[-34,-104],[-12,-84],[20,-74],[22,-41],[51,-47],[106,-33],[52,12],[28,-31],[18,-51],[12,-75],[-19,-22],[-8,-114],[32,-48],[68,-28],[63,11],[25,37],[0,35],[55,53],[31,47],[-11,21],[100,57],[60,-40],[34,-46],[34,-8],[51,-43],[66,-6],[18,31],[57,-46],[66,0],[-19,-32],[3,-50],[-28,-42],[15,-44],[-36,-42],[-20,6],[-16,40],[-47,0],[-53,-45],[-137,-88],[-39,4],[20,-60],[-24,4],[-19,-42],[0,-64],[-59,-42],[-13,64],[-29,-9],[-18,-31],[39,-49],[-47,-46],[-38,-80],[-29,-20],[-39,-85],[-20,-21],[-15,-69],[-28,-37],[-10,-60],[7,-37],[30,0],[47,-61],[77,-50],[48,-45],[24,-57],[37,-196],[22,-54],[24,-93],[28,-81],[5,-64],[-9,-67],[28,-35],[61,-40],[22,-32],[0,-61],[18,-31],[37,-26],[32,-55],[7,-73],[-38,4],[-66,54],[-42,-7],[-34,10],[-37,60],[-55,27],[-68,-51],[-30,-11],[32,-11],[61,42],[45,-13],[14,-61],[54,-37],[30,-33],[30,-53],[62,-61],[26,-58],[18,-90],[-22,-17],[-49,-11],[-43,-52],[-64,-52],[-20,-61],[-15,-14],[-75,12],[-41,-38],[21,-13],[29,20],[28,-62],[55,10],[51,52],[37,-8],[18,-20],[50,-91],[81,-40],[-35,-33],[-47,-73],[-34,-36],[37,10],[27,34],[24,1],[5,-43],[-10,-131],[-13,-2],[-27,47],[-37,-7],[-18,-39],[44,-44],[-7,-90],[-31,-46],[25,-101],[-66,-54],[-11,46],[-24,-20],[-28,-94],[-43,-10],[17,-43],[-30,-54],[-19,-61],[8,-36],[-18,-60],[-31,-60],[-22,-22],[-28,-77],[-10,-79],[-24,-31],[-18,8],[-11,87],[-23,-43],[-25,21],[10,-61],[30,-27],[19,-78],[-38,-36],[-46,-67],[-30,3],[-35,22],[25,-55],[31,-7],[40,18],[6,-31],[-22,-121],[16,-56],[-5,-26],[-35,34],[-32,3],[-23,-20],[28,-67],[-53,-3],[-22,-36],[8,-44],[-9,-28],[-55,-35],[17,-33],[-13,-46],[-19,-15],[-54,-2],[-42,20],[-16,-54],[-33,-3],[7,-28],[29,-6],[7,-50],[-44,-86],[-20,1],[-22,-65],[-33,1],[-1,-38],[-19,-55],[-7,45],[-51,-48],[-34,25],[-10,-71],[-47,-37],[14,-28],[-32,-36],[-4,-64],[-10,-22],[-44,13],[-19,-35],[-62,-31],[-43,19],[-28,-50],[-24,0],[-37,37],[-69,-74],[-21,3],[-20,48],[-22,-50],[2,-33],[-43,23],[-15,-19]],[[59382,41410],[-16,9],[-35,-20]],[[59331,41399],[-37,35],[-15,47],[-27,47],[-7,58],[7,40],[-36,-27],[0,-42],[-23,-10],[45,-117],[0,-70],[7,-20],[-12,-39]],[[59233,41301],[-10,-18]],[[59223,41283],[-43,-39],[-23,-5],[-13,48],[-16,-32],[-5,-67],[-16,-21],[-19,24],[-45,-62],[-33,38],[-13,36],[6,-65],[-17,-22],[-73,40],[-14,-49],[-19,1],[-35,-59],[-43,-9],[-15,-18],[-61,9],[-4,-30],[-45,-16],[-41,-63],[-22,6],[-10,39],[-7,-61],[-37,-49],[-2,-66],[37,-8],[-11,-61],[40,-56],[-12,-60],[-21,-23],[-45,-11],[-37,12],[-11,43],[20,-4],[-39,81],[3,33],[-29,75],[4,79],[20,76],[28,14],[2,39],[-20,1],[-14,28],[-15,-13],[-19,54],[-14,8],[4,-57],[-40,-31],[-53,-5],[10,38],[-20,30],[-53,2],[-31,51],[-5,49],[-23,1],[10,-86],[-17,-24],[-24,32],[-16,-50],[-55,-18]],[[60173,42129],[-19,-18],[3,39],[16,-21]],[[60915,44704],[-17,-11],[-52,32],[-37,34],[-25,60],[51,-18],[22,-44],[47,-31],[11,-22]],[[61002,44141],[-54,18],[-11,48],[28,-1],[35,-26],[2,-39]],[[60503,42483],[-24,-9],[-1,58],[27,6],[-2,-55]],[[58599,40877],[27,-3],[-3,-43],[-45,12],[21,34]],[[60792,43450],[-24,-8],[14,52],[10,-44]],[[59239,41507],[-26,20],[7,17],[19,-37]],[[59084,41064],[-15,36],[14,27],[16,-7],[-15,-56]],[[59055,41078],[-24,-6],[24,32],[0,-26]],[[58701,40472],[16,-40],[9,-84],[-39,-36],[-50,-142],[-25,-156],[-40,-34],[-41,-55],[4,-21],[-51,-19],[-23,-51],[-37,-15],[-24,24],[-75,31],[-66,62],[-13,137],[3,132],[9,27],[117,155],[-20,3],[28,50],[40,0],[28,29],[51,-8],[36,11],[18,23],[45,2],[39,-31],[2,45],[16,14],[43,-53]],[[59233,41301],[4,-8],[-14,-10]],[[59382,41410],[14,-53],[-14,-37],[-75,48],[24,31]],[[59328,41288],[-24,0],[0,26],[33,20],[-9,-46]],[[22296,26674],[4,-41],[27,-56],[9,-63],[45,-40],[-11,-34],[11,-51],[25,-253],[22,-46],[80,-125],[-48,-106],[25,-50],[-5,-69],[-26,-9],[-1,-57],[9,-31],[-11,-55],[49,-57],[-12,-39],[6,-75],[19,-9],[49,-130],[2,-117],[15,-49],[7,-85],[18,-27],[7,-102],[14,-59],[1,-121],[17,-21],[43,-4],[78,25]],[[22764,24718],[37,-66],[-70,-380],[-180,-131],[-52,-88],[-11,-76],[19,-33],[17,-61],[-32,-53],[-12,-92],[18,-94],[20,-152],[-24,-45],[-12,-52],[2,-37],[53,-132],[-6,-55],[-61,-45],[-12,17],[-27,-19],[-20,-92],[-11,-16],[-36,-175],[-15,-18],[-82,-162],[-16,-84],[-1,-52],[-18,-118],[-33,-54],[-7,-27],[20,-164],[-6,-114],[19,-15],[-18,-88],[-42,-30],[-38,-170],[8,-44],[-16,-36],[-26,-10],[-13,-155],[27,-101],[39,-42],[-22,-47],[9,-67],[30,-75],[-1,-57],[12,-67],[19,-28],[-14,-53],[2,-64],[13,-26],[40,-4],[5,-42],[-18,-75],[-2,-48],[8,-181],[-40,-28],[-10,-49],[-38,-110],[-21,-153],[-32,-37],[17,-29],[18,-164],[-5,-106],[-32,-32],[-32,-50],[-6,-40],[-31,-10],[-30,-38],[-3,-45],[-25,-73],[15,-100],[-17,-68],[14,-53],[-11,-69],[4,-48],[28,-103],[12,-149],[25,-35],[-21,-72],[-68,-40],[-28,-51],[1,-111],[-24,-116],[-36,-12],[16,-93],[-13,-76],[-23,-30],[25,-59],[-22,-38],[-26,-93],[12,-74],[-8,-279],[33,-146],[-3,-20],[-53,-17],[-20,-55],[14,-65],[-18,-38],[6,-73],[-6,-79],[18,-41],[55,-24],[4,-47],[-29,-19],[0,-34],[31,-56],[-8,-60],[23,-64],[-27,-65],[-2,-102],[123,-22],[12,-19],[-22,-99],[-39,5],[-101,-16],[-22,8],[5,-49],[90,-28],[49,-92],[0,-37],[-32,-67],[-48,-24],[-1,-96],[24,-42],[-10,-33],[-39,-43],[20,-44],[17,-110],[-8,-47],[-42,-46],[-3,-94],[10,-42],[-27,-15],[-13,-37],[-49,-55],[1,-30],[-35,-112],[1,-35],[37,-51],[7,-43],[-12,-51],[-52,-56],[-1,-101],[-23,-38],[-51,-30],[-34,-77],[3,-42],[-66,-5],[-23,-99],[21,-77],[-11,-43],[5,-79],[23,-39],[47,-187],[15,-8],[56,45],[59,11],[34,-27],[13,-84],[-20,-68],[15,-75],[-21,-89],[28,-55],[63,-70],[8,-40],[395,-7],[95,-47],[57,0],[99,-44],[51,-13],[4,-24]],[[22512,13851],[-161,55],[-42,-23],[-23,-56],[-167,-88],[-35,-5],[-47,-35],[-5,-71],[-26,-97],[-7,-82],[7,-45],[-9,-77],[-61,-38],[-80,30],[-97,62],[-41,60],[-7,44],[21,36],[74,7],[30,-92],[10,92],[69,47],[45,68],[5,28],[-47,30],[-103,-88],[-47,-23],[-66,-70],[-19,-75],[-36,15],[-65,64],[27,45],[1,68],[16,43],[32,26],[10,-25],[35,1],[67,61],[65,-12],[58,28],[-61,25],[-83,6],[-43,-38],[-42,35],[-27,-17],[-5,-50],[-44,-66],[0,-48],[-20,-19],[-44,7],[-62,80],[82,48],[34,63],[-23,17],[-12,-50],[-28,11],[-41,-33],[-66,-1],[-20,18],[-5,87],[-23,7],[-29,98],[93,-43],[26,13],[4,44],[31,-27],[80,8],[59,62],[30,-9],[21,-58],[1,-41],[-26,-37],[29,8],[9,60],[-20,83],[21,20],[6,47],[-55,70],[-73,49],[-14,-14],[82,-50],[41,-45],[-3,-23],[-66,-22],[-92,-78],[-27,11],[-27,68],[-49,36],[-16,-10],[-45,39],[25,37],[29,-14],[7,105],[-46,50],[-43,0],[-97,49],[-48,102],[-8,38],[82,7],[8,16],[-26,55],[26,40],[57,-47],[35,-106],[69,-60],[22,90],[25,25],[-27,32],[-29,-89],[-17,-16],[-44,80],[2,45],[48,-9],[-96,59],[-42,58],[60,80],[64,-17],[1,34],[-32,8],[-31,46],[7,66],[38,18],[42,-26],[0,37],[-41,35],[15,68],[-1,80],[-39,-174],[-29,37],[-4,223],[9,73],[33,37],[34,7],[-33,18],[-35,-24],[-26,10],[-21,70],[-1,101],[67,-17],[80,1],[66,-57],[29,8],[-46,67],[-21,125],[-27,-78],[-19,-23],[-57,-15],[-25,9],[-5,43],[-57,46],[25,50],[58,-41],[22,32],[-70,59],[16,38],[50,54],[-10,36],[11,40],[-33,69],[-28,8],[-5,-44],[-43,8],[-63,45],[-10,42],[14,42],[-33,-32],[-67,-23],[-17,-24],[24,-8],[12,-42],[-23,-28],[-42,61],[10,60],[148,166],[-30,57],[1,48],[62,19],[60,-7],[62,27],[15,45],[-8,55],[17,29],[43,-11],[-27,-143],[-21,-41],[8,-40],[-12,-28],[-59,-42],[57,9],[25,25],[18,113],[37,-5],[-3,-77],[-20,-113],[-27,-72],[35,27],[22,74],[13,192],[-32,27],[5,82],[36,-1],[35,37],[35,11],[46,-36],[0,21],[-50,51],[-44,6],[16,96],[57,21],[69,69],[15,109],[-33,15],[-88,84],[8,99],[31,13],[15,85],[-21,65],[5,49],[27,41],[13,60],[24,3],[-1,48],[-16,37],[-1,51],[15,61],[29,-2],[-31,77],[31,37],[40,-86],[4,17],[-18,150],[-48,-5],[-17,31],[33,61],[35,8],[25,27],[9,55],[-22,-54],[-23,-17],[-26,12],[-27,42],[-43,0],[-45,-87],[-57,-6],[-43,20],[22,60],[-37,23],[-32,147],[-3,53],[13,38],[50,290],[0,44],[52,64],[33,135],[5,73],[-52,221],[-10,94],[14,121],[-40,125],[12,81],[-12,51],[12,56],[46,-13],[32,21],[8,42],[11,134],[23,17],[27,93],[19,151],[39,81],[-8,64],[48,127],[33,53],[8,65],[26,112],[13,120],[-2,45],[34,128],[34,61],[5,49],[-11,33],[-10,123],[30,46],[29,114],[6,101],[-19,66],[-2,148],[-11,113],[-17,121],[2,67],[-11,132],[8,110],[54,68],[11,78],[6,104],[-7,110],[-27,56],[-7,100],[5,26],[38,68],[8,60],[16,48],[7,115],[20,124],[26,51],[6,148],[19,128],[19,89],[12,99],[2,124],[-15,76],[16,88],[29,62],[9,75],[-23,145],[-3,50],[13,189],[-2,59],[6,69],[20,80],[-25,30],[-15,42],[5,115],[23,8],[24,68],[14,108],[7,134],[28,257],[0,89],[-22,194],[1,71],[9,111],[0,156],[-13,117],[-13,81],[-12,162],[-5,158],[-12,19]],[[14271,23129],[-31,-11],[9,38],[34,-12],[-12,-15]],[[20421,20735],[-36,-7],[19,33],[17,-26]],[[22474,13742],[-1,-217],[-1,-398],[-3,-195]],[[22469,12932],[-86,-21],[-82,19],[-47,54],[-62,-38],[-51,23],[-44,-21],[-86,35],[-61,8],[-43,27],[-79,-2],[-15,48],[21,22],[40,-23],[50,38],[40,-21],[39,12],[13,30],[41,-4],[-1,-51],[82,0],[-49,67],[-45,23],[-20,48],[-1,84],[45,22],[-11,35],[33,37],[31,-132],[-50,-7],[19,-48],[31,-16],[43,-73],[61,4],[25,23],[65,-38],[33,-55],[43,55],[-191,110],[-33,81],[1,47],[40,33],[120,70],[-8,40],[-49,14],[-48,-6],[-44,-25],[-48,15],[-26,63],[14,66],[52,31],[-50,70],[38,11],[40,-36],[46,33],[54,88],[17,2],[50,-67],[76,34],[32,-28]],[[22787,12822],[-36,-48],[-28,4],[-28,34],[-47,-29],[-61,14],[-47,88],[40,19],[47,0],[127,-18],[33,-64]],[[21436,17166],[-69,-4],[-55,46],[36,130],[11,106],[-9,40],[8,98],[18,41],[11,79],[-4,35],[62,-30],[41,-7],[18,-141],[-19,-13],[12,-56],[-64,-44],[45,-65],[26,-64],[-21,-50],[-42,-32],[-5,-69]],[[21294,15031],[2,-53],[-11,-121],[13,-25],[-8,-62],[-20,-55],[-33,-1],[-24,105],[27,111],[-43,-40],[-7,-81],[-15,-37],[-47,2],[-30,29],[-20,-8],[6,62],[37,-2],[6,49],[-33,50],[29,33],[48,-1],[-19,69],[47,46],[-6,52],[37,41],[46,-18],[18,-145]],[[21086,15173],[-23,-1],[-6,66],[27,95],[-8,95],[34,19],[47,-150],[0,-72],[-71,-52]],[[21313,13643],[64,-16],[124,-66],[62,-72],[-88,15],[-43,66],[-40,16],[-56,-2],[-58,59],[-31,56],[8,13],[58,-69]],[[21276,15236],[-72,-13],[-58,179],[3,61],[75,46],[-4,-63],[23,-38],[33,-172]],[[21608,13437],[8,-36],[81,-3],[56,-81],[-33,-64],[-39,-34],[-63,-19],[-17,22],[35,41],[4,33],[-56,12],[-16,-65],[-37,24],[-2,79],[-32,-3],[-34,61],[-41,9],[32,44],[48,6],[16,-22],[54,-15],[5,42],[31,-31]],[[21224,14118],[9,-71],[27,-16],[23,-46],[-27,-62],[-6,-44],[-31,3],[-34,86],[-18,92],[39,18],[18,40]],[[22258,12908],[162,-36],[49,22],[40,-1],[12,-30],[-40,-32],[63,-47],[-4,-37],[50,-59],[2,-47],[-37,16],[-13,29],[-61,27],[-55,-1],[-4,69],[-82,36],[-13,-49],[36,-65],[-47,12],[-40,38],[-14,45],[-29,-7],[-31,33],[19,98],[37,-14]],[[21917,13234],[45,-29],[29,0],[4,-50],[-28,-47],[-67,53],[-58,1],[-38,-27],[-4,35],[-48,59],[13,40],[30,19],[89,-26],[33,-28]],[[21444,16781],[-50,-37],[52,-230],[-5,-54],[-20,-28],[-50,6],[1,48],[-21,18],[-31,87],[-54,96],[28,24],[-5,40],[41,29],[41,2],[3,75],[37,19],[39,-51],[-6,-44]],[[21595,16639],[-49,-30],[-24,10],[-20,71],[27,40],[21,72],[74,-45],[16,-33],[-45,-85]],[[21128,14468],[-22,-31],[-14,40],[10,64],[63,-11],[-35,-32],[-2,-30]],[[21167,15146],[-2,-29],[-29,-56],[-49,-60],[-28,13],[31,42],[-30,51],[4,21],[101,41],[2,-23]],[[21166,15514],[-30,27],[35,27],[35,-25],[-40,-29]],[[21256,17070],[-29,-6],[-1,27],[30,-21]],[[21465,16623],[-13,-3],[-21,54],[4,46],[28,-19],[2,-78]],[[21278,14248],[-13,-44],[-22,11],[-25,-25],[-39,13],[-49,-83],[-2,25],[30,102],[23,-14],[61,41],[36,-26]],[[21178,14609],[-40,-30],[-40,13],[25,122],[91,-37],[7,-32],[-43,-36]],[[21429,16989],[-30,-35],[-32,13],[-5,25],[57,13],[10,-16]],[[21362,14007],[-40,13],[-27,63],[69,-53],[-2,-23]],[[21327,16303],[-30,-24],[-43,7],[-3,28],[40,87],[-2,52],[39,41],[-1,-107],[15,-41],[-15,-43]],[[22687,12551],[-52,9],[58,14],[-6,-23]],[[21998,12927],[37,-37],[78,22],[28,-58],[-25,-37],[-28,2],[-80,36],[-53,63],[-38,-16],[-4,35],[85,-10]],[[22745,12592],[-55,19],[33,52],[22,-71]],[[40937,37134],[-74,28],[-52,-38],[-16,-25],[-23,-1],[-16,-32],[-39,-34],[-13,-25],[4,-77],[-19,-47],[-21,-11],[-27,-76],[-27,-10],[-51,-96],[-5,-28],[-43,-85],[-87,-103],[-54,2],[-24,-21],[-57,-20],[-106,-2],[-20,-7],[-32,-39],[0,-20],[45,-66],[-41,-92],[-55,-88],[-9,-39],[-27,-11],[-140,-21],[-23,3],[-81,-62],[-26,-41],[-46,-25],[-21,-31],[-40,71],[-9,45],[-28,-34],[-5,-33],[-71,-41],[-37,-36],[-74,18]],[[39447,35884],[15,52],[-1,45],[-21,24],[-39,173],[-27,87],[-52,88],[-25,25],[-81,124],[-31,75],[-35,67],[-6,38],[33,77],[21,29],[27,2],[92,-16],[72,15],[26,-10],[45,2],[23,17],[-25,30],[-52,99],[-15,47],[-27,135],[-8,96],[6,94],[13,64],[-9,37],[1,74],[-22,97],[-19,59],[-6,86],[-18,57],[-43,60],[-6,59],[-55,36],[-36,0]],[[39589,33951],[-15,75],[-10,110],[1,50],[-32,69],[-26,12],[-64,121],[-67,136],[-19,70],[21,19],[-23,107],[-51,73],[-12,40],[-14,189],[-16,37],[11,79],[0,136],[-23,19],[-14,45],[16,45],[46,44],[25,101],[34,84],[43,177],[27,34],[20,61]],[[31244,39351],[-28,-3],[-5,57],[45,37],[27,-36],[-39,-55]],[[31593,38638],[-13,-34],[-40,17],[-16,43],[7,92],[43,-70],[19,-48]],[[31301,39304],[-26,-7],[-11,27],[27,18],[10,-38]],[[31699,39090],[34,-5],[11,-20],[-3,-46],[-23,-21],[-28,22],[9,70]],[[31418,38582],[-16,-14],[-21,21],[-1,39],[34,14],[4,-60]],[[31463,39232],[-2,-22],[-30,14],[-16,-39],[-15,46],[4,22],[59,-21]],[[31705,39246],[-7,-19],[-14,74],[17,13],[4,-68]],[[31645,38686],[-14,15],[9,53],[14,-2],[5,-55],[-14,-11]],[[10047,53363],[2,-29],[-30,-49],[-45,-16]],[[7870,58744],[120,-17],[87,7],[160,-39],[99,-73],[114,-61],[175,-69],[109,-28],[120,-2],[154,-69],[-9,49],[-95,32],[1,31],[57,3],[-65,38],[44,73],[81,-1],[30,59],[131,0],[17,79],[103,-57],[-56,-101],[97,43],[108,24],[65,79],[88,3],[14,35],[34,-18],[146,79],[62,-4],[42,53],[86,34],[112,-20],[43,38],[39,-32],[-22,-40],[-265,-134],[-182,-31],[-94,-89],[-72,-17],[-140,-138],[15,-14],[121,-12],[-3,97],[161,78],[27,52],[90,1],[10,-26],[56,24],[9,-81],[63,100],[62,64],[157,63],[94,20],[27,-62],[118,91],[22,55],[120,56],[-58,12],[-40,46],[36,57],[48,-21],[124,-102],[107,-187],[110,-97],[68,-32],[69,-12],[43,29],[-37,73],[31,75],[25,-4],[63,63],[-45,14],[88,46],[22,-15],[8,-127],[56,-28],[-71,-98],[11,-16],[165,-1],[79,60],[38,99],[193,2],[109,-15],[115,-42],[135,-88],[89,-29],[198,-31],[156,-79],[158,-40],[253,-36],[-39,44],[125,6],[129,-45],[117,-70],[91,-96],[-27,-49],[-135,1],[-73,-50],[-8,-42],[-54,-43],[61,-31],[95,-8],[155,-33],[294,-8],[40,17],[134,10],[77,24],[78,3],[142,59],[95,-95],[111,-8],[27,-80],[27,-21],[45,56],[49,-69],[73,-54],[12,-47],[-59,-28],[-56,15],[149,-150],[56,-71],[41,-25],[-87,116],[-7,82],[24,15],[95,-44],[-99,185],[-1,46],[-65,81],[42,65],[1,46],[186,35],[34,32],[49,-5],[4,43],[74,33],[52,44],[-30,40],[-106,-44],[-31,-59],[-68,7],[-40,-26],[-96,10],[-23,-58],[-106,-9],[-86,47],[9,37],[66,86],[177,28],[257,85],[74,-20],[52,-54],[22,-95],[47,-47],[110,-37],[33,-62],[60,-12],[108,14],[37,17],[127,-96],[106,-43],[88,3],[66,-19],[222,54],[138,-9],[126,-34],[46,1],[102,30],[-59,58],[15,40],[44,-31],[97,-102],[96,-35],[61,40],[-11,48],[-107,45],[-75,-28],[-66,60],[12,25],[-55,85],[87,-17],[86,26],[-29,45],[106,-5],[88,-89],[70,-2],[40,22],[-59,-91],[152,69],[-46,-196],[-35,-60],[46,-104],[85,17],[-11,-49],[73,-11],[-1,-52],[-70,-17],[-51,19],[-69,-11],[96,-91],[-17,77],[70,-13],[54,24],[20,104],[-42,128],[-38,46],[39,105],[67,23],[54,-16],[122,94],[66,65],[97,54],[-40,5],[-7,93],[-43,35],[-35,-72],[-83,-16],[-17,62],[97,83],[-35,6],[0,59],[128,38],[-26,-70],[64,55],[-44,53],[-74,-27],[-51,3],[-73,72],[-38,-26],[-248,93],[-89,108],[-11,74],[64,79],[70,3],[-5,55],[-57,-22],[-73,62],[29,172],[83,50],[87,-27],[32,57],[-94,30],[135,121],[130,28],[50,-79],[101,1],[9,-47],[103,-66],[62,-73],[13,-71],[-20,-79],[120,-75],[81,-134],[33,21],[52,-60],[-87,-13],[-59,35],[-45,-50],[108,-24],[-62,-54],[-122,-82],[80,5],[117,-56],[106,44],[44,-11],[-24,-28],[148,-14],[-68,-88],[-70,7],[99,-66],[56,-89],[-21,-143],[74,-80],[66,97],[43,181],[64,78],[59,15],[85,-76],[120,-91],[47,-150],[-9,-51],[-100,8],[7,-124],[24,-68],[40,-52],[100,-99],[17,-52],[30,-11],[148,122],[33,114],[85,91],[44,137],[0,68],[43,51],[49,-10],[82,12],[-48,26],[50,84],[-106,58],[-6,117],[-18,38],[18,73],[80,-17],[75,17],[82,-6],[116,-50],[211,-3],[50,-18],[-25,-40],[-52,-14],[90,-31],[16,-59],[56,10],[109,-29],[17,-29],[-127,-87],[116,-12],[20,-71],[-128,-73],[-59,17],[-69,-22],[66,-111],[42,11],[-17,-68],[25,-47],[114,-98],[28,-50],[-39,-143],[-83,-30],[-65,-83],[-89,-65],[-62,-13],[-71,-59],[-45,-8],[-80,114],[-58,21],[-13,38],[-54,49],[-62,21],[-54,-51],[76,16],[104,-93],[80,-144],[-16,-29],[-79,29],[-37,-41],[-125,54],[-70,78],[-32,11],[-93,-17],[-115,4],[-23,-42],[33,-35],[118,-50],[-9,-61],[-252,-245],[-137,-2],[-141,96],[-15,25],[-69,22],[-134,73],[-20,-24],[-234,34],[-84,-6],[78,-44],[11,33],[189,-41],[53,-26],[110,-107],[54,-36],[156,-25],[163,-7],[74,-23],[-1,-49],[-50,-88],[-122,-156],[-45,-80],[-110,-64],[-34,-7],[-79,42],[21,-46],[-60,22],[-43,-4],[-39,56],[-54,-20],[44,-55],[-62,0],[31,-64],[-47,-60],[-71,8],[-70,-27],[-120,50],[-161,23],[-220,89],[-54,43],[20,-39],[-14,-36],[21,-28],[59,-9],[-22,39],[246,-94],[-61,-45],[35,-3],[90,50],[103,-70],[73,-24],[45,-33],[11,-89],[-17,-51],[-68,-19],[-68,-43],[-118,22],[-66,-16],[24,-50],[58,-15],[-10,-38],[-41,17],[-69,-15],[-44,-61],[49,-78],[-69,51],[-58,22],[50,-56],[-22,-45],[-67,-23],[15,-25],[-62,-7],[54,-64],[-80,-61],[-47,-58],[11,-37],[-35,-10],[-1,-66],[-101,-219],[-39,-16],[23,-30],[-28,-171],[-1,-252],[-16,-66],[40,-80],[78,-57],[-9,-154],[24,121],[31,49],[157,-1],[25,-23],[11,-75],[52,-153],[29,-109],[42,-114],[12,-55],[-9,-42],[-50,-100],[54,38],[17,-23],[72,33],[182,65],[105,-6],[105,-63],[57,-26],[170,-48],[101,-90],[75,-52],[40,-46],[64,-105],[55,-30],[74,-22],[110,-52],[79,-28],[62,-35],[94,-112],[102,-14],[161,20],[140,-36],[46,6],[24,-26],[59,-5],[54,-55],[18,-68],[-40,-168],[5,-65],[31,-50],[20,-84],[-10,-76],[6,-127],[-27,-73],[7,-39],[48,-55],[85,-139],[6,-24],[-49,-55],[53,7],[53,-55],[64,-43],[63,-78],[43,-136],[-46,-46],[-25,-49],[64,65],[22,8],[54,-17],[54,-41],[76,-109],[1,15],[-53,74],[6,84],[38,82],[32,22],[68,-75],[20,-83],[15,85],[20,25],[-50,87],[30,84],[26,26],[42,80],[-13,89],[-34,50],[1,84],[-36,69],[-19,135],[-24,113],[34,45],[-26,41],[15,18],[-49,36],[21,21],[-59,66],[-48,133],[153,68],[122,69],[83,62],[115,117],[113,162],[23,41],[21,93],[5,128],[-11,174],[-16,73],[-48,139],[-54,96],[-106,101],[-66,39],[-102,104],[17,81],[90,127],[46,49],[-20,35],[27,74],[48,3],[31,41],[4,91],[-47,7],[19,31],[-46,103],[33,51],[-55,28],[37,68],[-54,-15],[-62,13],[71,97],[20,54],[-1,76],[44,44],[-87,76],[-26,59],[-12,68],[14,91],[93,65],[47,15],[99,-17],[215,-78],[28,-24],[-23,-26],[91,49],[64,-17],[79,-55],[-3,35],[89,41],[89,54],[27,-6],[151,-121],[43,-4],[8,-32],[-29,-68],[54,30],[56,-34],[38,-55],[-42,-29],[45,3],[32,29],[46,-27],[-44,-65],[43,-10],[-20,-28],[65,-65],[50,-5],[91,-33],[89,5],[37,-70],[38,-7],[41,20],[17,50],[30,-15],[8,-72],[-42,-46],[-23,-111],[25,-62],[-8,-53],[-59,-21],[-110,-1],[-22,-11],[164,-15],[35,-45],[11,-54],[-23,-69],[2,-54],[57,-1],[-3,-93],[-24,-80],[-29,-14],[-15,40],[-24,-31],[-57,-35],[73,-26],[82,59],[42,17],[96,3],[58,-45],[32,-83],[4,-58],[-25,-87],[-22,-32],[-96,-39],[90,16],[29,29],[49,141],[26,-5],[25,-69],[24,41],[12,-145],[22,82],[111,81],[83,42],[19,55],[31,35],[39,-24],[25,-45],[5,-64],[18,66],[-23,77],[42,15],[-17,20],[45,43],[63,11],[-45,18],[19,88],[21,-7],[-13,51],[61,-3],[-48,29],[-14,55],[15,39],[50,13],[-3,28],[49,127],[45,31],[42,-25],[16,-36],[-71,-58],[98,19],[21,-34],[-9,-85],[34,30],[26,-65],[36,-49],[-45,-38],[45,-49],[42,21],[26,-51],[-19,-29],[-88,-33],[110,20],[37,-56],[-14,-22],[47,4],[36,-76],[-46,-47],[-58,-34],[-17,-45],[53,50],[27,-19],[94,30],[-13,-65],[-28,-44],[-50,-27],[-40,-41],[56,29],[100,22],[36,-67],[38,-3],[44,-38],[-19,-33],[6,-58],[-99,-56],[74,-3],[48,-26],[-25,-49],[70,-24],[60,-64],[-12,-58],[4,-63],[-32,-10],[-108,17],[-87,37],[20,-26],[57,-23],[76,-52],[-55,-27],[118,-34],[-57,-26],[-1,-22],[70,-5],[13,-62],[-30,-19],[53,-15],[39,-34],[33,35],[48,-53],[51,-11],[-14,-49],[44,-63],[-34,-42],[-18,-61],[-34,-51],[82,65],[91,26],[14,-41],[51,-8],[-61,-86],[-2,-20],[65,62],[34,53],[53,-18],[44,-115],[77,-24],[41,34],[47,4],[7,-38],[41,-37],[49,-12],[15,-26],[-59,-67],[-91,-13],[-58,-45],[-40,-66],[-41,-2],[-40,-30],[-93,-47],[-66,0],[-38,-27],[-27,-61],[-50,21],[59,-61],[-38,-35],[-8,-46],[37,14],[64,73],[42,12],[60,39],[82,86],[54,37],[113,42],[-46,9],[25,42],[157,-25],[44,-87],[13,-49],[-79,-71],[39,-48],[65,75],[34,25],[76,9],[22,-52],[50,-13],[50,-90],[13,-48],[-19,-78],[12,-45],[-4,-94],[-96,-29],[55,-3],[62,-23],[-6,-40],[-46,2],[63,-47],[-1,-39],[-65,-76],[-193,-174],[-65,8],[-95,-20],[-51,-38],[-99,-10],[-25,-45],[-107,-144],[-43,-39],[-47,-67],[-41,-27],[-14,-38],[-40,-23],[-106,-12],[-40,11],[-30,-17],[-68,-1],[-87,-36],[-40,47],[-160,26],[-85,-3],[-21,-19],[-70,6],[-30,17],[-88,-13],[-68,14],[-73,-12],[-81,17],[-99,-23],[-39,13],[-34,-34],[-75,4],[-50,-54],[-40,-27],[-59,-144],[-6,-55],[-22,-38],[-138,-34],[-46,-22],[13,-17],[-82,-53],[-9,-24],[-52,-41],[-61,-94],[-29,-69],[-60,-69],[-36,3],[-108,59],[-128,32],[36,-32],[69,-5],[128,-67],[18,-27],[-26,-98],[-80,-121],[-30,-29],[-52,-105],[-82,-79],[-31,-47],[-99,-45],[-25,5],[-65,-47],[-11,-28],[-85,-72],[-61,-29],[-61,-114],[-39,-59],[-47,-10],[-66,-77],[-56,10],[64,-36],[5,-32],[-78,-51],[-71,-75]],[[11545,51143],[-27,30],[-28,-35],[-4,56],[-23,6],[-7,42],[57,12],[-3,13],[-63,5],[18,124],[-28,-38],[-2,-43],[-40,-23],[-66,31],[-34,45],[7,49],[36,-55],[47,34],[-36,-8],[-29,50],[0,69],[24,39],[-32,35],[16,-41],[-22,-66],[-34,-37],[-69,6],[-60,78],[-1,20],[-55,127],[40,80],[-3,70],[-37,-115],[-31,-14],[-53,8],[-13,56],[-14,-60],[-72,0],[-98,23],[7,21],[105,29],[-17,10],[-79,-17],[-29,21],[28,42],[-29,10],[1,71],[-23,-53],[-86,-17],[-78,45],[-54,59],[16,102],[43,66],[28,17],[119,19],[-131,1],[-21,-10],[-41,-74],[-35,46],[-10,63],[28,80],[-26,-1],[13,74],[72,61],[39,14],[14,-29],[34,-9],[36,-61],[-22,67],[-38,23],[-17,47],[52,82],[-14,45],[-3,-59],[-98,-119],[-55,-26],[-22,-51],[-40,-133],[-19,77],[-33,59],[65,59],[0,78],[-47,-62],[-1,27],[34,173],[-52,-29],[-18,18],[-14,97],[-26,38],[-87,46],[-18,61],[12,40],[52,23],[-10,-54],[73,-51],[37,15],[46,-16],[-15,24],[-53,-4],[-42,31],[-15,39],[7,55],[37,17],[-35,23],[-51,-29],[-50,-73],[-16,-92],[-36,-17],[-20,-35],[-52,59],[-18,52],[-33,8],[-53,55],[51,93],[8,58],[84,35],[-55,-1],[-37,-17],[-42,33],[-28,55],[12,74],[31,40],[66,160],[67,110],[-29,-9],[-19,44],[-8,-88],[-43,-96],[-9,18],[22,93],[-22,100],[14,94]],[[21247,49675],[29,14],[60,54],[44,20],[58,56],[42,11],[18,77],[43,85],[19,54],[34,34],[52,29],[48,63],[52,33],[10,25],[58,44],[46,8],[83,38],[150,102],[101,161],[88,130],[22,53],[34,29],[64,84],[88,67],[63,62],[137,85],[89,40],[105,59],[85,32],[132,20],[139,-28],[54,-32],[62,-67],[10,-43],[-61,13],[54,-55],[-2,-52],[-19,-46],[-57,-24],[-27,-48],[-100,-76],[-43,3],[-91,58],[-32,-31],[-74,6],[-51,-36],[55,16],[44,-28],[73,-29],[19,-19],[18,-60],[37,-3],[52,45],[45,13],[61,-44],[-30,-57],[-13,-74],[-82,-99],[26,-19],[30,15],[43,-11],[-15,-63],[18,-70],[18,-10],[16,-116],[21,-43],[67,-7],[59,-20],[17,-22],[-45,-31],[71,-60],[40,6],[43,-45],[37,11],[83,-16],[-10,-34],[54,-9],[106,90],[16,-56],[44,-27],[34,17],[28,-42],[14,-49],[-36,-27],[71,-7],[16,-21],[-109,-50],[-92,-59],[-99,-56],[-160,-74],[-60,15],[12,-51],[-13,-23],[-30,2],[-48,58],[-21,-58],[-13,37],[-24,-13],[-11,-39],[13,-41],[-21,-11],[-98,-161],[-45,-51],[-49,-22],[-3,-44],[-28,-11],[-51,15],[-30,87],[-31,-20],[-17,26],[-14,122],[19,82],[47,74],[-10,17],[47,14],[33,30],[-42,-13],[14,23],[152,132],[116,70],[-5,-63],[24,-9],[29,38],[69,34],[58,4],[19,16],[-50,11],[-59,-6],[-36,12],[-50,-8],[-54,8],[-29,-32],[-34,19],[18,37],[53,55],[50,77],[-34,-10],[-30,51],[8,-49],[-38,-64],[-24,-5],[-77,-56],[-53,-50],[-69,-42],[-60,41],[15,-29],[-67,-59],[-14,18],[-73,-28],[-10,29],[-41,8]],[[9554,53032],[18,-21],[45,14],[36,-56],[-10,-52],[-71,-46],[6,-14],[71,13],[15,79],[-5,49],[39,3],[55,37],[-7,-57],[-24,-54],[-20,-93],[-1,-77],[-17,-42],[-68,-28],[-35,2],[-46,43],[12,21],[52,-6],[-83,57],[-42,100],[-9,84],[10,56],[79,-12]],[[9736,52690],[20,-34],[4,-67],[-54,-20],[35,-41],[55,-20],[-27,-46],[32,-57],[32,1],[-11,-39],[37,-10],[-16,-51],[-40,31],[-28,60],[-122,141],[-19,55],[23,24],[-65,27],[-16,24],[103,16],[29,19],[28,-13]],[[10655,51749],[101,-46],[100,-22],[146,-51],[50,-112],[60,-103],[21,-74],[38,-37],[92,-48],[38,-28],[36,-51],[39,-96],[26,-89],[17,43],[26,-90],[-33,-10],[-30,-34],[-65,19],[-155,78],[-88,60],[-3,22],[58,76],[8,68],[-23,-73],[-88,-6],[-20,-21],[-74,56],[37,34],[-39,34],[-30,4],[-7,29],[-45,28],[-12,-23],[-23,25],[-27,-11],[2,63],[77,22],[-38,4],[-50,38],[-18,41],[-44,25],[-43,-24],[-27,96],[-20,-32],[-24,41],[-80,-13],[3,68],[-23,12],[11,37],[54,12],[31,-27],[4,65],[-57,9],[4,-26],[-66,-14],[-43,41],[-15,50],[21,30],[65,12],[41,-14],[104,-67]],[[14163,62056],[92,-58],[-6,-58],[-276,-9],[-83,28],[-54,-37],[-140,29],[-210,-30],[4,46],[103,33],[188,28],[129,49],[134,18],[119,-39]],[[14033,61855],[162,-9],[-23,-45],[-221,-45],[144,-27],[-9,-87],[-141,-37],[-213,-30],[-85,8],[-160,61],[-10,137],[184,38],[221,30],[151,6]],[[13006,61582],[-15,-36],[-119,-32],[-15,-28],[87,-49],[-76,-35],[58,-50],[-55,-46],[-158,-30],[-31,-86],[-68,-9],[-107,64],[49,124],[-105,-17],[-34,-70],[-65,-13],[30,-65],[-106,-77],[-72,79],[-41,-89],[36,-17],[-74,-71],[-100,-12],[-73,125],[-50,-54],[-82,-14],[-97,19],[-100,-33],[-48,24],[3,58],[-56,-12],[109,98],[151,15],[125,92],[103,38],[26,34],[255,154],[219,28],[147,-25],[116,24],[-66,20],[39,35],[96,5],[164,-66]],[[14470,61102],[89,0],[20,-43],[-54,-50],[122,37],[68,-16],[34,-67],[44,48],[-34,44],[94,48],[160,-48],[25,-68],[-77,-204],[-47,-37],[-214,-60],[-134,27],[-108,-21],[-96,45],[-136,-67],[-136,-16],[-154,-74],[-159,-51],[-160,-31],[-200,5],[-153,64],[-21,25],[49,35],[163,40],[99,37],[235,16],[128,76],[-30,13],[-88,-35],[-128,-12],[-69,29],[-72,-39],[-153,-14],[-35,52],[77,69],[-104,13],[-30,-71],[-64,17],[6,-73],[-114,-41],[-80,51],[-63,-54],[-84,27],[-67,48],[-107,-6],[-100,18],[-20,25],[90,74],[217,7],[150,46],[43,32],[-184,-36],[-200,-2],[11,53],[117,23],[185,12],[98,21],[-272,-6],[-64,18],[9,53],[81,44],[256,-10],[-17,16],[-156,16],[44,68],[117,22],[162,-17],[75,-90],[132,19],[95,-21],[168,-97],[-38,-38],[109,-9],[48,-73],[45,-23],[120,2],[277,-18],[29,71],[-172,60],[-15,25],[84,33],[-7,46],[-144,53],[-14,47],[82,39],[106,87],[103,23],[73,-31],[-29,-40],[20,-70],[79,-75],[-35,-65]],[[13213,59827],[207,37],[10,62],[48,44],[92,2],[143,-36],[157,-65],[-18,-52],[-109,-79],[45,-21],[85,55],[23,-31],[72,62],[116,47],[2,36],[-72,38],[-22,54],[132,-9],[179,-95],[26,-48],[48,-16],[110,-295],[57,-41],[117,66],[8,28],[-78,94],[-48,136],[-62,216],[61,41],[-18,48],[62,-7],[122,-51],[33,31],[95,-29],[135,-68],[80,-82],[37,-137],[94,-202],[77,-107],[7,-52],[-44,-122],[81,-65],[43,-60],[171,-93],[11,53],[61,-49],[153,-87],[52,0],[34,-55],[105,-9],[27,-89],[-5,-57],[-57,-13],[-59,57],[-28,-50],[-118,53],[-73,-46],[-5,-61],[-60,5],[-89,44],[-21,-15],[81,-59],[-6,-100],[42,48],[88,49],[60,4],[35,-29],[-18,-47],[49,-23],[-7,-71],[-209,-74],[-116,-5],[-121,20],[-58,24],[-44,-21],[-108,18],[18,59],[-226,30],[-41,23],[-4,57],[-60,22],[-76,-96],[-82,-65],[-186,-25],[-117,-64],[-205,-48],[-273,-33],[-200,-9],[-113,-14],[-53,6],[-43,38],[-56,89],[-16,131],[-127,27],[-168,-2],[-190,27],[-84,32],[-119,140],[-6,109],[117,27],[396,51],[394,-32],[203,31],[-97,50],[-208,63],[-123,27],[-116,-6],[-103,-19],[-232,-13],[-68,13],[-134,-7],[-120,10],[-137,95],[-1,54],[92,45],[320,74],[68,8],[-18,33],[129,1],[-50,27],[-240,-38],[-191,-19],[-94,16],[8,33],[55,13],[27,36],[-127,-7],[-100,18],[-24,28],[9,82],[71,66],[76,36],[-54,60],[22,39],[166,110],[197,82],[206,58],[185,59],[96,-38],[22,-73],[-11,-77],[-84,-99]],[[12161,60386],[54,33],[53,-1],[15,-63],[119,80],[116,8],[91,-13],[160,-75],[155,-103],[90,-48],[13,-66],[-209,-68],[-118,-54],[-383,-155],[-90,-120],[-72,-42],[-83,-12],[-38,-119],[-16,-95],[-35,-46],[-172,-43],[-56,21],[-82,-66],[-158,-66],[-55,13],[-78,111],[-83,93],[-152,58],[-108,51],[-95,-5],[1,65],[77,106],[79,60],[-2,83],[84,42],[-51,55],[83,126],[63,40],[64,88],[-94,69],[-88,145],[248,32],[170,11],[177,28],[87,-4],[154,-65],[123,-37],[77,-8],[-35,-44]],[[22301,63663],[279,-21],[305,-6],[-49,-47],[-307,-52],[194,-3],[337,64],[86,-15],[80,37],[81,-45],[174,12],[10,-43],[102,-48],[-33,-42],[156,26],[202,-20],[41,-69],[-183,-87],[-285,-72],[-198,-42],[-132,4],[-54,-28],[-228,-19],[-59,-48],[-358,-71],[75,-11],[521,85],[193,0],[-142,-77],[-251,-89],[-384,-134],[-155,-94],[-68,-20],[-188,51],[81,-101],[-363,-47],[91,-12],[149,19],[24,-46],[-121,-32],[50,-24],[-56,-31],[-212,-25],[-345,68],[-104,-16],[240,-29],[49,-42],[-13,-45],[-397,-37],[-330,34],[157,-68],[207,-45],[123,9],[-10,-65],[-141,-6],[-137,30],[-300,-22],[-239,6],[141,-49],[213,28],[115,-4],[93,-43],[141,-12],[134,-49],[-90,-66],[-310,-12],[187,-40],[60,-28],[-72,-39],[-64,-78],[-224,-30],[-209,7],[-13,-157],[-42,-39],[-118,-30],[-209,-12],[-135,5],[-219,78],[77,-59],[-157,-25],[43,-31],[146,21],[90,-9],[92,-36],[59,17],[118,-13],[24,-82],[87,-19],[101,35],[62,-83],[-61,-67],[-248,-96],[-238,-49],[-61,14],[32,56],[-68,53],[-85,-10],[-89,53],[-100,35],[60,-95],[-233,-10],[-100,5],[-69,82],[-10,-117],[-175,-19],[-196,48],[-69,55],[-45,-77],[-136,27],[-29,-23],[-182,7],[-20,135],[-24,-45],[14,-84],[-206,26],[14,123],[222,102],[312,26],[-50,49],[-67,15],[-70,53],[-64,83],[121,56],[97,8],[170,-54],[118,-105],[171,-37],[229,30],[142,107],[40,85],[-146,-126],[-71,-32],[-143,10],[-75,-23],[-87,22],[0,76],[-52,60],[188,99],[-59,16],[25,106],[-48,-79],[-114,-75],[-127,-11],[60,97],[-102,-54],[-98,-26],[-129,19],[12,88],[138,132],[364,50],[350,-52],[56,27],[170,8],[74,31],[-132,-17],[-379,26],[-43,47],[192,-18],[-125,63],[-180,143],[-190,40],[-79,46],[-39,102],[62,72],[521,-33],[272,-118],[105,-69],[165,-39],[114,-3],[71,23],[-179,9],[-267,137],[-127,78],[86,36],[314,25],[187,31],[86,44],[250,50],[310,35],[-343,16],[-16,44],[69,46],[283,97],[-219,-37],[-154,-66],[-116,-23],[-60,-76],[-106,-43],[-176,-41],[-275,-34],[-104,6],[133,72],[-238,-22],[-136,-58],[-248,-11],[-191,15],[-71,36],[71,46],[203,73],[383,42],[12,17],[-503,-42],[-312,-134],[-77,-5],[-245,55],[-69,40],[172,31],[207,-4],[184,18],[281,77],[-25,18],[-286,-63],[-131,-16],[-474,-18],[-66,52],[149,28],[-86,20],[205,73],[207,9],[-178,14],[-368,-60],[-51,23],[143,55],[-158,16],[-156,-29],[-50,39],[234,71],[224,15],[164,53],[187,9],[125,-47],[79,34],[220,-35],[100,10],[-310,75],[340,97],[263,-45],[117,-68],[138,-19],[-63,57],[649,-144],[-142,64],[-377,92],[-92,55],[155,33],[-87,41],[263,-16],[-40,71],[188,-27],[268,-10],[-219,51],[-65,35],[197,8],[343,-19],[297,-128],[90,27],[-271,115],[-44,33],[278,14],[269,-13],[230,-89],[124,-18],[-158,67],[127,65],[167,8],[113,-30],[112,28],[182,7],[97,-36]],[[17055,61740],[51,-14],[333,6],[91,-40],[-78,-69],[-498,4],[-56,40],[24,44],[133,29]],[[17447,60723],[16,-63],[-17,-61],[-88,-17],[-144,-1],[-119,56],[-117,13],[-46,38],[-94,21],[-1,40],[78,52],[11,44],[91,62],[126,35],[125,-11],[137,-90],[51,-78],[-9,-40]],[[16143,60325],[171,-79],[318,57],[72,-16],[45,-65],[-31,-27],[-89,-21],[65,-55],[-105,-37],[-130,-105],[14,-24],[87,37],[93,-16],[20,-47],[59,-37],[-15,-45],[125,21],[20,-78],[-72,-64],[41,-40],[-35,-58],[31,-78],[-67,-16],[-56,-43],[-72,-16],[-121,12],[-29,69],[-27,-29],[52,-122],[-93,-51],[-102,24],[-115,143],[-119,91],[-54,55],[-79,21],[-45,39],[-104,0],[-51,63],[-86,40],[-63,69],[43,82],[60,26],[57,-7],[115,-115],[53,-12],[122,22],[18,75],[60,-5],[-37,58],[-50,7],[18,42],[88,-5],[-73,44],[-106,-31],[-113,57],[26,52],[70,10],[92,-55],[-18,47],[-58,30],[-4,54],[87,14],[100,-18],[-48,35],[45,21]],[[19187,57129],[16,-2],[46,71],[70,-30],[36,-55],[137,-42],[37,-50],[112,-69],[80,-21],[45,-29],[53,-80],[22,-79],[-45,-66],[114,16],[67,-16],[35,21],[51,-66],[64,-40],[-8,-14],[-150,-111],[-185,75],[-84,15],[-18,81],[-115,36],[-6,50],[-86,-22],[-48,-106],[-59,-56],[-58,-27],[-65,-102],[-66,-41],[-87,-29],[-21,7],[-44,191],[-19,18],[-100,-18],[-55,2],[-55,-32],[-67,7],[-2,29],[61,92],[94,47],[34,32],[-25,157],[38,164],[15,150],[31,105],[29,47],[53,32],[63,-45],[27,-64],[-27,-41],[37,-27],[28,-65]],[[16608,61252],[-1,-60],[35,-45],[-14,-121],[-53,-42],[92,-24],[14,-93],[-64,33],[-45,-34],[41,-106],[-84,18],[28,-43],[-124,-19],[-172,13],[-42,-22],[-123,9],[-45,77],[62,6],[-117,41],[230,114],[-65,9],[-261,-33],[-51,6],[-218,-34],[-52,31],[173,105],[137,-46],[-49,59],[15,27],[-89,33],[64,56],[-118,18],[57,57],[104,-10],[58,-61],[209,-113],[67,8],[-86,58],[115,10],[-176,36],[88,26],[-136,30],[-48,30],[101,50],[146,4],[100,-62],[57,4],[-27,55],[63,29],[204,-84]],[[15452,62301],[104,-31],[53,-51],[15,-79],[37,48],[139,26],[135,-61],[-19,-41],[140,6],[167,-87],[-49,-53],[20,-50],[125,-68],[27,-45],[-34,-51],[-159,-23],[-127,36],[-99,111],[-198,31],[-111,-11],[-25,45],[-322,-37],[-88,30],[-47,61],[54,23],[194,-22],[36,38],[-88,4],[131,38],[-128,10],[27,51],[-56,32],[-118,-61],[-47,2],[47,59],[-33,22],[-128,-6],[30,107],[109,-5],[230,15],[56,-13]],[[17781,62969],[124,-104],[119,-59],[8,-35],[158,-35],[140,-7],[-6,-80],[201,-55],[-83,52],[-7,49],[105,16],[91,-22],[10,-68],[-60,-33],[145,-20],[46,-54],[-64,-116],[130,24],[95,-15],[35,-46],[72,49],[118,-105],[-46,-44],[-162,-40],[-186,-74],[-121,-82],[-50,12],[-49,98],[-25,-118],[38,-58],[-141,32],[27,-70],[-37,-74],[-62,7],[-190,146],[-8,-21],[115,-128],[-104,33],[-121,11],[60,-50],[-58,-13],[-259,32],[-158,56],[-9,36],[173,20],[-282,24],[-75,53],[96,9],[-150,36],[-52,44],[175,54],[123,17],[28,36],[243,28],[-183,5],[-116,28],[-224,-58],[-71,40],[-165,-41],[-127,47],[14,41],[231,51],[23,25],[-180,-30],[-142,19],[-119,78],[-37,80],[200,-25],[229,-7],[11,57],[-164,-25],[-49,35],[-145,23],[72,33],[93,-6],[-122,69],[4,51],[183,-2],[67,-42],[195,-5],[-135,30],[-39,41],[-146,32],[49,60],[292,38],[97,-7],[-13,45],[-159,12],[28,40],[146,6],[186,-32],[106,-54]],[[17295,61416],[98,1],[121,-59],[2,-31],[-68,-82],[109,64],[141,-2],[103,22],[134,-5],[105,-44],[-4,-28],[-165,12],[435,-72],[-25,-42],[-182,-11],[-192,26],[-3,-25],[207,-40],[112,-73],[99,-34],[-89,-72],[74,-1],[73,-40],[13,63],[58,7],[74,-49],[95,24],[38,-34],[57,49],[90,-46],[174,-36],[-24,40],[218,52],[77,3],[136,61],[140,-25],[219,29],[202,-35],[31,-34],[137,-5],[7,-51],[126,-15],[31,-57],[-26,-35],[-145,-54],[64,-23],[62,12],[67,-39],[-110,-31],[-81,26],[40,-39],[-26,-79],[-192,-6],[-117,-33],[-227,33],[-34,92],[-89,28],[40,-47],[-38,-66],[-180,-28],[-129,36],[-56,-23],[-124,-17],[-157,22],[14,-25],[-141,5],[-46,-12],[-168,9],[-23,42],[40,65],[-40,17],[-63,-52],[-18,36],[-57,-21],[5,-35],[-131,-32],[-143,23],[-116,46],[-1,-32],[-76,0],[-91,53],[-43,94],[20,27],[-71,82],[72,115],[-23,69],[-183,187],[-116,-30],[-216,8],[-109,-11],[-35,36],[-119,46],[14,30],[-177,58],[84,31],[-66,59],[226,34],[271,-56]],[[16910,62012],[130,-5],[136,-63],[-90,-45],[80,-43],[-31,-42],[-186,-39],[-198,-30],[-21,47],[-114,58],[144,22],[-176,29],[-88,74],[39,47],[-46,49],[16,42],[167,-8],[160,-36],[78,-57]],[[17522,60404],[137,-36],[54,-33],[120,20],[202,-28],[55,-31],[-42,-67],[-75,-58],[-138,-185],[-101,-100],[-55,-13],[-191,31],[-176,-17],[89,-32],[40,-41],[3,-50],[-63,-62],[-34,-83],[-233,0],[-12,175],[-60,102],[-17,337],[50,22],[139,-34],[-73,52],[4,81],[112,32],[141,2],[124,16]],[[16660,58741],[42,12],[72,-60],[116,-61],[71,-118],[74,-70],[42,21],[22,-24],[-85,-33],[-144,-98],[-40,-3],[-83,28],[-93,2],[-154,72],[-17,38],[-45,-16],[-58,15],[-15,34],[-38,-25],[-70,20],[-25,43],[22,35],[109,14],[92,61],[-18,88],[77,-23],[-21,90],[97,39],[76,-45],[-6,-36]],[[23993,50022],[47,1],[-34,-24],[14,-17],[-18,-49],[73,26],[48,71],[-50,-13],[27,48],[14,52],[42,39],[14,-42],[73,-13],[-14,-52],[21,-20],[-38,-31],[-74,-83],[-58,-24],[-40,8],[-83,-14],[-34,52],[-9,83],[17,85],[34,48],[75,182],[60,74],[33,2],[-3,-29],[19,-58],[-31,-130],[-2,-53],[-17,-36],[-106,-83]],[[25132,52079],[-25,-54],[-90,-22],[6,-48],[37,-3],[3,-58],[-14,-46],[-42,-47],[-12,-48],[-49,-86],[-63,-131],[-31,-109],[5,-55],[65,94],[25,23],[26,58],[25,-10],[-8,-45],[48,28],[32,-21],[48,14],[-11,-39],[-92,-69],[-20,-31],[54,18],[-4,-33],[-40,-47],[55,23],[28,-29],[61,20],[17,-36],[17,33],[-26,-149],[18,45],[44,39],[2,-16],[61,47],[50,52],[1,-69],[30,30],[72,6],[68,-44],[10,-66],[-38,-39],[-29,-54],[-52,-37],[62,8],[-22,-26],[53,-22],[-19,-56],[-55,-40],[54,11],[31,23],[19,-11],[28,30],[39,5],[33,30],[7,-32],[-23,-62],[-40,-17],[-56,-55],[8,-44],[-60,-25],[46,-2],[-45,-79],[20,-55],[32,5],[65,123],[73,55],[11,-13],[-49,-110],[-13,-59],[11,-73],[35,36],[33,80],[14,-9],[12,-72],[-6,-45],[-46,-119],[5,-48],[-37,-107],[-19,-13],[-26,26],[-49,-31],[-16,17],[8,167],[-12,2],[-45,-73],[-44,-44],[-20,22],[17,76],[45,110],[-24,136],[-41,38],[-43,-112],[-32,-66],[18,63],[-36,-51],[-41,-8],[-48,-78],[-10,-47],[-35,-52],[-43,3],[-52,-17],[-33,22],[22,53],[70,33],[61,106],[65,45],[17,34],[-32,-16],[-26,14],[-59,1],[-14,-59],[-29,-13],[-57,24],[-45,-2],[44,25],[2,83],[-54,-11],[-20,-43],[-48,-20],[-99,-16],[-105,21],[-38,-2],[-54,18],[-82,1],[-1,20],[-55,-39],[-102,-20],[-29,23],[-21,85],[19,48],[62,60],[72,93],[56,41],[-80,7],[-89,-7],[0,13],[65,69],[-13,-35],[39,-19],[45,149],[18,30],[61,-3],[24,56],[-42,11],[-5,47],[40,57],[45,-19],[-27,78],[43,119],[50,161],[27,52],[31,4],[-24,31],[33,32],[26,57],[-6,26],[46,49],[11,48],[47,46],[100,62],[67,-36],[-2,33],[36,13],[13,-22]],[[18850,59245],[93,14],[98,38],[111,0],[45,-55],[16,33],[26,182],[-36,26],[-83,6],[-133,115],[74,42],[28,42],[78,1],[135,-61],[-99,94],[44,25],[-145,17],[-60,78],[-1,52],[38,55],[39,11],[203,-58],[-4,15],[-224,76],[-14,23],[88,84],[122,45],[128,-15],[-27,34],[37,25],[216,56],[144,0],[109,-35],[51,-118],[95,-54],[18,-88],[64,-67],[-192,-159],[94,53],[32,-12],[-68,-79],[50,-39],[-50,-20],[28,-44],[84,81],[54,24],[15,66],[54,16],[25,-39],[66,22],[65,-44],[-1,-84],[85,-60],[-56,81],[33,92],[55,-26],[63,0],[79,-37],[38,14],[-152,52],[-38,55],[26,34],[158,50],[136,-6],[142,-55],[98,0],[104,-50],[27,-77],[-110,-113],[140,67],[123,-19],[-4,-76],[-117,-43],[39,-19],[-34,-62],[6,-37],[-39,-64],[55,39],[33,91],[39,32],[119,37],[20,-19],[-97,-116],[97,67],[108,-112],[-20,94],[76,51],[65,-26],[94,-5],[96,-28],[77,-57],[8,-45],[-56,-49],[-73,-1],[-157,-100],[65,0],[61,67],[54,12],[112,-25],[80,46],[31,-36],[-4,-50],[-73,-72],[-114,-40],[-62,-49],[42,-5],[42,46],[40,-16],[-31,-137],[91,167],[84,58],[124,39],[51,-22],[106,-8],[136,-57],[27,-47],[-87,-58],[-102,-17],[-154,-76],[30,-15],[87,48],[114,17],[39,-22],[-57,-62],[53,-14],[86,81],[40,57],[53,-12],[100,-91],[34,-64],[-6,-48],[-118,17],[-62,-8],[-52,-41],[-60,0],[-92,-26],[-25,-23],[149,24],[92,-37],[140,-1],[119,-50],[19,-54],[-25,-14],[-138,5],[-91,30],[-95,-6],[-128,-49],[126,27],[134,-49],[-26,-94],[-89,23],[-81,-13],[-120,17],[90,-35],[109,-10],[60,-67],[77,0],[40,-20],[150,-19],[-65,-44],[41,-41],[-14,-56],[55,55],[84,25],[-13,-88],[-28,-50],[96,61],[-7,-42],[94,4],[-6,-74],[28,-34],[-9,58],[29,40],[65,38],[29,-20],[-39,-36],[1,-38],[78,19],[97,-80],[28,12],[34,-33],[-46,-26],[14,-54],[-140,1],[70,-35],[105,3],[49,42],[111,-52],[-44,-78],[-89,-74],[149,46],[117,-16],[52,52],[31,-10],[135,-136],[-46,-34],[-76,45],[-44,-13],[95,-52],[17,-48],[-59,-22],[-140,35],[30,-34],[-26,-32],[110,-71],[-51,-11],[-70,11],[42,-74],[-56,-71],[-103,6],[-58,72],[7,-53],[-46,-18],[63,-16],[-13,-183],[-41,-70],[-58,66],[-52,-16],[-39,40],[15,84],[-58,-105],[-111,128],[-59,110],[43,65],[67,28],[37,65],[46,46],[-43,-11],[-70,-77],[-61,-26],[-105,-4],[-6,33],[40,43],[-57,-28],[-108,56],[-63,102],[-107,-13],[25,-33],[-24,-47],[-112,68],[33,-81],[105,-86],[-18,-29],[-56,-13],[-56,16],[-128,105],[-58,-18],[57,-10],[50,-35],[-8,-52],[29,-40],[50,-20],[-8,-78],[68,30],[54,-59],[37,-16],[-42,-31],[53,-41],[19,-59],[28,-4],[31,-95],[2,58],[30,0],[60,-44],[14,-43],[43,55],[35,-12],[51,-54],[48,-27],[-48,-39],[68,-6],[21,-27],[-28,-49],[-77,3],[49,-29],[36,-75],[100,-1],[-25,-41],[45,-7],[34,-70],[-31,-10],[13,-80],[-3,-73],[-37,2],[-38,103],[-62,79],[38,-158],[-13,-26],[80,-126],[-51,-12],[-48,16],[23,-105],[-44,25],[-96,80],[-25,-4],[-72,69],[4,-37],[-43,7],[-48,88],[3,-68],[-68,64],[-41,18],[-144,158],[34,-114],[-23,9],[-132,102],[-74,10],[-11,-18],[49,-70],[60,-59],[47,-66],[94,-29],[-13,-31],[55,-23],[98,-91],[68,-36],[73,-110],[61,-35],[-31,-39],[15,-69],[-40,-17],[-110,53],[-76,22],[-53,29],[-189,31],[-142,62],[-57,62],[-37,63],[-51,17],[-88,-10],[-175,88],[32,44],[-62,-29],[-74,53],[-71,89],[55,1],[49,30],[-54,71],[-101,1],[-13,18],[26,49],[-59,-27],[-38,63],[-55,47],[-107,113],[35,59],[-129,-2],[-8,-41],[-30,-9],[-7,61],[-77,23],[-24,56],[-57,-11],[55,-87],[-11,-22],[-75,-15],[-85,31],[-46,-6],[-10,-49],[-71,-5],[-149,-51],[-189,47],[-77,92],[16,119],[44,49],[104,45],[-20,49],[27,46],[171,-31],[132,-52],[65,-79],[-18,-31],[28,-32],[20,61],[-84,92],[13,21],[109,-11],[24,29],[133,12],[31,32],[72,13],[66,-12],[-39,103],[-58,41],[-81,96],[12,26],[89,55],[132,116],[50,20],[49,111],[85,38],[30,45],[-27,32],[-45,116],[-98,165],[-54,59],[4,37],[-68,-27],[-47,50],[19,55],[-14,45],[-53,0],[26,-56],[-57,-3],[-76,61],[-21,68],[-34,34],[13,30],[-72,-57],[-63,16],[-20,-24],[-157,-72],[-44,10],[12,106],[36,16],[86,-8],[58,47],[-24,59],[-125,45],[-22,90],[-46,-41],[-78,29],[53,34],[-19,29],[-127,8],[-27,120],[-24,28],[-89,-7],[-68,46],[-90,92],[-67,-61],[77,-41],[42,-54],[-16,-74],[-84,-31],[-63,0],[-110,37],[-189,35],[-93,8],[128,-96],[1,-44],[-130,78],[-116,-38],[-70,10],[-122,50],[-155,-15],[-134,16],[-78,27],[-106,12],[-70,-28],[-109,40],[-61,95],[-111,-1],[22,-27],[-88,0],[-81,-27],[-101,70],[-90,29],[-72,87],[-50,112],[189,-12],[136,-32],[142,25],[-148,73],[-243,29],[-124,50],[-31,25],[-36,168],[73,77],[-33,18],[-7,75],[101,145],[19,97],[113,123],[199,118],[192,41],[165,6],[169,-16],[28,-42],[-143,-85],[-82,-74],[-109,-144],[7,-77],[55,-74],[-4,-124],[25,-82],[37,-47],[204,-154],[-77,-47],[-109,-23],[-130,-56]],[[23852,51180],[-84,-5],[-166,54],[-106,64],[-22,49],[-42,46],[-112,62],[-9,22],[71,20],[169,-46],[88,-41],[210,-155],[24,-53],[-21,-17]],[[23447,50214],[26,35],[63,-20],[48,-32],[195,24],[28,-24],[-106,-94],[4,-69],[-70,8],[-3,45],[-32,54],[-44,-25],[-2,-18],[-73,29],[-32,50],[8,11],[-71,10],[1,51],[-57,29],[7,47],[73,108],[2,-55],[-21,-51],[37,-50],[0,-48],[19,-15]],[[19776,56280],[7,-46],[-30,-65],[-92,-91],[-90,-72],[-73,11],[-65,-29],[-40,117],[32,34],[73,123],[83,-11],[53,26],[95,12],[47,-9]],[[20271,56081],[53,-61],[-8,-81],[-69,-141],[-46,-5],[-75,69],[1,107],[48,86],[31,23],[65,3]],[[21052,58256],[106,-33],[18,-34],[-13,-65],[8,-78],[-8,-79],[-55,-63],[-77,-31],[-184,-17],[-63,11],[-31,52],[-30,110],[16,53],[99,140],[75,32],[139,2]],[[20273,60218],[252,4],[218,-61],[41,-53],[50,-17],[38,-56],[56,-28],[41,-74],[-63,-22],[-290,28],[-96,-6],[-166,-40],[-73,-6],[-89,40],[-49,132],[-88,17],[-42,41],[-7,77],[20,62],[71,2],[176,-40]],[[20032,52525],[-56,5],[-167,72],[-41,34],[39,50],[103,14],[41,-7],[74,-104],[7,-64]],[[20417,53775],[-18,-5],[23,93],[26,20],[0,-66],[-31,-42]],[[20395,53819],[-49,-140],[-20,14],[27,79],[-8,28],[-46,-102],[-72,-48],[54,106],[-13,10],[-69,-92],[-19,23],[98,145],[-8,-50],[32,31],[25,119],[62,-65],[6,-58]],[[20184,53798],[-22,2],[17,38],[51,22],[35,33],[-22,-51],[-59,-44]],[[18195,61547],[-79,-20],[-186,64],[0,81],[62,18],[135,-23],[91,-56],[-23,-64]],[[15224,61501],[-133,15],[-68,62],[-103,138],[96,3],[117,-84],[11,-32],[83,-30],[-3,-72]],[[16388,62546],[-10,-90],[-93,17],[-43,38],[-117,12],[8,64],[65,19],[169,-23],[21,-37]],[[15076,59947],[-29,7],[-128,95],[-22,40],[-150,64],[62,80],[222,26],[81,-8],[94,-48],[13,-96],[-42,-69],[-101,-91]],[[15694,61086],[37,-32],[-108,-54],[-148,-6],[55,57],[-32,14],[-115,-24],[-43,15],[37,38],[-89,4],[-22,50],[253,47],[103,-11],[19,-68],[53,-30]],[[15332,61295],[196,-49],[-85,-44],[-161,-1],[-64,103],[77,22],[37,-31]],[[12445,60926],[-98,-21],[-117,35],[155,106],[176,76],[49,-5],[-23,-49],[-142,-142]],[[13352,61726],[-91,-12],[-65,18],[-85,73],[141,40],[10,-27],[103,-37],[-13,-55]],[[9903,53162],[4,56],[31,-12],[-35,-44]],[[9882,52236],[-14,69],[18,-20],[-4,-49]],[[10042,52970],[-30,-42],[-48,36],[26,49],[20,4],[32,-47]],[[10120,52679],[-17,4],[-44,62],[-74,73],[14,32],[102,-72],[38,-70],[-19,-29]],[[10382,52595],[9,-155],[-35,-84],[-17,114],[4,61],[-31,-33],[-37,54],[-19,72],[29,97],[81,-62],[16,-64]],[[10878,51276],[6,-33],[-33,12],[4,31],[23,-10]],[[11270,51341],[-42,21],[-55,54],[43,-2],[54,-73]],[[10768,51369],[-60,41],[2,44],[38,2],[18,-36],[2,-51]],[[11062,51549],[-3,-19],[-32,98],[11,38],[21,-9],[25,-62],[-22,-46]],[[10304,52437],[-6,-17],[-57,95],[1,33],[51,-55],[11,-56]],[[10509,52056],[-34,14],[-12,42],[24,30],[23,-45],[-1,-41]],[[10419,52397],[-14,109],[39,32],[-25,-141]],[[10228,52615],[-19,11],[-8,56],[27,-67]],[[10258,52661],[-22,-3],[-8,38],[16,43],[14,-78]],[[11415,51055],[-17,-1],[-13,64],[23,-21],[7,-42]],[[24259,49284],[-51,-12],[-16,17],[67,-5]],[[24022,49854],[-25,25],[35,4],[-10,-29]],[[23829,50515],[17,-23],[-36,4],[17,70],[60,62],[47,17],[-38,-29],[-61,-79],[-6,-22]],[[23306,50736],[-36,-49],[5,40],[31,9]],[[22851,49557],[-27,-20],[10,50],[20,10],[-3,-40]],[[21478,49847],[-80,-11],[56,45],[42,52],[-18,-86]],[[21452,49889],[-33,-4],[27,36],[31,8],[-25,-40]],[[21991,50363],[-14,10],[43,35],[-29,-45]],[[25315,51362],[-47,-34],[-16,30],[63,4]],[[25408,51420],[22,-31],[-61,-24],[5,45],[34,10]],[[25381,50572],[-19,-1],[39,77],[-20,-76]],[[23242,56135],[62,-3],[20,-23],[-48,-39],[-49,14],[15,51]],[[22554,55282],[-27,27],[46,91],[46,-8],[19,-33],[-39,-54],[-45,-23]],[[22130,56131],[-87,18],[-74,103],[93,-26],[46,-27],[35,-57],[-13,-11]],[[23240,55696],[-113,72],[-8,32],[61,14],[69,-9],[24,-26],[-33,-83]],[[23201,55885],[37,-44],[-65,14],[-1,53],[29,-23]],[[22367,54840],[-39,-29],[5,59],[27,9],[7,-39]],[[23326,55328],[-7,-25],[-74,41],[-5,34],[38,5],[48,-55]],[[24015,53736],[-40,3],[21,34],[19,-37]],[[23864,54294],[21,-51],[-32,2],[-43,46],[54,3]],[[22619,58704],[-59,15],[43,36],[48,-18],[-32,-33]],[[23675,57790],[-39,2],[50,42],[46,1],[-57,-45]],[[20369,61053],[2,-21],[-99,-15],[-31,21],[139,96],[33,-14],[-44,-67]],[[20304,52232],[-52,21],[75,29],[-23,-50]],[[11427,51104],[-34,22],[-30,55],[64,-77]],[[11103,51525],[-2,69],[16,-54],[-14,-15]],[[21467,58057],[-152,3],[-40,14],[-35,57],[8,31],[66,9],[190,-45],[6,-65],[-43,-4]],[[20608,56470],[35,-14],[33,-53],[-11,-36],[-70,-28],[-106,90],[-8,34],[55,14],[72,-7]],[[17248,60988],[-52,16],[-23,51],[73,24],[49,-76],[-47,-15]],[[20167,55109],[4,37],[29,-7],[-33,-30]],[[16793,59953],[-63,23],[5,49],[42,21],[53,-42],[-37,-51]],[[16677,60538],[-79,-5],[67,42],[12,-37]],[[16493,60296],[-142,-20],[-90,30],[121,46],[153,31],[73,2],[-11,-38],[-104,-51]],[[18121,58659],[-26,-61],[-33,43],[59,18]],[[18062,58586],[-50,50],[29,4],[21,-54]],[[21390,56157],[-51,1],[-75,34],[123,-19],[3,-16]],[[21213,58265],[-105,65],[23,60],[61,-15],[37,-69],[-16,-41]],[[20476,55461],[-16,17],[75,17],[-59,-34]],[[20385,58208],[-39,15],[5,37],[40,7],[25,-31],[-31,-28]],[[20850,56442],[-76,21],[-62,51],[46,34],[97,-66],[-5,-40]],[[20295,58795],[13,-28],[-38,-30],[-100,1],[14,-46],[-95,52],[-66,10],[114,46],[49,-23],[76,26],[33,-8]],[[20577,58768],[13,-28],[-102,-50],[-76,-7],[55,57],[110,28]],[[20656,56662],[-58,-11],[-1,20],[59,-9]],[[20339,58448],[-39,29],[33,46],[69,32],[61,86],[53,6],[21,-30],[-126,-143],[-72,-26]],[[20786,58558],[-44,-2],[-33,50],[38,61],[105,-27],[-66,-82]],[[18785,58915],[60,-3],[20,-33],[-44,-15],[-92,16],[-27,31],[83,4]],[[19428,57326],[99,-30],[-30,-31],[-64,46],[-84,6],[-5,53],[-62,55],[8,24],[93,-38],[50,-39],[-5,-46]],[[18849,58040],[-54,27],[3,74],[-23,33],[52,75],[57,-45],[8,-94],[-43,-70]],[[19236,57245],[-21,-2],[-72,92],[-2,72],[42,-3],[68,-129],[-15,-30]],[[15896,61294],[-76,3],[130,54],[139,0],[-193,-57]],[[15802,61705],[-138,12],[-14,56],[163,4],[129,-58],[-140,-14]],[[18217,61267],[-66,-4],[-101,88],[6,20],[116,17],[51,-35],[-6,-86]],[[16935,60900],[-77,-5],[-80,-46],[-25,51],[124,54],[82,-37],[-24,-17]],[[17091,60531],[-110,28],[69,20],[41,-48]],[[11891,60987],[-34,2],[74,57],[-40,-59]],[[13407,61354],[-30,-12],[-210,18],[67,43],[106,7],[76,-26],[-9,-30]],[[15312,60726],[-103,9],[-51,32],[48,74],[61,30],[109,-31],[33,-67],[-97,-47]],[[16100,58434],[-36,-31],[-45,22],[1,76],[40,14],[48,-45],[-8,-36]],[[16145,58510],[-50,10],[18,33],[32,-43]],[[16082,59055],[-69,25],[3,40],[72,-28],[-6,-37]],[[17049,58716],[27,-25],[-23,-57],[-48,-1],[6,70],[-23,1],[-16,-70],[-8,80],[28,21],[57,-19]],[[15907,58651],[-28,66],[63,-42],[-35,-24]],[[15771,58353],[-85,28],[51,60],[59,-38],[-25,-50]],[[15227,58286],[-101,47],[28,18],[87,-29],[-14,-36]],[[14550,57917],[-11,-31],[-40,41],[5,73],[27,-2],[19,-81]],[[14294,58131],[40,-1],[10,-38],[-50,39]],[[14511,57771],[58,-2],[-28,-52],[-30,54]],[[38301,33964],[5,86],[12,139],[13,60],[-15,85],[-41,84],[19,31],[-25,-4],[-17,68],[14,27],[23,-6],[-28,64],[-24,14],[-12,-53],[-85,62],[-20,127],[3,43],[-31,10],[-21,34],[6,-45],[-23,-9],[-9,30],[5,55]],[[57396,36947],[-33,48],[-65,16],[-14,25],[-6,-27],[-36,-26],[-26,35],[2,23],[28,34],[8,48],[-13,62],[-25,32],[-36,-82],[-41,-3],[-12,109],[7,92],[-23,47],[-2,45],[-14,-2]],[[56241,36865],[-28,-57],[-13,55],[5,62],[-12,119],[15,24],[28,91],[1,53],[13,40],[-1,129],[27,47],[-14,22],[-34,-15],[2,63],[9,17],[-5,63],[6,36],[-19,8],[16,38],[-11,34],[8,36],[-6,113],[-12,116],[-18,48],[-13,70],[-36,92],[-1,74],[-8,17],[-10,-122],[-8,24],[-8,100],[6,65],[-21,64],[-18,116],[22,0],[-16,41],[-14,-9],[-11,44],[-3,120],[-11,45],[6,46],[-13,163],[-25,53],[11,87],[-1,75],[18,40],[-70,-16],[-22,81],[-18,117],[-42,94],[-24,-42],[11,-63],[-19,-93],[-38,-79],[-24,-19],[-28,3],[-17,27],[-7,63],[-12,1],[10,-74],[17,-45],[-38,-38],[-18,-1],[-6,-31],[-51,-32],[-17,-70],[-25,-51],[-33,-43],[-18,12],[6,102],[-31,-76],[-47,-3],[-11,59],[1,75],[-19,-77],[-28,-25],[-2,59],[14,123],[-4,42],[-7,-65],[-16,-18],[-29,-71],[-29,-32],[-15,3],[-2,41],[11,144],[17,45],[9,84],[11,31],[4,67],[18,64],[5,96],[-19,94],[-13,138],[-33,113],[-19,83],[15,3],[-31,40],[-11,109],[2,52],[-21,-52],[5,-56],[-8,-35],[-45,47],[-43,126],[17,12],[31,-50],[19,-10],[28,33],[7,41],[-32,35],[-20,60],[-26,29],[19,50],[-25,-1],[-44,54],[-42,-6],[9,-52],[-14,-15],[-26,80],[19,39],[-16,1],[10,71],[-37,-83],[-18,22],[20,47],[-37,83],[3,-99],[-23,64],[-58,118]],[[54954,40766],[-12,100],[-10,18],[-7,67],[31,54],[42,-44],[18,-5],[-7,59],[-4,188]],[[56142,37146],[17,-64],[-9,-13],[-19,57],[11,20]],[[56136,36771],[8,41],[13,-14],[-21,-27]],[[56144,37339],[-4,33],[16,70],[6,-13],[-18,-90]],[[56204,37496],[-9,-2],[-4,60],[32,-39],[-19,-19]],[[56211,37437],[-5,-75],[-19,10],[-11,83],[29,5],[6,-23]],[[56183,37751],[9,-45],[-29,-51],[0,126],[20,-30]],[[56127,37587],[-20,30],[17,17],[3,-47]],[[55389,38983],[-13,-36],[-5,54],[43,78],[-7,-69],[-18,-27]],[[56014,39096],[-19,20],[-2,57],[14,16],[12,-28],[-5,-65]],[[55230,39991],[-41,67],[52,0],[-11,-67]],[[55190,40435],[4,-50],[-14,19],[-6,53],[16,-22]],[[55235,40312],[46,-47],[-8,-36],[-30,-2],[-22,62],[14,23]],[[56209,37149],[-13,7],[10,39],[3,-46]],[[56115,37418],[-11,1],[-2,61],[13,-62]],[[56113,37675],[-13,-41],[-13,25],[26,16]],[[56163,37936],[-1,-61],[-10,29],[-1,65],[12,-33]],[[55455,38937],[-15,1],[20,41],[-5,-42]],[[55093,40447],[2,-35],[-22,63],[0,32],[20,-60]],[[36806,37493],[-21,-75],[-62,-101],[-25,10],[-52,-16],[-35,17],[-22,-56],[-34,-16],[-17,-71],[-16,7],[-17,-31]],[[42092,49211],[-5,-88],[-19,-42],[-30,14],[-37,-11],[-42,-77],[-8,-161],[-27,-16],[-54,-88],[45,-43],[55,-111],[7,-29]],[[59341,34806],[48,5],[49,43],[40,58],[51,52],[7,-45]],[[59536,34919],[22,0]],[[25900,34610],[21,92],[18,1],[27,-33],[21,-48],[29,-155],[5,-144],[12,-75],[34,-156],[7,-64],[23,-99],[-8,-28],[22,-11],[6,-39],[24,-62],[55,-16],[46,-46],[16,-89],[-4,-94],[-80,-121],[-34,-73],[-24,-79],[-47,-92],[-31,-15],[-27,-60],[-36,-20],[-25,-113],[-30,-57],[-30,-79],[-4,-94],[-40,-60],[-3,-51],[-17,-29],[-42,13],[-88,-69],[71,-3],[23,-30],[51,20],[60,71],[71,63],[19,32],[62,73],[11,-37],[-16,-29],[15,-40],[12,-97],[22,-57],[-3,-43],[58,-94],[58,58],[24,10],[56,-35],[82,72],[-29,-170],[-10,-32],[-9,-88],[-17,-51],[23,22],[63,251],[44,32],[57,125],[22,0],[28,-46],[3,34],[20,14],[-21,18],[-5,41],[14,35],[-9,30],[29,39],[-2,29],[41,82],[17,12],[14,-23],[31,39],[32,-21],[19,18],[28,-35],[-9,31],[13,20],[26,-7],[28,-36],[37,0],[27,-13],[39,-70],[40,-22],[41,-1],[0,-25],[35,-1],[14,-31],[39,-23],[28,-36],[37,-3],[21,-78],[5,-55],[10,8],[20,69],[21,15],[58,-95],[2,-27],[26,19],[21,-73],[2,-39],[-24,-65],[-20,-14],[19,-39],[17,52],[29,23],[10,-73],[-28,-14],[-13,-62],[-27,-209],[20,1],[37,71],[26,151],[16,24],[25,-9],[-1,-38],[-23,-58],[7,-20],[52,83],[14,-4],[27,28],[55,6],[16,47],[30,-4],[59,-29],[53,-46],[16,-26],[70,-48],[50,-6],[25,22],[48,-48],[65,-22],[25,19],[64,6],[81,27],[48,-6],[55,-18],[192,-195],[66,-97],[42,-23],[86,-184],[51,-69],[35,-69],[65,-44],[26,-74],[63,-20],[23,-31],[32,-17],[86,2],[37,14],[87,-28],[31,-44],[32,-116],[19,-129],[9,-99],[22,-77],[12,-144],[19,-88],[6,-97],[-15,-169],[9,-82],[-11,-45],[-16,-116],[-38,-192],[-37,-111],[-52,-114],[-34,-59],[-25,5],[9,-31],[-42,-112],[-34,-55],[-36,-95],[-74,-69],[-34,-55],[-32,-86],[-18,-5],[0,-44],[-35,-79],[7,69],[-23,-66],[5,-38],[-12,-57],[-44,-164],[-54,-139],[-13,-42],[-44,-93],[-33,-45],[-19,3],[-6,72],[-33,51],[-11,-46],[-22,-15],[18,-43],[-14,-47],[0,-42],[-40,-80],[-12,-82],[21,-10],[-11,-53],[7,-126],[13,26],[-24,-230],[10,-103],[3,-117],[23,-225],[-16,-118],[-20,-117],[-13,-95],[-18,-204],[12,-142],[-25,-54],[-42,-52],[-33,-96],[-18,-143],[0,-76],[8,-159],[-6,-64],[-23,-72],[-32,-34],[-28,-84],[-12,-87],[-20,-32],[-4,-49],[-15,-53],[-41,-79],[-39,-45],[-8,-46],[-25,-76],[-19,-98],[12,-153],[-2,-29],[-25,-31],[-93,-59],[-25,-24],[-55,-100],[-1,-57],[9,-19],[-21,-59],[-108,3],[-76,-10],[-25,24],[-1,66],[-29,-9],[7,-71],[-6,-19],[-136,-41],[-15,17],[60,17],[-39,37],[-36,-13],[-20,-24],[-45,2],[-54,-19],[-8,-55],[21,-25],[-19,-23],[-58,-17],[-53,-71],[-42,-40],[-8,-43],[-40,13],[-63,-11],[-132,-116],[-48,-46],[-55,-95],[-91,-106],[-58,-79],[-11,-63],[-55,-91],[4,39],[-44,14],[-15,-63],[-34,2],[-17,25],[8,-45],[37,-11],[21,-28],[-29,-80],[-24,-11],[18,-33],[-9,-90],[-26,-33],[20,-51],[-6,-109],[13,-64],[12,-117],[-3,-65],[-14,-68],[7,-99],[-3,-92],[-15,-86],[-21,-49],[0,-49],[-45,-45],[-50,-64],[-46,-75],[-50,-106],[-58,-161],[-54,-230],[-64,-173],[-61,-133],[-47,-82],[-62,-81],[-68,-73],[-49,-79],[-5,105],[35,-14],[42,34],[48,80],[35,30],[20,50],[2,81],[37,9],[8,71],[34,33],[17,40],[-6,102],[27,-4],[4,68],[-17,6],[-57,-51],[-19,2],[-3,40],[-28,18],[-24,65],[3,-77],[25,-44],[-26,-83],[1,-59],[-16,28],[-3,-64],[-17,-24],[-1,-51],[-51,-71],[-51,-51],[-11,-79],[-19,-36],[-15,-70],[13,-104],[-43,-100],[-34,-160],[-29,-96],[-54,-98],[-91,-125]],[[24698,22008],[41,57],[37,92],[27,25],[64,109],[41,103],[19,17],[50,131],[39,57],[35,84],[35,-10],[-8,65],[50,42],[27,49],[49,33],[13,36],[26,22],[16,58],[43,27],[58,20],[35,63],[8,-8],[56,56],[25,88],[-8,49],[9,146],[8,47],[-31,98],[-14,107],[-53,53],[-58,-37],[-35,18]],[[24587,25696],[28,40],[32,28],[-54,87],[67,244],[16,13],[-13,48],[42,234],[16,24],[-18,34],[-39,165],[-11,59],[-32,0],[-82,102],[-13,119],[-2,96],[25,59],[1,76],[-39,-16],[-181,12],[-150,9],[-13,291],[-69,140],[63,4],[-6,173],[-19,105],[-16,54],[14,61],[-21,85],[-82,84],[-33,26],[-87,-19],[-57,6],[-31,44],[-46,100],[-36,1],[-68,50],[-15,-1],[-51,71],[-10,50],[-37,-14],[-20,10],[-48,59],[-41,19],[-30,-23],[-97,34],[-19,69],[-20,17],[-44,64],[-33,20],[-20,87],[-19,-3],[2,37],[-29,77],[-15,93],[14,59],[-2,49],[-21,113],[1,50],[25,72],[0,140],[-17,59],[-33,-31],[-30,10],[-112,-21],[-63,-27],[-31,-28],[-77,-108],[-35,-17],[-60,-70],[-29,-65],[-22,7],[-48,-14],[-40,-85],[-26,-32],[-67,-38],[-24,41],[-77,21],[-70,1]],[[26309,33032],[45,5],[18,17],[40,2],[107,-25],[39,-25],[3,-20],[-24,-115],[-14,-7],[5,-43],[-33,-112],[-27,-44],[7,-37],[-25,-58],[-32,-8],[-17,34],[-13,-69],[-22,2],[-33,31],[-16,-74],[-44,-29],[-53,32],[-8,-16],[-81,-15],[-19,33],[-32,168],[6,42],[27,-7],[1,27],[-24,-2],[-14,25],[2,134],[10,23],[6,81],[9,33],[37,43],[44,15],[125,-41]],[[27418,24601],[-38,-26],[-8,14],[23,37],[23,-25]],[[26519,23401],[-16,41],[25,44],[9,-18],[-18,-67]],[[27190,24326],[-31,-17],[-7,14],[30,62],[8,-59]],[[27344,32034],[-20,-36],[6,93],[17,25],[-3,-82]],[[28505,28297],[-9,15],[21,30],[3,34],[14,-41],[-29,-38]],[[28473,28158],[-15,-18],[-9,28],[23,17],[1,-27]],[[27266,32631],[-28,-20],[9,39],[19,-19]],[[26286,33215],[9,-20],[-29,-77],[-33,-13],[-22,23],[-46,4],[-1,33],[15,36],[29,-2],[50,29],[28,-13]],[[26173,33829],[-31,-10],[-11,44],[4,36],[30,5],[8,-75]],[[26102,33067],[-55,-72],[-23,38],[9,44],[31,20],[35,-3],[3,-27]],[[26346,33074],[-54,-11],[-24,18],[24,40],[42,26],[21,-10],[4,-42],[-13,-21]],[[26148,33167],[-4,-54],[-36,23],[2,55],[33,45],[5,85],[15,9],[4,-119],[-19,-44]],[[26203,33260],[-22,-12],[2,83],[39,20],[4,-43],[-23,-48]],[[25864,32588],[-22,-7],[28,92],[25,43],[0,85],[27,76],[24,31],[35,9],[18,-46],[-23,-131],[-38,-70],[-35,-48],[-39,-34]],[[26539,22899],[-14,-17],[3,87],[15,51],[18,-5],[-24,-94],[2,-22]],[[39889,48900],[-17,15]],[[23681,24935],[-19,27],[-20,60],[-197,-3],[-32,-25],[-58,-195],[-12,-83],[-10,25],[-30,143],[-17,53],[-48,31],[-43,15],[-144,1],[-66,97],[-25,12],[-29,-114],[-70,-38],[-18,-71],[-38,-37],[-13,-52],[-28,-63]],[[36870,35459],[-85,-15],[-95,-25],[-39,-16]],[[18506,39913],[-11,-42],[44,-3],[7,-84],[-23,-102],[-12,-86],[13,-35],[-13,-45],[-5,-74],[7,-84],[-11,-122],[-50,-126],[-27,-16],[-37,-85],[-3,-46]],[[18575,39711],[-9,-6],[20,91],[10,-5],[-21,-80]],[[18595,39527],[-16,-52],[6,53],[10,-1]],[[36833,51917],[88,62],[79,42]],[[24318,37929],[-24,8],[-7,74],[11,5],[33,-60],[-13,-27]],[[54954,40766],[-54,141],[-10,188],[-19,73],[-18,127],[-26,102],[-33,74],[-10,65],[-14,-32],[-52,-67],[-42,-6],[-24,45],[-39,138],[5,65],[-11,117],[-10,-62],[-57,13],[24,-33],[27,-8],[13,-29],[1,-49],[-26,-29],[18,-55],[-19,-9],[-5,-47],[11,-60],[21,-57],[-1,-65],[-47,-77],[-25,-81],[-32,21],[3,48],[25,52],[-52,-50],[-12,105],[18,59],[-21,-29],[-3,-79],[-11,-70],[-49,-80],[-4,80],[-13,107],[3,-133],[-29,-71],[-24,1],[-29,55],[-8,81]],[[54717,41275],[-21,-25],[7,152],[20,-87],[-6,-40]],[[54799,41352],[-18,-2],[-11,36],[15,37],[14,-71]],[[54642,41244],[-53,-9],[34,96],[-7,79],[-17,28],[-12,80],[34,-8],[13,-64],[26,-57],[-7,-119],[-11,-26]],[[54879,41030],[-13,-2],[-6,76],[16,5],[3,-79]],[[46536,42640],[-7,-28],[-22,58],[1,97],[24,4],[4,-131]],[[20652,42039],[-19,-32],[14,-17],[14,36],[11,-29],[8,-98],[-11,-48],[-40,5],[-16,106],[-30,66],[61,25],[8,-14]],[[20740,42648],[-36,44],[31,48],[9,123],[-62,131],[-58,20],[-13,15],[66,-14],[56,-97],[39,-40],[5,-73],[-26,-34],[-4,-105],[-7,-18]],[[21587,40914],[-28,-79],[-48,-13],[-52,-2],[-4,61],[32,32],[58,-13],[35,58],[7,-44]],[[20635,42207],[0,-90],[-61,-64],[-29,65],[-36,29],[-14,31],[39,9],[-11,37],[23,60],[5,39],[-10,62],[9,4],[38,-43],[1,-29],[27,-78],[19,-32]],[[20484,42951],[24,-11],[87,17],[3,-30],[-62,-10],[-88,-48],[-26,8],[-38,59],[38,-39],[34,28],[7,51],[21,-25]],[[20715,42320],[-43,6],[47,19],[-4,-25]],[[21379,41477],[-8,-21],[-36,17],[-6,47],[50,-43]],[[21304,41972],[-25,-37],[5,51],[20,-14]],[[21349,41290],[-11,8],[65,89],[-3,87],[15,-13],[8,-52],[-27,-65],[-47,-54]],[[20856,42494],[33,-41],[29,-16],[43,-70],[-8,-181],[-31,62],[22,1],[12,75],[-1,35],[-43,71],[-26,10],[-24,34],[-33,-2],[14,51],[13,-29]],[[21055,41745],[-24,7],[-35,45],[1,20],[58,-72]],[[21221,41540],[-27,64],[-50,36],[16,14],[-3,49],[-31,93],[19,-16],[22,-79],[9,-67],[44,-55],[1,-39]],[[21126,42020],[2,-18],[-41,-4],[19,47],[-17,23],[-34,96],[-16,24],[18,9],[27,-93],[42,-84]],[[21584,41369],[42,-16],[-11,-10],[-55,8],[7,27],[17,-9]],[[21609,41029],[-27,-18],[11,39],[16,-21]],[[45358,47725],[53,23],[28,-72],[16,9],[42,-37],[59,25],[3,-68],[43,-49],[-6,-24],[33,-111]],[[45705,47432],[0,60],[-14,51],[33,6],[-41,58],[20,63],[-32,23],[-24,-8],[-83,105],[-43,36],[57,12],[21,82],[-80,68],[-39,81],[5,25],[38,52],[-44,58],[-19,0],[-41,35],[24,10],[-38,60]],[[46125,48513],[51,-79],[57,-121],[24,-101],[67,-114],[44,-49],[43,-3],[39,-26],[25,-34],[12,-49],[-45,16],[-45,-2],[-74,-45],[-15,-40],[-31,-176],[8,-95],[-19,-24],[-14,-78],[-38,23],[-33,-118],[4,-140]],[[65217,28717],[-15,-79],[1,-49],[29,-35],[30,-89],[22,-167],[3,-77],[12,-52],[-8,-109],[19,-82],[23,-142],[42,-42],[50,59],[53,26],[23,-45],[12,-51],[129,-166],[-7,-56],[8,-85],[-4,-55],[16,-83],[5,-66],[17,-64],[-7,-129],[25,-81],[41,-93],[32,-12],[-2,-58],[30,-115],[15,-93],[-19,-235],[39,-87],[22,-16],[-7,-106],[37,-87],[70,-58],[35,-8],[28,-50],[28,-8],[28,14],[34,-91],[32,-54],[34,-36],[34,-11],[58,-70],[47,-21],[32,-53],[25,-70],[-31,5],[-10,-42],[22,-57],[55,-83],[29,-60],[25,-129],[25,-38],[1,-69],[27,-181],[22,-67],[24,18],[31,-59],[6,11],[-13,78],[8,46],[19,7],[32,-76],[62,-69],[6,64],[11,7],[28,-77],[4,-221],[12,-104],[80,-135],[53,-69],[38,-9],[43,-60],[46,-146],[66,-75],[9,-60],[31,-87],[27,-27],[25,-58],[1,-94],[22,-67],[28,-35],[-17,-125],[16,-250],[-9,-78],[16,-77],[38,-134],[14,-103],[25,-70],[-2,-108],[10,-52],[-3,-66],[-28,-72],[-23,-89],[-1,-76],[-15,-145],[-17,-100],[-31,-147],[3,-127],[-21,-194],[-32,-129],[-45,-96],[-3,-72],[-15,-72],[-68,-88],[6,-30],[-43,-23],[-28,-29],[-66,-165],[-11,-64],[-28,-22],[6,-43],[-9,-84],[-31,-29],[22,-9],[-55,-98],[-18,-74],[-18,-145],[5,-37],[-22,-18],[-2,-50],[-24,-14],[-39,-136],[-37,-91],[-13,-106],[-13,-158],[-21,-109],[-2,-86],[7,-66],[-10,-99],[-25,-7],[-50,-67],[-53,-27],[-72,5],[-138,-15],[-77,-38],[-50,-45],[-47,-60],[-109,-164],[-85,-17],[-29,4],[-15,-31],[24,-41],[26,20],[4,-82],[-17,-30],[-49,103],[-18,12],[-27,-25],[-29,86],[-38,4],[-42,44],[30,53],[-14,55],[-37,2],[-20,-54],[-47,-43],[-49,59],[39,-1],[32,51],[10,42],[-46,70],[-100,-87],[39,-8],[16,-19],[-114,-93],[-59,-87],[-55,-45],[-63,29],[-29,36],[-49,24],[-46,47],[-54,29],[-31,-10],[-53,43],[-41,5],[-26,-43],[-34,9],[-43,70],[-41,35],[-77,18],[-48,48],[-36,94],[-68,107],[-18,39],[-10,68],[24,147],[-26,107],[-36,101],[-61,99],[-42,51],[-14,40],[20,-7],[22,28],[23,-33],[7,68],[-27,30],[-56,-53],[-79,-56],[-68,11],[43,105],[23,111],[-5,96],[-80,219],[-35,-106],[-9,-99],[-37,-153],[-47,4],[-63,-39],[-53,-1],[27,119],[76,1],[20,116],[-7,81],[7,80],[32,111],[57,103],[-16,139],[28,40],[-16,119],[-26,70],[1,-90],[-22,-57],[-48,-79],[-18,-87],[-23,-73],[-22,-27],[-39,-18],[-61,-54],[-41,-49],[-63,-146],[-46,-86],[22,-104],[-6,-14],[-36,44],[-29,-28],[-34,66],[-50,66],[-22,-2],[19,36],[33,-41],[14,6],[-28,142],[-25,107],[-60,103],[-20,109],[-37,51],[-62,9],[-26,69],[-14,85],[25,6],[2,67],[-62,51],[-29,52],[-47,32],[-69,0],[-91,83],[-22,3],[-66,-26],[-22,5],[-100,114],[-66,54],[-50,20],[-73,-40],[-132,9],[-190,-30],[-49,-15],[-80,-68],[-97,-66],[-78,-31],[-73,-42],[-109,-17],[-130,20],[-44,-15],[-91,-96],[-40,-21],[-103,-99],[-77,-27],[-26,-21],[-24,-42],[-52,-172],[-44,-89],[-29,-29],[-29,4],[-32,-30],[-28,32],[-58,3],[-127,-37],[-18,43],[-132,18],[-119,-16],[-80,-34],[-43,10],[-71,-14],[-44,-47],[-38,-98],[-41,-33],[-71,-8],[-153,-187],[-112,-41],[-88,24],[-127,17],[-107,71],[-52,99],[-33,37],[-58,44],[-30,-14],[-24,32],[-7,75],[4,198],[38,-48],[36,2],[31,40],[34,124],[-13,194],[18,36],[6,250],[-8,72],[-49,144],[-32,125],[-24,57],[-20,91],[-17,127],[-11,182],[4,106],[-21,106],[-46,100],[-18,121],[-37,91],[-38,79],[-7,39],[-7,159],[-14,72],[-64,184],[-76,158],[-25,90],[18,-24],[18,49],[32,-122],[7,-44],[31,-14],[20,35],[4,62],[-54,86],[-15,73],[-24,68],[12,42],[17,-9],[35,-76],[-4,-96],[15,-25],[23,49],[13,-85],[30,-50],[25,38],[0,162],[-45,112],[-41,140],[-24,69],[-21,105],[-30,95],[1,111],[13,97],[13,50],[41,116],[8,145],[-5,78],[-18,64],[56,257],[33,41],[4,-30],[-10,-100],[14,-52],[-4,-59],[33,21],[15,31],[45,147],[22,44],[30,32],[61,39],[59,51],[28,49],[36,43],[48,78],[141,138],[87,5],[54,-30],[56,29],[81,82],[23,17],[111,41],[71,98],[98,-15],[36,29],[87,18],[48,25],[89,65],[61,69],[32,58],[32,78],[27,107],[41,125],[35,31],[52,86],[20,45],[-25,25],[-18,155],[2,86],[20,66],[35,60],[18,11],[40,57],[40,130],[11,-1],[34,-157],[25,-64],[24,-94],[36,-84],[11,188],[43,-41],[5,94],[-15,-1],[-35,74],[-23,65],[18,7],[13,47],[-8,44],[25,12],[26,-70],[21,35],[34,3],[34,-40],[79,0],[-5,18],[-43,1],[-13,49],[9,36],[29,-3],[14,113],[-29,-61],[-25,78],[12,98],[25,-1],[38,78],[63,-58],[2,50],[-33,-2],[-14,55],[47,48],[57,-33],[6,39],[-29,26],[-13,84],[22,49],[30,10],[29,27],[4,75],[21,-5],[-3,-86],[10,30],[17,-9],[14,-55],[26,45],[-1,46],[19,94],[-11,51],[26,-9],[15,-60],[29,53],[34,-52],[22,27],[20,49],[-1,61],[26,17],[40,-46],[39,-25],[77,-95],[43,-107],[59,-83],[4,-15],[-24,-124],[-2,-89],[17,38],[20,-26],[-16,94],[61,93],[32,3],[85,-38],[22,-38],[10,-63],[3,93],[7,13],[39,-23],[35,-76],[-4,79],[5,27],[43,8],[-20,15],[-30,52],[19,27],[-43,31],[-21,36],[16,66],[51,86],[26,150],[20,26],[40,19],[25,54],[-26,58],[7,69],[30,27],[17,72],[44,15],[1,80],[23,1],[26,-48],[1,70],[31,9],[4,57],[35,4],[15,40],[10,-52],[19,-25],[58,0],[33,17],[36,-18],[38,35],[32,-40],[6,43],[29,25],[26,-5],[-17,32],[0,74],[9,68],[-40,58],[-40,9],[-29,-12],[-65,84],[30,34],[48,-46],[13,37],[59,-60],[26,-51],[35,42],[34,-22],[32,-93],[34,-9],[36,-32],[75,-6],[67,-64],[61,-20],[39,28],[25,-43],[35,-34],[38,-10],[27,34],[40,25],[27,38],[48,48],[-18,-46],[12,-15],[-38,-58],[8,-34],[39,33],[15,-14],[14,-85],[37,-4],[13,47],[-12,64],[35,66],[20,-2],[14,-65],[22,-34],[36,-6],[10,-39],[-83,-160],[-4,-18],[16,-63],[-27,-81],[-34,32],[-74,-62],[1,-116],[12,-70],[-22,-126],[-28,-49],[-68,-174],[10,-60],[15,-29],[61,-58],[28,-41],[47,-49],[18,-61],[59,-51],[24,8],[-1,-55],[17,-22],[44,6],[60,-69],[82,-61],[42,-90],[32,-52],[35,-37],[53,-26],[24,4],[39,-30],[38,-14],[21,-43],[8,-56],[19,-59],[39,-19],[50,-59],[42,-26],[28,-34],[35,-1],[61,30],[65,77],[27,147],[51,136],[39,212],[-4,61],[12,110],[35,202],[-4,75],[-17,140],[15,117],[-23,83],[-2,48],[13,90],[22,108],[-6,116],[34,61],[28,-9],[-14,82],[-35,33],[2,51],[37,138],[18,-29],[-2,59],[38,229],[6,120],[32,23],[26,65],[30,-15],[-11,-46],[35,-51],[23,-109],[7,-189],[23,-36],[39,-13]],[[67214,23641],[-14,8],[-6,65],[17,92],[-5,40],[31,45],[10,54],[-12,58],[20,10],[14,-119],[-42,-166],[-13,-87]],[[64476,27018],[-16,-33],[-54,-29],[0,42],[26,59],[60,26],[22,-44],[-38,-21]],[[63912,28037],[18,-15],[9,34],[12,-28],[-24,-44],[-9,-46],[9,-32],[33,-9],[-12,-40],[-49,4],[-63,25],[18,32],[0,96],[32,53],[24,15],[2,-45]],[[62650,28818],[16,-8],[13,-42],[-20,-7],[-38,23],[-37,-19],[-18,14],[6,39],[25,8],[-9,67],[20,43],[18,8],[24,-126]],[[62682,28930],[27,-3],[32,27],[23,-9],[49,53],[34,-45],[21,-45],[-17,-56],[-15,2],[-18,-47],[-69,-80],[-62,68],[-27,46],[-18,63],[-10,85],[11,12],[39,-71]],[[59164,23529],[-6,-15],[-39,115],[-11,78],[15,18],[41,-196]],[[64090,19966],[91,-7],[15,-35],[-22,-21],[-36,15],[-33,-11],[-16,-48],[-29,-17],[-48,34],[-12,-21],[-80,2],[-43,53],[20,52],[91,31],[49,26],[40,-4],[21,-19],[-8,-30]],[[65682,19003],[-30,-24],[-8,37],[38,-13]],[[65648,18953],[-38,-14],[18,26],[20,-12]],[[66400,25649],[-21,3],[8,48],[13,-51]],[[66824,24472],[19,-14],[12,-70],[-23,-8],[-30,78],[22,14]],[[67307,23020],[-17,-101],[-12,17],[8,96],[21,-12]],[[67288,23065],[-14,29],[1,69],[18,4],[-5,-102]],[[65034,29177],[-17,-21],[-12,45],[14,17],[15,-41]],[[65047,29366],[-12,-23],[-17,20],[21,22],[8,-19]],[[65842,26408],[13,-63],[-22,-18],[-27,73],[36,8]],[[63889,28929],[-15,-22],[51,157],[-7,-67],[-29,-68]],[[63836,28847],[-32,-28],[18,37],[37,33],[-23,-42]],[[63989,27310],[-9,-17],[-22,42],[14,43],[17,-68]],[[63887,27365],[-14,32],[18,-1],[-4,-31]],[[64466,26818],[-10,9],[17,37],[16,-38],[-23,-8]],[[63816,28029],[-23,3],[18,56],[12,-47],[-7,-12]],[[63080,28957],[-20,51],[-2,47],[20,25],[10,-74],[-8,-49]],[[61588,27751],[-13,-23],[-3,55],[16,7],[0,-39]],[[61467,27449],[-23,22],[14,26],[9,-48]],[[59620,25467],[-12,-29],[-16,20],[26,53],[2,-44]],[[65593,18108],[48,6],[51,-34],[58,-59],[100,-52],[52,8],[30,24],[25,-33],[2,40],[27,24],[66,14],[27,-17],[34,58],[51,-11],[19,35],[50,-28],[16,-34],[3,-148],[-4,-43],[2,-211],[6,-82],[-23,108],[-39,-107],[-3,-65],[-17,-50],[-2,-90],[14,-125],[-40,-23],[-28,73],[26,6],[5,28],[-46,30],[-5,-47],[-19,-22],[-9,52],[-22,38],[10,-50],[-18,-54],[-3,-53],[-14,-15],[-36,37],[16,-44],[-41,-124],[-35,4],[-30,34],[-73,-1],[-29,-13],[-10,63],[47,8],[-10,20],[-62,3],[-53,108],[-25,27],[-44,140],[-14,116],[35,-40],[20,-57],[9,51],[-37,76],[-20,-18],[1,65],[-37,71],[-56,150],[-26,162],[14,113],[66,-42]],[[65368,18355],[-18,78],[4,61],[18,57],[29,-20],[10,-116],[-6,-26],[-37,-34]],[[66190,18487],[35,-67],[24,-17],[-9,-42],[15,-17],[-44,-43],[-44,91],[-2,40],[-22,13],[33,53],[14,-11]],[[66060,17148],[-10,-39],[-31,1],[26,81],[15,-43]],[[66211,17400],[-7,43],[20,-21],[-13,-22]],[[66075,17205],[-28,29],[12,30],[16,-59]],[[66255,18285],[30,-47],[-24,-23],[-7,23],[-44,-7],[-9,35],[54,19]],[[66237,18208],[-10,-29],[-14,27],[24,2]],[[68385,12985],[3,75],[13,12],[-16,-87]],[[57659,29255],[-6,-26],[-23,19],[25,30],[4,-23]],[[51197,13564],[-48,-18],[-44,77],[68,-19],[51,-31],[-27,-9]],[[70213,22439],[11,-9],[-15,-15],[4,24]],[[61265,28544],[0,-4],[-5,4],[5,0]],[[24579,21168],[-4,-34],[10,-146],[-16,-44],[-35,-12],[-25,-203],[18,-86],[13,-109],[-27,-38],[12,-59],[37,-83],[105,-78],[93,-108],[27,-64],[2,-53],[-39,-79],[-5,-66],[23,-90],[38,-56],[28,-20],[38,2],[10,-30],[5,-156],[-11,-39],[-73,-180],[-62,-110],[-22,-60],[-8,-65],[-20,-31],[-108,-98],[-167,-87],[-135,-46],[-31,-15],[-259,-57],[-99,-2],[-93,29],[-25,39],[-37,-14],[14,-50],[-7,-60],[9,-34],[48,-48],[-25,-3],[21,-29],[-11,-134],[-32,-26],[-23,-111],[-5,-58],[36,-118],[-11,-51],[-19,-28],[-113,-81],[-52,-16],[-113,1],[-70,53],[-101,56],[-47,15],[-13,30],[-43,-55],[-5,-82],[28,-170],[2,-66],[-10,-82],[32,-71],[78,-40],[-12,-53],[31,-7],[64,14],[8,48],[-34,17],[88,39],[22,-28],[18,-80],[-4,-106],[-15,-41],[-70,-28],[-19,8],[-39,106],[-33,22],[-33,-7],[-32,-37],[-32,-13],[-12,-34],[81,-55],[62,-22],[-23,-33],[-57,-28],[-54,-58],[-61,-124],[-4,-58],[14,-96],[-15,-41],[9,-44],[-19,-73],[-58,-68],[-10,-49],[20,-29],[-8,-49],[-111,16],[-80,-81],[-72,-27],[-64,-118],[-60,-144],[-11,-73],[9,-65],[36,-77],[123,-166],[26,-15],[131,-18],[29,-23],[24,-69],[-8,-82],[-22,-49],[-58,-58],[48,12],[25,-42],[-117,-148],[-130,-105],[-87,-119],[-44,-109],[5,-35],[-25,-190],[-26,-46],[-70,-45],[-46,47],[-36,83],[1,-67],[-64,-25],[45,5],[45,-17],[22,-45],[-104,-83],[-22,-43],[-22,-134],[-39,-67],[30,19],[35,-166],[-6,-37],[-61,-5],[36,-38],[30,10],[23,-29],[46,-110],[60,-108],[-10,-18]],[[22474,13742],[59,-91],[1,-44],[-38,-58],[7,-31],[66,-17],[31,-94],[144,-179],[126,-97],[87,-81],[99,-44],[76,8],[39,-17],[-34,-74],[-52,-18],[-48,6],[-135,-45],[-85,40],[-174,20],[-86,19],[-88,-13]],[[23298,12983],[22,-9],[126,5],[-4,-15],[-99,-11],[-63,-39],[-24,28],[42,41]],[[23837,18702],[2,-23],[-35,25],[-11,30],[44,-32]],[[23869,39385],[-29,-9],[-5,31],[14,26],[26,-26],[-6,-22]],[[23863,39583],[-19,7],[-2,44],[21,-20],[0,-31]],[[38693,26769],[8,139],[8,61],[-5,265],[-9,56],[44,73],[21,142],[42,225],[20,220],[25,104],[9,117],[70,151],[17,93],[37,45],[51,49],[37,86],[17,60],[20,114],[0,120],[13,159],[-3,46],[-19,64],[-4,45],[-36,78],[-9,61],[-33,95],[-9,63],[-16,45],[-11,116],[-31,126],[72,132],[4,117],[-58,217],[-46,202],[-8,102],[-61,134],[-24,87],[-20,96],[99,33],[56,51]],[[38788,30997],[-12,46],[11,61],[-6,53],[-32,117]],[[35876,46033],[61,-4],[49,33],[68,66],[26,49],[58,63],[100,71],[47,-15],[29,5],[19,25],[21,60],[73,73],[93,67],[57,28],[145,17],[74,16],[51,-4],[76,68],[111,4],[52,37],[198,0],[48,-32],[40,-49],[46,0],[61,46],[68,23],[38,28],[15,39],[32,15],[18,-31],[71,-30],[63,18],[-7,45],[82,-34],[37,-44],[24,-9],[44,20],[90,10]],[[40360,47727],[-8,60],[-22,63],[-75,61],[-32,73],[24,-12],[-1,35],[-19,56],[24,115],[4,111],[-8,69],[27,80],[0,54],[-47,30]],[[27098,10847],[44,-10],[55,-34],[11,-34],[-46,30],[-109,11],[1,35],[44,2]],[[24817,9797],[37,-95],[-57,-2],[-7,58],[-62,-12],[-80,-53],[-82,-39],[-54,-56],[-62,-100],[-42,-18],[50,-21],[-21,-22],[24,-63],[-90,29],[-47,36],[-30,-34],[8,-34],[-33,-10],[-6,39],[-40,8],[-141,-110],[-80,-93],[-55,-15],[-75,13],[25,-73],[-17,-19],[-57,17],[-40,-52],[18,-46],[60,-41],[-47,-7],[-63,-93],[27,-70],[67,-32],[96,22],[19,29],[46,-4],[25,26],[71,-22],[-36,-46],[-54,-2],[21,-30],[-25,-53],[-24,46],[-57,24],[-49,-38],[-17,-66],[-24,49],[-74,36],[-89,-15],[-14,-27],[28,-46],[-8,-44],[24,-56],[-34,10],[-112,154],[-100,-6],[0,-48],[-65,-90],[54,-39],[11,-42],[-58,-20],[-130,45],[-39,-80],[19,-37],[-49,-33],[42,-34],[-138,-26],[17,-104],[-36,-80],[26,-49],[-34,-44],[85,-4],[67,31],[-2,-41],[-113,-62],[92,-26],[-49,-65],[69,-33],[166,-36],[-19,69],[76,42],[117,19],[57,-9],[-84,-21],[-72,-34],[-8,-42],[81,-39],[-23,-85],[93,-105],[83,-55],[27,-39],[9,-90],[41,-74],[49,-33],[-11,-59],[-41,17],[-32,-48],[76,-49],[100,2],[-39,-68],[-60,-19],[7,-64],[131,13],[12,-50],[47,-61],[3,-56],[-29,-8],[-164,-116],[80,-7],[71,41],[53,-67],[-17,-27],[-183,-31],[-64,-42],[127,-13],[64,-22],[73,23],[46,-8],[12,-107],[-14,-23],[-111,-15],[-1,-49],[70,-37],[82,10],[0,-58],[30,-65],[76,26],[10,-34],[-33,-90],[-88,23],[-106,-43],[-70,50],[-117,17],[45,-40],[30,-90],[47,12],[106,-53],[18,-37],[-23,-58],[-60,-32],[-99,12],[-29,-40],[104,-1],[56,-32],[-37,-32],[-69,5],[-55,-35],[103,-14],[111,32],[16,-24],[-62,-63],[-127,-13],[-120,27],[68,-100],[-6,-56],[-90,-32],[-68,79],[-95,19],[11,-61],[-161,-57],[118,-11],[22,-44],[-127,-19],[-85,-32],[197,-22],[-12,-36],[-339,-124],[-56,-10],[-212,-73],[-231,-35],[-361,-89],[-123,-63],[-37,-49],[-161,-31],[-182,-5],[-187,23],[-233,-2],[-280,42],[-197,-1],[-191,-17],[4,-75],[186,-162],[174,-73],[162,-2],[349,-41],[-5,-38],[-75,-74],[-160,-79],[-155,-25],[-119,7],[-209,42],[-264,38],[-391,36],[-186,33],[-169,-49],[723,-171],[86,-31],[-23,-83],[-65,-31],[-170,-3],[-319,-26],[-331,97],[-137,54],[-236,158],[19,-60],[89,-77],[-105,-39],[102,-115],[323,-120],[155,-148],[72,-4],[9,71],[68,20],[141,-14],[596,-8],[57,-22],[38,-89],[-107,-101],[-231,-39],[-395,4],[300,-62],[205,5],[152,21],[141,-106],[95,-154],[87,-31],[175,26],[183,-37],[173,56],[233,53],[93,-10],[64,-77],[214,-55],[119,14],[90,-60],[519,-121],[166,-23],[456,-13],[-10,-44],[-435,9],[-186,-28],[26,-17],[262,-7],[11,-28],[-359,-12],[0,-103],[41,-35],[160,-34],[459,39],[150,-2],[210,31],[9,-33],[-387,-93],[54,-70],[153,-107],[80,26],[22,-59],[-78,-89],[122,-32],[296,-11],[437,227],[313,133],[102,5],[264,97],[317,25],[356,58],[462,31],[202,-41],[223,21],[42,-78],[-94,-109],[68,-21],[229,27],[277,62],[99,93],[229,154],[123,111],[105,46],[96,2],[336,105],[316,-67],[80,33],[171,30],[129,89],[619,70],[191,4],[60,52],[340,50],[1027,40],[134,36],[34,39],[-180,33],[-194,3],[-946,60],[-53,42],[-21,118],[-67,14],[-155,-7],[-319,-31],[-242,44],[-161,48],[-106,17],[-145,58],[11,113],[136,157],[85,75],[108,40],[96,112],[98,42],[197,62],[111,-7],[78,47],[240,100],[54,37],[260,107],[363,78],[217,74],[361,70],[364,39],[208,-8],[131,32],[60,38],[201,-18],[240,40],[-90,70],[47,70],[60,28],[60,102],[126,134],[175,4],[153,-31],[77,47],[145,126],[-8,31],[-230,-34],[-107,29],[70,40],[-118,42],[17,80],[169,121],[119,18],[139,-27],[64,45],[-60,98],[140,-22],[80,3],[93,57],[132,49],[120,31],[109,188],[-10,53],[-65,-10],[-165,63],[-41,82],[56,35],[83,-13],[140,-84],[29,2],[62,95],[98,61],[-60,39],[47,36],[42,-37],[133,-54],[53,-69],[65,-115],[147,14],[41,33],[19,156],[-51,67],[24,36],[74,20],[111,-21],[182,49],[48,-12],[22,-41],[-99,-110],[-8,-63],[34,-6],[302,5],[149,-17],[182,20],[111,-14],[50,-28],[133,17],[58,45],[35,-31],[27,-103],[44,-30],[141,115],[137,72],[217,73],[141,39],[181,20],[324,70],[282,25],[180,34],[56,51],[170,-44],[60,31],[65,76],[95,-31],[122,-88],[199,-81],[101,-14],[74,55],[79,91],[95,57],[-68,36],[6,19],[89,4],[47,-65],[106,-42],[135,17],[115,1],[150,-10],[44,48],[72,17],[41,-21],[25,-71],[286,-53],[22,8],[40,84],[90,33],[64,-34],[-34,-140],[48,-84],[174,-6],[191,27],[53,129],[75,87],[51,-16],[82,-64],[-27,-62],[43,-35],[108,-26],[86,32],[52,54],[28,63],[87,-16],[30,-33],[0,-61],[75,-69],[87,-30],[159,-24],[106,7],[143,40],[99,51],[245,69],[111,65],[109,39],[214,28],[64,0],[250,83],[38,33],[37,105],[-18,90],[-67,112],[14,76],[97,66],[70,7],[147,-12],[5,-32],[-90,-85],[8,-29],[158,2],[31,-27],[122,-189],[197,15],[78,-4],[80,-58],[90,33],[46,-2],[72,-37],[72,-85],[77,-42],[-5,61],[127,146],[44,67],[32,169],[36,36],[89,48],[67,5],[64,55],[140,52],[117,30],[83,84],[71,24],[78,5],[231,52],[58,50],[117,12],[65,28],[103,15],[-17,80],[49,49],[66,-2],[104,-50],[-57,-60],[75,-57],[94,25],[74,-46],[10,-75],[56,71],[-4,101],[85,62],[34,46],[-102,4],[-50,64],[73,38],[84,-1],[154,-86],[110,-7],[11,16],[-18,122],[-43,24],[-12,56],[17,58],[52,32],[70,16],[192,108],[99,19],[117,9],[144,32],[258,-22],[69,-14],[85,-46],[131,-108],[101,-18],[65,-70],[-73,-37],[-106,41],[-30,-9],[62,-56],[-13,-72],[-119,-83],[71,-24],[83,55],[66,22],[149,15],[224,-79],[103,-94],[125,30],[124,7],[167,-57],[174,-13],[104,-27],[111,45],[93,7],[176,-42],[387,-53],[138,-1],[233,-45],[115,10],[105,44],[48,-44],[-11,-65],[77,-156],[-91,-100],[23,-72],[-23,-34],[20,-77],[-52,-36],[-94,-15],[-6,-36],[63,-68],[-22,-78],[-68,-20],[-114,31],[-122,-93],[-62,-68],[79,-19],[57,-36],[125,4],[93,32],[46,-39],[-12,-100],[-64,-122],[-50,-54],[-119,-77],[-122,-225],[-64,-235],[-45,-113],[-79,-65],[14,-31],[152,-34],[131,79],[0,124],[90,86],[229,52],[83,89],[123,74],[9,33],[93,39],[40,41],[38,173],[89,165],[72,18],[100,96],[13,110],[101,91],[71,9],[54,30],[127,-50],[116,9],[56,-14],[80,62],[14,55],[45,32],[50,-1],[168,105],[70,12],[56,38],[40,66],[95,97],[15,86],[33,42],[114,59],[217,63],[333,95],[52,-1],[67,29],[141,4],[38,59],[83,55],[52,18],[65,48],[53,4],[195,-22],[82,39],[127,7],[68,36],[181,55],[67,-10],[96,9],[183,-11],[172,32],[95,49],[213,35],[132,-43],[70,19],[57,-5],[122,-38],[71,15],[106,54],[141,-48],[179,12],[136,37],[58,-29],[67,-11],[109,52],[93,-32],[28,-43],[103,8],[170,64],[137,43],[88,95],[30,55],[141,-2],[101,33],[99,-19],[96,-30],[63,4],[144,-55],[67,-10],[280,-90],[158,-22],[100,-41],[24,-31],[75,9],[45,-46],[107,-36],[112,-17],[73,28],[123,78],[38,36],[-7,78],[64,86],[110,43],[333,59],[123,-47],[49,-49],[77,-110],[57,-40],[94,-9],[46,-25],[65,-77],[-39,-69],[-34,-26],[-141,-29],[-117,-38],[-16,-58],[23,-27],[127,20],[104,29],[43,26],[101,13],[126,35],[41,22],[84,-24],[124,-6],[80,17],[76,-29],[90,6],[162,57],[123,3],[-221,-80],[-72,-44],[42,-19],[256,50],[117,37],[102,16],[141,85],[209,42],[151,51],[46,3],[81,-40],[100,25],[61,79],[95,22],[161,-48],[42,-97],[135,-107],[86,8],[93,-33],[112,7],[51,21],[102,211],[76,65],[93,31],[75,6],[178,-16],[98,26],[112,-5],[55,31],[60,5],[81,-27],[67,-45],[23,-74],[137,54],[77,75],[170,-61],[73,-54],[67,37],[91,-3],[84,-22],[78,-51],[222,-11],[133,-52],[202,-13],[78,-29],[46,13],[92,-4],[72,-52],[72,-24],[41,5],[113,45],[57,0],[27,-23],[9,-56],[88,27],[41,-6],[15,-39],[-73,-125],[-22,-60],[-42,-56],[49,-38],[44,38],[96,27],[50,35],[86,13],[85,-12],[172,-125],[14,-58],[-20,-56],[60,-35],[95,-2],[180,-34],[85,13],[169,5],[126,-7],[120,29],[27,-10],[14,-139],[30,-20],[55,45],[199,-13],[108,-47],[126,47],[16,140],[25,10],[59,-35],[159,-156],[107,-67],[99,-20],[96,-39],[113,3],[88,-49],[91,47],[293,-106],[80,-19],[69,-78],[17,-89],[90,-39],[77,-87],[79,-187],[40,-33],[59,3],[55,-49],[19,26],[-49,127],[-4,68],[39,39],[93,11],[71,-73],[65,-44],[131,-5],[82,46],[162,-22],[130,-28],[156,-7],[191,-53],[121,-138],[126,-33],[276,-131],[23,68],[32,10],[85,-166],[-37,-37],[-91,8],[-39,-62],[-15,-105],[61,11],[-10,-71],[-32,-13],[-123,42],[-74,6],[-72,31],[-58,1],[79,-62],[203,-65],[4,-25],[-61,-94],[-103,-55],[-60,40],[-72,10],[-35,-24],[-212,-6],[-55,50],[-87,27],[77,-106],[158,-41],[19,-21],[-84,-17],[-60,-38],[-169,3],[-60,-21],[49,-53],[-75,-48],[-78,-5],[-44,183],[-64,-5],[-12,-60],[46,-135],[-41,-38],[98,-146],[8,-62],[-228,26],[-88,-15],[-36,54],[-59,-3],[-20,-65],[-113,-81],[-15,-127],[-90,-34],[-82,16],[-155,-43],[24,-23],[176,-3],[58,-23],[10,-57],[116,-82],[-76,-114],[58,-26],[20,-88],[-30,-38],[18,-65],[-63,-78],[128,-28],[105,-131],[2,-71],[162,-111],[2,-58],[-91,-67],[131,-34],[85,33],[74,68],[50,-97],[110,-54],[171,-25],[-1,-61],[-106,-4],[-83,46],[-299,-12],[-402,-108],[-134,75],[-44,55],[-52,-49],[91,-130],[-154,19],[-143,-82],[33,-83],[-135,-58],[70,-19],[-86,-82],[99,-7],[35,-49],[-362,-104],[-39,-48],[397,0],[-4,-58],[63,-54],[-115,-21],[92,-45],[0,-107],[-50,-52],[88,-18],[136,-81],[84,-16],[166,-79],[174,-118],[-508,-81],[24,-30],[401,10],[298,40],[343,-135],[103,-16],[130,-104],[99,27],[104,-34],[-74,-60],[-114,-1],[88,-48],[348,-14],[100,-29],[98,16],[222,-77],[193,-10],[191,-51],[240,-10],[63,-38],[456,-49],[368,-49],[120,-53],[0,-2078],[-72647,0],[0,153],[0,107],[0,260],[0,259],[0,260],[0,260],[0,260],[0,259],[0,260],[325,5],[424,-30],[83,-33],[245,17],[597,-29],[613,-52],[237,-55],[117,5],[803,-30],[426,-32],[746,-73],[134,0],[-200,101],[194,8],[-100,29],[-266,12],[-1062,92],[-338,54],[271,11],[-158,72],[121,77],[-175,52],[-525,-2],[-326,133],[-989,202],[-34,39],[235,-45],[252,25],[481,-91],[206,-49],[444,10],[263,-32],[95,-66],[269,51],[185,-70],[458,9],[97,-18],[407,73],[81,41],[-132,39],[448,54],[63,45],[268,70],[164,81],[-345,187],[153,89],[-191,69],[-429,71],[102,58],[122,10],[784,39],[790,47],[20,24],[-227,43],[-13,42],[-186,34],[-89,58],[71,75],[385,29],[-24,52],[61,8],[-9,49],[-177,43],[-290,41],[-323,112],[-9,46],[-279,0],[-341,56],[-255,121],[111,46],[243,42],[86,51],[-212,24],[-389,-2],[-205,91],[-43,64],[54,103],[3,125],[75,29],[76,-56],[161,7],[93,39],[281,-8],[183,-36],[91,-70],[77,-10],[274,6],[285,-112],[119,-24],[119,57],[159,33],[37,33],[-119,44],[-6,80],[41,7],[170,-75],[162,18],[108,-78],[144,-6],[-26,80],[59,27],[-85,62],[62,28],[-25,75],[-207,89],[-113,26],[-255,-20],[-212,47],[153,34],[116,62],[93,-10],[210,-69],[188,-39],[90,5],[-190,114],[80,78],[178,4],[178,54],[131,62],[251,26],[166,-73],[127,-20],[-70,73],[104,18],[205,105],[110,19],[309,31],[106,-28],[109,5],[65,111],[40,26],[135,28],[105,-1],[146,-50],[130,-9],[287,32],[69,-16],[172,-6],[215,-24],[389,63],[170,8],[129,-16],[208,10],[210,-8],[85,-14],[473,9],[377,35],[132,50],[44,36],[93,15],[257,-34],[129,9],[244,-14],[24,11],[63,172],[34,32],[56,-8],[169,-61],[-50,-102],[85,-32],[-115,-70],[-42,-124],[206,33],[282,36],[22,16],[-41,66],[19,24],[-23,87],[36,32],[91,-2],[130,-37],[46,-29],[15,-62],[-14,-65],[-47,-46],[-187,-109],[72,-21],[370,2],[205,-25],[91,-25],[176,4],[63,-13],[347,85],[57,-16],[145,2],[96,19],[346,-10],[82,-88],[53,-20],[116,25],[77,-6],[111,22],[158,-3],[39,47],[-131,41],[-90,48],[-103,4],[-63,24],[93,77],[-21,54],[-83,10],[-71,-19],[-75,20],[-67,143],[-26,27],[-212,52],[-7,87],[78,11],[222,-29],[66,-23],[243,14],[48,28],[131,12],[-227,77],[-84,18],[-152,13],[-300,-1],[-81,50],[-60,135],[53,35],[151,-14],[18,-27],[-27,-56],[147,-16],[173,18],[114,-22],[90,15],[363,-12],[73,-41],[35,6],[162,-52],[105,-15],[185,33],[131,-11],[69,-23],[109,36],[177,18],[119,-5],[266,-52],[99,28],[32,46],[-5,52],[97,42],[96,-9],[43,72],[121,-4],[67,-31],[0,-26],[-74,-97],[29,-39],[97,-5],[108,18],[73,-59],[88,0],[162,59],[166,-114],[154,-26],[131,-49],[106,0],[173,-55],[177,43],[29,39],[-20,117],[48,29],[139,-65],[-56,121],[34,51],[186,-53],[113,-82],[36,-72],[76,-18],[314,35],[18,-38],[-55,-56],[-3,-47],[60,20],[93,-5],[202,61],[141,-28],[120,5],[216,93],[110,4],[188,30],[87,34],[141,-4],[303,62],[165,63],[67,37],[73,82],[97,192],[-25,71],[-103,136],[-14,89],[5,84],[-38,136],[-39,98],[-104,148],[-14,138],[-48,78],[115,31],[155,-24],[14,35],[66,57],[-9,49],[-75,62],[52,33],[3,72],[66,123],[-72,80],[47,122],[43,61],[-85,15],[-73,-23],[-20,42],[19,118],[39,16],[28,43],[41,-12],[11,-100],[87,5],[-11,185],[31,49],[106,-16],[26,29],[8,62],[-20,23],[32,76],[90,7],[-19,45],[54,17],[78,-26],[20,21],[-28,35],[1,43],[35,-12],[7,52],[45,3],[84,56],[-51,23],[3,88],[56,53],[100,-14],[41,-25],[-12,73],[70,37],[50,3],[-10,28],[34,42],[14,-32],[40,1],[52,37],[50,8],[48,65],[63,42],[44,88],[119,56],[58,5],[97,32],[95,56],[33,43],[133,37],[70,49],[96,34],[64,-13],[11,-41]],[[27198,4117],[303,-3],[35,-31],[117,-211],[-5,-120],[-56,-65],[-99,-15],[47,-63],[-1142,-166],[-119,-52],[-885,-32],[-38,111],[61,30],[132,139],[68,-24],[120,40],[33,-28],[118,56],[277,188],[-8,52],[-71,20],[103,249],[175,141],[55,65],[280,76],[175,20],[262,-35],[240,-78],[107,-71],[-28,-115],[-226,-23],[-31,-55]],[[24269,3553],[-18,-144],[-153,-79],[-291,22],[-185,45],[-41,63],[-186,-20],[-41,-36],[-386,113],[-119,54],[80,26],[80,-59],[698,4],[179,11],[30,36],[-40,83],[77,9],[-8,40],[154,53],[142,-13],[34,-36],[-17,-83],[59,-5],[-48,-84]],[[22187,7657],[-5,-45],[75,-3],[58,-97],[66,-186],[73,-117],[79,-165],[12,-89],[8,-267],[-81,-142],[-103,-80],[-12,-40],[-269,-48],[-38,16],[-225,-6],[-105,-12],[-105,46],[-40,51],[94,49],[98,-21],[255,-13],[89,16],[45,35],[-88,21],[-155,-42],[-51,13],[-47,47],[159,28],[58,51],[-108,26],[-93,5],[-89,67],[-31,-8],[-104,-95],[-142,32],[-40,-13],[59,-56],[-93,-55],[-87,42],[-72,-3],[-115,69],[13,97],[86,26],[95,-35],[-6,67],[48,27],[129,-70],[34,17],[-46,65],[42,11],[157,-25],[82,20],[-140,41],[-31,35],[142,19],[129,-26],[106,59],[187,8],[71,-62],[17,81],[-95,28],[-151,27],[-28,38],[26,45],[147,65],[144,-14],[-143,88],[-80,7],[-80,-21],[-117,48],[-31,36],[0,60],[27,104],[-5,37],[-68,57],[-12,57],[16,41],[135,47],[197,31],[62,-62],[11,-85]],[[16529,6655],[-16,-77],[50,2],[21,73],[47,13],[23,-43],[-22,-35],[24,-34],[44,20],[31,69],[45,35],[98,5],[52,-22],[-35,-55],[-138,-65],[37,-14],[240,71],[7,-126],[-102,-16],[6,-46],[-130,11],[-67,-9],[-45,19],[-117,-13],[-117,3],[-47,22],[-102,6],[-212,74],[-32,-2],[-251,37],[-85,-3],[-49,18],[27,55],[413,55],[50,-77],[55,37],[62,-10],[129,77],[86,-21],[20,-34]],[[11996,5977],[57,-86],[-145,-62],[-15,-66],[-247,-24],[-115,22],[19,45],[-23,44],[51,50],[-83,47],[-62,-2],[47,59],[136,0],[380,-27]],[[10830,6150],[54,-11],[88,-51],[71,-87],[-111,-10],[31,-39],[137,-2],[92,33],[100,-52],[-17,-33],[66,-39],[-7,-55],[-210,6],[-322,146],[-5,41],[-69,16],[-79,-21],[-37,73],[29,78],[189,7]],[[4227,3750],[-252,-14],[-316,52],[-372,97],[-104,44],[20,120],[176,100],[175,-14],[150,-51],[396,-185],[138,-122],[-11,-27]],[[70041,4665],[76,-27],[199,3],[167,-25],[15,-26],[-120,-47],[-87,-11],[-188,12],[-134,-74],[-103,120],[82,54],[-43,46],[61,34],[55,-10],[20,-49]],[[30044,3753],[92,24],[160,-33],[51,-32],[-163,-37],[-283,60],[-35,43],[64,36],[114,-61]],[[29476,3929],[-24,-13],[-490,23],[-17,31],[208,44],[310,-69],[13,-16]],[[22130,3797],[-240,21],[-52,66],[23,73],[84,68],[143,65],[231,73],[388,119],[88,17],[63,-25],[-152,-110],[-233,-122],[-124,-72],[-88,-86],[-9,-64],[-122,-23]],[[24650,9547],[51,32],[70,-48],[5,-46],[-38,-27],[24,-27],[-79,4],[-28,20],[-10,-36],[-30,29],[-57,3],[57,26],[-25,54],[-51,-14],[25,80],[70,41],[30,-23],[-14,-68]],[[25118,9871],[75,-12],[0,-54],[-120,20],[-127,-51],[-25,37],[24,37],[69,29],[92,10],[12,-16]],[[24624,10335],[61,-11],[7,-29],[-65,-21],[-38,5],[-7,-39],[-57,12],[-26,-41],[-45,28],[-37,-14],[64,74],[58,26],[85,10]],[[23574,9394],[-20,-38],[71,19],[18,-19],[-88,-53],[-57,-7],[-37,-36],[-107,50],[20,42],[100,59],[-2,29],[40,31],[52,-24],[10,-53]],[[23746,9410],[-51,-33],[-34,16],[54,96],[-26,35],[57,38],[54,-46],[-25,-85],[-29,-21]],[[22604,8288],[-38,-31],[-30,10],[-52,-74],[-65,-4],[-39,52],[3,73],[53,63],[97,158],[102,66],[31,-31],[-51,-50],[-7,-69],[56,-43],[-110,-82],[50,-38]],[[21450,7125],[31,-32],[-132,-74],[-121,-33],[-277,-44],[-49,16],[-16,54],[94,39],[166,23],[41,61],[44,-8],[41,-60],[26,76],[69,-25],[16,37],[67,-30]],[[21191,7459],[36,-9],[75,-73],[-47,-67],[-36,-17],[-177,30],[-17,42],[26,37],[69,16],[15,33],[56,8]],[[21319,6219],[-63,-65],[61,-70],[-42,-54],[-268,103],[-31,28],[7,62],[104,-8],[53,36],[-99,48],[72,22],[182,-27],[50,-38],[-26,-37]],[[17928,6188],[-71,-5],[31,105],[-63,105],[74,28],[100,-23],[6,-141],[-77,-69]],[[70153,4363],[-53,-40],[-89,10],[-132,-31],[-35,80],[152,-39],[128,75],[29,-55]],[[56701,8949],[-87,-8],[-56,36],[28,50],[95,32],[69,-34],[3,-34],[-52,-42]],[[41743,7219],[-78,-25],[-94,28],[-4,63],[64,47],[78,-15],[34,-98]],[[35134,7156],[-53,-22],[-57,58],[75,18],[35,-54]],[[35662,7162],[-44,17],[42,53],[68,24],[48,-15],[-5,-69],[-109,-10]],[[22970,3651],[-148,62],[-35,54],[-147,79],[362,-29],[88,-53],[15,-68],[-135,-45]],[[22750,3881],[-35,-18],[-224,23],[104,78],[194,-16],[-39,-67]],[[25191,10589],[-26,-10],[-18,65],[144,-17],[-78,-19],[-22,-19]],[[25049,9737],[-17,-16],[-51,53],[71,11],[28,-32],[-31,-16]],[[24773,9358],[-42,39],[111,47],[-19,-50],[-50,-36]],[[25011,9906],[-60,-34],[-52,46],[25,23],[86,-11],[1,-24]],[[24746,9637],[31,-25],[-80,8],[49,17]],[[23813,7461],[-18,-3],[-27,87],[-70,115],[25,13],[65,-25],[61,-60],[-36,-127]],[[24090,10096],[97,5],[59,-25],[-75,-48],[-32,48],[-64,-2],[-74,-21],[-18,33],[36,-1],[35,43],[36,-32]],[[21797,7470],[-44,-16],[-116,35],[-36,43],[47,43],[79,-29],[70,-76]],[[17147,6378],[-38,24],[131,49],[29,-54],[-122,-19]],[[15228,6194],[-69,-13],[-51,77],[32,19],[88,-83]],[[12199,5846],[-72,11],[49,34],[-28,64],[57,15],[113,-13],[-20,-69],[-99,-42]],[[10621,5658],[-30,-7],[-117,64],[-7,51],[182,-36],[-28,-72]],[[3634,2532],[-213,8],[-151,93],[201,-8],[235,-60],[-72,-33]],[[3942,3094],[-666,54],[-21,44],[135,16],[150,-12],[307,-55],[95,-47]],[[69413,5581],[-47,44],[94,38],[-47,-82]],[[69210,5310],[-36,-47],[-40,10],[76,37]],[[70597,6032],[-73,24],[61,80],[36,-70],[-24,-34]],[[69586,8264],[-28,-7],[-2,110],[48,-69],[-18,-34]],[[69138,8655],[-20,-16],[-42,45],[1,54],[61,-83]],[[55820,8817],[64,-8],[1,-52],[-109,-9],[1,53],[43,16]],[[56557,8751],[-38,10],[43,28],[-5,-38]],[[56270,8658],[-50,32],[71,-14],[-21,-18]],[[57189,9035],[-52,3],[-6,46],[-65,28],[21,39],[49,-23],[10,-51],[43,-42]],[[55010,8901],[-54,1],[-6,37],[67,-9],[-7,-29]],[[53642,8480],[-35,-10],[-58,46],[-4,48],[94,-18],[26,-44],[-23,-22]],[[53787,8548],[-62,13],[30,21],[55,-16],[-23,-18]],[[53543,8605],[-39,-9],[-3,44],[42,-35]],[[50433,6653],[-26,-47],[-20,29],[46,18]],[[50139,6512],[54,78],[18,-51],[-72,-27]],[[50853,7126],[-69,50],[-2,59],[30,27],[61,-115],[-20,-21]],[[46120,8542],[-49,-5],[11,35],[56,1],[28,-29],[-46,-2]],[[39597,7356],[-13,-24],[-110,49],[18,61],[110,25],[76,-16],[-62,-35],[-19,-60]],[[36936,7139],[-68,-10],[-13,46],[88,43],[38,-24],[-45,-55]],[[35727,6912],[-71,5],[9,55],[62,-60]],[[36586,7265],[-18,-47],[-45,58],[8,64],[77,4],[10,-35],[-32,-44]],[[35812,7076],[89,-19],[-56,-83],[-83,-45],[-4,68],[-41,48],[-107,62],[159,-4],[43,-27]],[[37237,7183],[-80,22],[-12,47],[86,14],[24,-43],[-18,-40]],[[32165,5929],[-9,-81],[46,-78],[-13,-64],[-72,20],[-27,78],[-38,34],[-154,28],[130,25],[53,40],[32,75],[57,21],[-5,-98]],[[33074,6373],[-43,-9],[-40,64],[43,19],[40,-74]],[[33799,6559],[-42,-5],[-49,45],[17,24],[74,-64]],[[29797,3799],[-7,51],[89,-12],[-82,-39]],[[25412,10560],[-24,20],[34,41],[-10,-61]],[[24450,10191],[-45,-17],[-28,24],[28,16],[45,-23]],[[23982,7368],[-50,16],[51,18],[-1,-34]],[[24083,7812],[-72,22],[40,8],[32,-30]],[[24066,7097],[-47,41],[18,30],[67,4],[13,-51],[-51,-24]],[[24104,6971],[-79,32],[33,19],[50,-17],[-4,-34]],[[24339,10139],[-55,33],[54,-5],[1,-28]],[[24114,9946],[-38,-10],[11,37],[27,-27]],[[24084,9616],[-32,11],[19,61],[31,-10],[-18,-62]],[[23822,9538],[-14,18],[45,23],[-31,-41]],[[23546,9250],[-48,-17],[20,41],[57,21],[-29,-45]],[[23688,9909],[18,54],[42,18],[-60,-72]],[[23036,8889],[-66,-9],[21,73],[47,52],[40,-8],[-36,-51],[-6,-57]],[[22885,8757],[-45,-41],[8,74],[29,16],[8,-49]],[[22730,8501],[-47,7],[17,44],[36,1],[-6,-52]],[[22733,8181],[-70,1],[-10,37],[38,21],[82,-17],[-40,-42]],[[21856,7261],[71,-19],[-69,-46],[-2,65]],[[21415,6124],[-54,15],[63,74],[59,-4],[-68,-85]],[[12766,5826],[-99,-10],[-30,40],[201,80],[46,-16],[-118,-94]],[[9607,5724],[-94,-7],[62,28],[32,-21]],[[9875,5672],[-157,15],[-65,43],[115,36],[124,-31],[-17,-63]],[[7015,5257],[-184,51],[51,25],[97,-30],[36,-46]],[[6739,4797],[-96,-11],[-1,57],[170,-17],[16,-24],[-89,-5]],[[6337,4781],[-131,5],[2,34],[161,-29],[-32,-10]],[[6188,4887],[136,-1],[59,-27],[-90,-17],[-85,8],[-20,37]],[[6007,4865],[-85,-4],[-37,27],[133,9],[-11,-32]],[[6722,5060],[-41,-5],[-91,42],[-3,31],[83,-13],[52,-55]],[[6702,4918],[-24,-30],[-90,35],[44,32],[70,-37]],[[5974,4647],[-225,35],[99,20],[126,-55]],[[5261,3667],[-204,25],[-21,24],[-143,26],[16,23],[352,-98]],[[6209,4739],[-100,-3],[-148,19],[-66,35],[80,30],[105,9],[129,-90]],[[4442,2905],[-187,119],[218,-92],[-31,-27]],[[23608,39764],[-2,-18],[-21,18]],[[72488,29979],[-3,-4],[1,26],[2,-22]]],"transform":{"scale":[0.004955469599570526,0.0027177001894265543],"translate":[-180,-89.998926]},"objects":{"in":{"type":"GeometryCollection","geometries":[{"arcs":[[0,1,2,3]],"type":"Polygon","properties":{"country_code":"ZWE","zone_id":"ZWE","name":"Zimbabwe"}},{"arcs":[[-3,4,5,6,7,8,9]],"type":"Polygon","properties":{"country_code":"ZMB","zone_id":"ZMB","name":"Zambia"}},{"arcs":[[[10,11,12]],[[13]],[[14]]],"type":"MultiPolygon","properties":{"country_code":"YEM","zone_id":"YEM","name":"Yemen"}},{"arcs":[[[15]],[[16,17,18,19]],[[20]],[[21]],[[22]],[[23]]],"type":"MultiPolygon","properties":{"country_code":"VNM","zone_id":"VNM","name":"Vietnam"}},{"arcs":[[[24]],[[25]],[[26]],[[27]],[[28,29,30,31]]],"type":"MultiPolygon","properties":{"country_code":"VEN","zone_id":"VEN","name":"Venezuela"}},{"arcs":[[32]],"type":"Polygon","properties":{"country_code":"VAT","zone_id":"VAT","name":"Vatican"}},{"arcs":[[[33]],[[34]],[[35]],[[36]],[[37]],[[38]],[[39]],[[40]],[[41]],[[42]],[[43]],[[44]],[[45]],[[46]]],"type":"MultiPolygon","properties":{"country_code":"VUT","zone_id":"VUT","name":"Vanuatu"}},{"arcs":[[[47,48,49,50,51]],[[52]]],"type":"MultiPolygon","properties":{"country_code":"UZB","zone_id":"UZB","name":"Uzbekistan"}},{"arcs":[[53,54,55]],"type":"Polygon","properties":{"country_code":"URY","zone_id":"URY","name":"Uruguay"}},{"arcs":[[56]],"type":"Polygon","properties":{"country_code":"FSM","zone_id":"FSM","name":"Federated States of Micronesia"}},{"arcs":[[57]],"type":"Polygon","properties":{"country_code":"MHL","zone_id":"MHL","name":"Marshall Islands"}},{"arcs":[[58]],"type":"Polygon","properties":{"country_code":"MNP","zone_id":"MNP","name":"Northern Mariana Islands"}},{"arcs":[[59]],"type":"Polygon","properties":{"country_code":"VIR","zone_id":"VIR","name":"United States Virgin Islands"}},{"arcs":[[60]],"type":"Polygon","properties":{"country_code":"GUM","zone_id":"GUM","name":"Guam"}},{"arcs":[[61]],"type":"Polygon","properties":{"country_code":"ASM","zone_id":"ASM","name":"American Samoa"}},{"arcs":[[[62]],[[63]]],"type":"MultiPolygon","properties":{"country_code":"PRI","zone_id":"PRI","name":"Puerto Rico"}},{"arcs":[[[64]],[[65]],[[66]],[[67]],[[68]],[[69]],[[70]],[[71]],[[72]],[[73,74,75,76]],[[77]],[[78]],[[79]],[[80]],[[81]],[[82]],[[83]],[[84]],[[85]],[[86]],[[87]],[[88]],[[89]],[[90]],[[91]],[[92]],[[93]],[[94]],[[95]],[[96]],[[97]],[[98]],[[99]],[[100]],[[101]],[[102]],[[103]],[[104]],[[105]],[[106]],[[107]],[[108]],[[109]],[[110]],[[111]],[[112]],[[113]],[[114]],[[115]],[[116]],[[117]],[[118]],[[119]],[[120]],[[121]],[[122]],[[123]],[[124]],[[125]],[[126]],[[127]],[[128]],[[129]],[[130]],[[131]],[[132]],[[133,134,135,136,137]],[[138]],[[139]],[[140]],[[141]],[[142]],[[143]],[[144]],[[145]],[[146]],[[147]],[[148]],[[149]],[[150]],[[151]],[[152]],[[153]],[[154]],[[155]],[[156]],[[157]],[[158]],[[159]],[[160]],[[161]],[[162]],[[163]],[[164]]],"type":"MultiPolygon","properties":{"country_code":"USA","zone_id":"USA","name":"United States of America"}},{"arcs":[[165]],"type":"Polygon","properties":{"country_code":"SGS","zone_id":"SGS","name":"South Georgia and the Islands"}},{"arcs":[[166]],"type":"Polygon","properties":{"country_code":"IOT","zone_id":"IOT","name":"British Indian Ocean Territory"}},{"arcs":[[167]],"type":"Polygon","properties":{"country_code":"SHN","zone_id":"SHN","name":"Saint Helena"}},{"arcs":[[168]],"type":"Polygon","properties":{"country_code":"PCN","zone_id":"PCN","name":"Pitcairn Islands"}},{"arcs":[[169]],"type":"Polygon","properties":{"country_code":"AIA","zone_id":"AIA","name":"Anguilla"}},{"arcs":[[[170]],[[171]],[[172]],[[173]]],"type":"MultiPolygon","properties":{"country_code":"FLK","zone_id":"FLK","name":"Falkland Islands"}},{"arcs":[[174]],"type":"Polygon","properties":{"country_code":"CYM","zone_id":"CYM","name":"Cayman Islands"}},{"arcs":[[175]],"type":"Polygon","properties":{"country_code":"BMU","zone_id":"BMU","name":"Bermuda"}},{"arcs":[[176]],"type":"Polygon","properties":{"country_code":"VGB","zone_id":"VGB","name":"British Virgin Islands"}},{"arcs":[[[177]],[[178]],[[179]]],"type":"MultiPolygon","properties":{"country_code":"TCA","zone_id":"TCA","name":"Turks and Caicos Islands"}},{"arcs":[[180]],"type":"Polygon","properties":{"country_code":"MSR","zone_id":"MSR","name":"Montserrat"}},{"arcs":[[181]],"type":"Polygon","properties":{"country_code":"JEY","zone_id":"JEY","name":"Jersey"}},{"arcs":[[182]],"type":"Polygon","properties":{"country_code":"GGY","zone_id":"GGY","name":"Guernsey"}},{"arcs":[[183]],"type":"Polygon","properties":{"country_code":"IMN","zone_id":"IMN","name":"Isle of Man"}},{"arcs":[[[184]],[[185]],[[186]],[[187]],[[188]],[[189]],[[190]],[[191]],[[192]],[[193]],[[194]],[[195]],[[196]],[[197]],[[198]],[[199]],[[200,201]],[[202]]],"type":"MultiPolygon","properties":{"country_code":"GBR","zone_id":"GBR","name":"United Kingdom"}},{"arcs":[[[203,204,205,206,207]],[[208]],[[209]]],"type":"MultiPolygon","properties":{"country_code":"ARE","zone_id":"ARE","name":"United Arab Emirates"}},{"arcs":[[[210,211,212,213,214,215,216,217,218,219,220]],[[221]]],"type":"MultiPolygon","properties":{"country_code":"UKR","zone_id":"UKR","name":"Ukraine"}},{"arcs":[[222,223,224,225,226]],"type":"Polygon","properties":{"country_code":"UGA","zone_id":"UGA","name":"Uganda"}},{"arcs":[[[-51,227,228,229,230]],[[231]]],"type":"MultiPolygon","properties":{"country_code":"TKM","zone_id":"TKM","name":"Turkmenistan"}},{"arcs":[[[232]],[[233,234,235,236,237,238,239]],[[240,241,242]]],"type":"MultiPolygon","properties":{"country_code":"TUR","zone_id":"TUR","name":"Turkey"}},{"arcs":[[[243,244,245]],[[246]],[[247]]],"type":"MultiPolygon","properties":{"country_code":"TUN","zone_id":"TUN","name":"Tunisia"}},{"arcs":[[[248]],[[249]]],"type":"MultiPolygon","properties":{"country_code":"TTO","zone_id":"TTO","name":"Trinidad and Tobago"}},{"arcs":[[[250]],[[251]],[[252]]],"type":"MultiPolygon","properties":{"country_code":"TON","zone_id":"TON","name":"Tonga"}},{"arcs":[[253,254,255,256]],"type":"Polygon","properties":{"country_code":"TGO","zone_id":"TGO","name":"Togo"}},{"arcs":[[[257]],[[258,259]],[[260,261]]],"type":"MultiPolygon","properties":{"country_code":"TLS","zone_id":"TLS","name":"East Timor"}},{"arcs":[[[262]],[[263]],[[264,265,266,267,268,269]],[[270]],[[271]],[[272]]],"type":"MultiPolygon","properties":{"country_code":"THA","zone_id":"THA","name":"Thailand"}},{"arcs":[[[-8,273,274,275,-223,276,277,278,279]],[[280]],[[281]],[[282]]],"type":"MultiPolygon","properties":{"country_code":"TZA","zone_id":"TZA","name":"United Republic of Tanzania"}},{"arcs":[[[-49,283,284,285]],[[286]]],"type":"MultiPolygon","properties":{"country_code":"TJK","zone_id":"TJK","name":"Tajikistan"}},{"arcs":[[[287]],[[288]]],"type":"MultiPolygon","properties":{"country_code":"TWN","zone_id":"TWN","name":"Taiwan"}},{"arcs":[[-239,289,290,291,292,293,294]],"type":"Polygon","properties":{"country_code":"SYR","zone_id":"SYR","name":"Syria"}},{"arcs":[[295,296,297,298,299,300]],"type":"Polygon","properties":{"country_code":"CHE","zone_id":"CHE","name":"Switzerland"}},{"arcs":[[[301]],[[302]],[[303,304,305]]],"type":"MultiPolygon","properties":{"country_code":"SWE","zone_id":"SWE","name":"Sweden"}},{"arcs":[[306,307]],"type":"Polygon","properties":{"country_code":"SWZ","zone_id":"SWZ","name":"eSwatini"}},{"arcs":[[308,309,310,311]],"type":"Polygon","properties":{"country_code":"SUR","zone_id":"SUR","name":"Suriname"}},{"arcs":[[-226,312,313,314,315,316]],"type":"Polygon","properties":{"country_code":"SDS","zone_id":"SDS","name":"South Sudan"}},{"arcs":[[-315,317,318,319,320,321,322,323]],"type":"Polygon","properties":{"country_code":"SDN","zone_id":"SDN","name":"Sudan"}},{"arcs":[[[324]],[[325]],[[326]]],"type":"MultiPolygon","properties":{"country_code":"LKA","zone_id":"LKA","name":"Sri Lanka"}},{"arcs":[[[327]],[[328]],[[329]],[[330]],[[331,332,333,334,335,336]],[[337]],[[338]],[[339]],[[340]],[[341]],[[342]],[[343]]],"type":"MultiPolygon","properties":{"country_code":"ESP","zone_id":"ESP","name":"Spain"}},{"arcs":[[[344,345]],[[346]],[[347]],[[348]],[[349]],[[350]],[[351]],[[352]]],"type":"MultiPolygon","properties":{"country_code":"KOR","zone_id":"KOR","name":"South Korea"}},{"arcs":[[[-1,353,-308,354,355,356,357],[358]],[[359]]],"type":"MultiPolygon","properties":{"country_code":"ZAF","zone_id":"ZAF","name":"South Africa"}},{"arcs":[[360,361,362,363]],"type":"Polygon","properties":{"country_code":"SOM","zone_id":"SOM","name":"Somalia"}},{"arcs":[[-363,364,365,366]],"type":"Polygon","properties":{"country_code":"SOL","zone_id":"SOL","name":"Somaliland"}},{"arcs":[[[367]],[[368]],[[369]],[[370]],[[371]],[[372]],[[373]],[[374]],[[375]],[[376]],[[377]],[[378]],[[379]],[[380]],[[381]],[[382]],[[383]],[[384]],[[385]],[[386]],[[387]]],"type":"MultiPolygon","properties":{"country_code":"SLB","zone_id":"SLB","name":"Solomon Islands"}},{"arcs":[[-218,388,389,390,391]],"type":"Polygon","properties":{"country_code":"SVK","zone_id":"SVK","name":"Slovakia"}},{"arcs":[[392,393,394,395,396]],"type":"Polygon","properties":{"country_code":"SVN","zone_id":"SVN","name":"Slovenia"}},{"arcs":[[397]],"type":"Polygon","properties":{"country_code":"SGP","zone_id":"SGP","name":"Singapore"}},{"arcs":[[[398,399,400]],[[401]]],"type":"MultiPolygon","properties":{"country_code":"SLE","zone_id":"SLE","name":"Sierra Leone"}},{"arcs":[[402]],"type":"Polygon","properties":{"country_code":"SYC","zone_id":"SYC","name":"Seychelles"}},{"arcs":[[403,404,405,406,407,408,409,410]],"type":"Polygon","properties":{"country_code":"SRB","zone_id":"SRB","name":"Republic of Serbia"}},{"arcs":[[411,412,413,414,415,416,417]],"type":"Polygon","properties":{"country_code":"SEN","zone_id":"SEN","name":"Senegal"}},{"arcs":[[[-12,418,419,420,421,422,423,424,-206,425]],[[426]],[[427]]],"type":"MultiPolygon","properties":{"country_code":"SAU","zone_id":"SAU","name":"Saudi Arabia"}},{"arcs":[[[428]],[[429]]],"type":"MultiPolygon","properties":{"country_code":"STP","zone_id":"STP","name":"São Tomé and Principe"}},{"arcs":[[430]],"type":"Polygon","properties":{"country_code":"SMR","zone_id":"SMR","name":"San Marino"}},{"arcs":[[[431]],[[432]]],"type":"MultiPolygon","properties":{"country_code":"WSM","zone_id":"WSM","name":"Samoa"}},{"arcs":[[433]],"type":"Polygon","properties":{"country_code":"VCT","zone_id":"VCT","name":"Saint Vincent and the Grenadines"}},{"arcs":[[434]],"type":"Polygon","properties":{"country_code":"LCA","zone_id":"LCA","name":"Saint Lucia"}},{"arcs":[[435]],"type":"Polygon","properties":{"country_code":"KNA","zone_id":"KNA","name":"Saint Kitts and Nevis"}},{"arcs":[[-224,-276,436,437]],"type":"Polygon","properties":{"country_code":"RWA","zone_id":"RWA","name":"Rwanda"}},{"arcs":[[[-212,438]],[[439,440,441,442,443,444,445,446,447,-221,448,449,450,451,452,453,454]],[[455]],[[456]],[[457]],[[458]],[[459]],[[460]],[[461]],[[462]],[[463]],[[464]],[[465]],[[466]],[[467]],[[468]],[[469]],[[470]],[[471]],[[472]],[[473]],[[474]],[[475]],[[476]],[[477]],[[478]],[[479]],[[480]],[[481]],[[482]],[[483]],[[484]],[[485]],[[486]],[[487]],[[488]],[[489]],[[490]],[[491]],[[492]],[[493]],[[494]],[[495]],[[496]],[[497]],[[498]],[[499]],[[500]],[[501]],[[502]],[[503]],[[504]],[[505]],[[506]],[[507]],[[508]],[[509]],[[510]],[[511]],[[512]],[[513]],[[514]],[[515]],[[516]],[[517]],[[518]],[[519]],[[520]],[[521]],[[522]],[[523]],[[524]],[[525]],[[526]],[[527]],[[528]],[[529]],[[530]],[[531]],[[532]],[[533]],[[534]],[[535]],[[536]],[[537]],[[538,539,540,541,542]]],"type":"MultiPolygon","properties":{"country_code":"RUS","zone_id":"RUS","name":"Russia"}},{"arcs":[[-214,543,544,-411,545,-216,546]],"type":"Polygon","properties":{"country_code":"ROU","zone_id":"ROU","name":"Romania"}},{"arcs":[[-424,547]],"type":"Polygon","properties":{"country_code":"QAT","zone_id":"QAT","name":"Qatar"}},{"arcs":[[[-336,548]],[[549]],[[550]],[[551]],[[552]],[[553]],[[554]],[[555]],[[556]]],"type":"MultiPolygon","properties":{"country_code":"PRT","zone_id":"PRT","name":"Portugal"}},{"arcs":[[-219,-392,557,558,559,560,561,-541,562,563]],"type":"Polygon","properties":{"country_code":"POL","zone_id":"POL","name":"Poland"}},{"arcs":[[[564]],[[565]],[[566]],[[567]],[[568]],[[569]],[[570]],[[571]],[[572]],[[573]],[[574]],[[575]],[[576]],[[577]],[[578]],[[579]],[[580]],[[581]],[[582]],[[583]],[[584]],[[585]],[[586]],[[587]],[[588]],[[589]],[[590]],[[591]],[[592]],[[593]],[[594]],[[595]],[[596]],[[597]],[[598]],[[599]],[[600]],[[601]],[[602]],[[603]],[[604]],[[605]],[[606]],[[607]]],"type":"MultiPolygon","properties":{"country_code":"PHL","zone_id":"PHL","name":"Philippines"}},{"arcs":[[608,609,610,611,612,613]],"type":"Polygon","properties":{"country_code":"PER","zone_id":"PER","name":"Peru"}},{"arcs":[[614,615,616]],"type":"Polygon","properties":{"country_code":"PRY","zone_id":"PRY","name":"Paraguay"}},{"arcs":[[[617]],[[618]],[[619,620]],[[621]],[[622]],[[623]],[[624]],[[625]],[[626]],[[627]],[[628]],[[629]],[[630]],[[631]],[[632]],[[633]],[[634]],[[635]],[[636]],[[637]],[[638]],[[639]],[[640]],[[641]]],"type":"MultiPolygon","properties":{"country_code":"PNG","zone_id":"PNG","name":"Papua New Guinea"}},{"arcs":[[[642,643,644,645]],[[646]],[[647]]],"type":"MultiPolygon","properties":{"country_code":"PAN","zone_id":"PAN","name":"Panama"}},{"arcs":[[648]],"type":"Polygon","properties":{"country_code":"PLW","zone_id":"PLW","name":"Palau"}},{"arcs":[[649,650,651,652,653,654]],"type":"Polygon","properties":{"country_code":"PAK","zone_id":"PAK","name":"Pakistan"}},{"arcs":[[[-13,-426,-205,655]],[[-208,656]],[[657]]],"type":"MultiPolygon","properties":{"country_code":"OMN","zone_id":"OMN","name":"Oman"}},{"arcs":[[[-304,658,-454,659]],[[660]],[[661]],[[662]],[[663]],[[664]],[[665]],[[666]],[[667]],[[668]],[[669]],[[670]],[[671]],[[672]],[[673]],[[674]],[[675]],[[676]],[[677]],[[678]],[[679]],[[680]],[[681]],[[682]],[[683]],[[684]],[[685]],[[686]],[[687]],[[688]]],"type":"MultiPolygon","properties":{"country_code":"NOR","zone_id":"NOR","name":"Norway"}},{"arcs":[[-345,689,690,-440,691]],"type":"Polygon","properties":{"country_code":"PRK","zone_id":"PRK","name":"North Korea"}},{"arcs":[[[692]],[[693,694,695,696,697]]],"type":"MultiPolygon","properties":{"country_code":"NGA","zone_id":"NGA","name":"Nigeria"}},{"arcs":[[-698,698,699,700,701,702,703]],"type":"Polygon","properties":{"country_code":"NER","zone_id":"NER","name":"Niger"}},{"arcs":[[704,705,706,707]],"type":"Polygon","properties":{"country_code":"NIC","zone_id":"NIC","name":"Nicaragua"}},{"arcs":[[[708]],[[709]],[[710]],[[711]],[[712]],[[713]],[[714]],[[715]],[[716]],[[717]]],"type":"MultiPolygon","properties":{"country_code":"NZL","zone_id":"NZL","name":"New Zealand"}},{"arcs":[[718]],"type":"Polygon","properties":{"country_code":"NIU","zone_id":"NIU","name":"Niue"}},{"arcs":[[719]],"type":"Polygon","properties":{"country_code":"COK","zone_id":"COK","name":"Cook Islands"}},{"arcs":[[[720,721,722]],[[723,724]],[[725]],[[726]],[[727]]],"type":"MultiPolygon","properties":{"country_code":"NLD","zone_id":"NLD","name":"Netherlands"}},{"arcs":[[728]],"type":"Polygon","properties":{"country_code":"ABW","zone_id":"ABW","name":"Aruba"}},{"arcs":[[729]],"type":"Polygon","properties":{"country_code":"CUW","zone_id":"CUW","name":"Curaçao"}},{"arcs":[[730,731]],"type":"Polygon","properties":{"country_code":"NPL","zone_id":"NPL","name":"Nepal"}},{"arcs":[[732]],"type":"Polygon","properties":{"country_code":"NRU","zone_id":"NRU","name":"Nauru"}},{"arcs":[[-5,733,-357,734,735]],"type":"Polygon","properties":{"country_code":"NAM","zone_id":"NAM","name":"Namibia"}},{"arcs":[[-4,-10,736,-279,737,-355,-307,-354],[738]],"type":"Polygon","properties":{"country_code":"MOZ","zone_id":"MOZ","name":"Mozambique"}},{"arcs":[[739,740,741]],"type":"Polygon","properties":{"country_code":"MAR","zone_id":"MAR","name":"Morocco"}},{"arcs":[[742,743,744,-741]],"type":"Polygon","properties":{"country_code":"SAH","zone_id":"SAH","name":"Western Sahara"}},{"arcs":[[-407,745,746,747,748,749]],"type":"Polygon","properties":{"country_code":"MNE","zone_id":"MNE","name":"Montenegro"}},{"arcs":[[-442,750]],"type":"Polygon","properties":{"country_code":"MNG","zone_id":"MNG","name":"Mongolia"}},{"arcs":[[-215,-547]],"type":"Polygon","properties":{"country_code":"MDA","zone_id":"MDA","name":"Moldova"}},{"arcs":[[751,752]],"type":"Polygon","properties":{"country_code":"MCO","zone_id":"MCO","name":"Monaco"}},{"arcs":[[[-136,753,754,755,756]],[[757]],[[758]],[[759]],[[760]],[[761]],[[762]],[[763]],[[764]],[[765]],[[766]],[[767]],[[768]],[[769]]],"type":"MultiPolygon","properties":{"country_code":"MEX","zone_id":"MEX","name":"Mexico"}},{"arcs":[[770]],"type":"Polygon","properties":{"country_code":"MUS","zone_id":"MUS","name":"Mauritius"}},{"arcs":[[[-418,771,-744,772,773]],[[774]]],"type":"MultiPolygon","properties":{"country_code":"MRT","zone_id":"MRT","name":"Mauritania"}},{"arcs":[[775]],"type":"Polygon","properties":{"country_code":"MLT","zone_id":"MLT","name":"Malta"}},{"arcs":[[-412,-774,776,-701,777,778,779]],"type":"Polygon","properties":{"country_code":"MLI","zone_id":"MLI","name":"Mali"}},{"arcs":[[780]],"type":"Polygon","properties":{"country_code":"MDV","zone_id":"MDV","name":"Maldives"}},{"arcs":[[[-268,781]],[[782,783,784,785,786]],[[787]],[[788]],[[789]],[[790]],[[791]],[[792,793]]],"type":"MultiPolygon","properties":{"country_code":"MYS","zone_id":"MYS","name":"Malaysia"}},{"arcs":[[[-9,-280,-737]],[[-739]]],"type":"MultiPolygon","properties":{"country_code":"MWI","zone_id":"MWI","name":"Malawi"}},{"arcs":[[[794]],[[795]],[[796]]],"type":"MultiPolygon","properties":{"country_code":"MDG","zone_id":"MDG","name":"Madagascar"}},{"arcs":[[-405,797,798,799,800]],"type":"Polygon","properties":{"country_code":"MKD","zone_id":"MKD","name":"North Macedonia"}},{"arcs":[[801,802,803]],"type":"Polygon","properties":{"country_code":"LUX","zone_id":"LUX","name":"Luxembourg"}},{"arcs":[[[-540,804,805,806,-563]],[[-543,807]]],"type":"MultiPolygon","properties":{"country_code":"LTU","zone_id":"LTU","name":"Lithuania"}},{"arcs":[[-297,808]],"type":"Polygon","properties":{"country_code":"LIE","zone_id":"LIE","name":"Liechtenstein"}},{"arcs":[[-244,809,810,-320,811,-703,812]],"type":"Polygon","properties":{"country_code":"LBY","zone_id":"LBY","name":"Libya"}},{"arcs":[[-399,813,814,815]],"type":"Polygon","properties":{"country_code":"LBR","zone_id":"LBR","name":"Liberia"}},{"arcs":[[-359]],"type":"Polygon","properties":{"country_code":"LSO","zone_id":"LSO","name":"Lesotho"}},{"arcs":[[-294,816,817,818]],"type":"Polygon","properties":{"country_code":"LBN","zone_id":"LBN","name":"Lebanon"}},{"arcs":[[-806,819,820,-450,821]],"type":"Polygon","properties":{"country_code":"LVA","zone_id":"LVA","name":"Latvia"}},{"arcs":[[-19,822,-265,823,824]],"type":"Polygon","properties":{"country_code":"LAO","zone_id":"LAO","name":"Laos"}},{"arcs":[[-48,825,826,-284],[-53],[-287]],"type":"Polygon","properties":{"country_code":"KGZ","zone_id":"KGZ","name":"Kyrgyzstan"}},{"arcs":[[[-422,827,828]],[[829]]],"type":"MultiPolygon","properties":{"country_code":"KWT","zone_id":"KWT","name":"Kuwait"}},{"arcs":[[-406,-801,830,-746]],"type":"Polygon","properties":{"country_code":"KOS","zone_id":"KOS","name":"Kosovo"}},{"arcs":[[831]],"type":"Polygon","properties":{"country_code":"KIR","zone_id":"KIR","name":"Kiribati"}},{"arcs":[[[-227,-317,832,-361,833,-277]],[[834]]],"type":"MultiPolygon","properties":{"country_code":"KEN","zone_id":"KEN","name":"Kenya"}},{"arcs":[[[-52,-231,835,-444,836,-826]],[[837]],[[838]]],"type":"MultiPolygon","properties":{"country_code":"KAZ","zone_id":"KAZ","name":"Kazakhstan"}},{"arcs":[[-291,839,-420,840,841,842,843]],"type":"Polygon","properties":{"country_code":"JOR","zone_id":"JOR","name":"Jordan"}},{"arcs":[[[844]],[[845]],[[846]],[[847]],[[848]],[[849]],[[850]],[[851]],[[852]],[[853]],[[854]],[[855]],[[856]],[[857]],[[858]],[[859]],[[860]],[[861]],[[862]],[[863]],[[864]],[[865]],[[866]],[[867]],[[868]],[[869]],[[870]],[[871]],[[872]]],"type":"MultiPolygon","properties":{"country_code":"JPN","zone_id":"JPN","name":"Japan"}},{"arcs":[[873]],"type":"Polygon","properties":{"country_code":"JAM","zone_id":"JAM","name":"Jamaica"}},{"arcs":[[[-299,874,-395,875,876],[-33],[-431]],[[877]],[[878]],[[879]],[[880]]],"type":"MultiPolygon","properties":{"country_code":"ITA","zone_id":"ITA","name":"Italy"}},{"arcs":[[881,-292,-844,882,-842,883,884,885,886,-818]],"type":"Polygon","properties":{"country_code":"ISR","zone_id":"ISR","name":"Israel"}},{"arcs":[[[-843,-883]],[[-886,887,888]]],"type":"MultiPolygon","properties":{"country_code":"PSX","zone_id":"PSX","name":"Palestine"}},{"arcs":[[[-201,889]],[[890]]],"type":"MultiPolygon","properties":{"country_code":"IRL","zone_id":"IRL","name":"Ireland"}},{"arcs":[[-238,891,892,-828,-421,-840,-290]],"type":"Polygon","properties":{"country_code":"IRQ","zone_id":"IRQ","name":"Iraq"}},{"arcs":[[[-229,893,-653,894,-892,-237,895,896,897,898]],[[899]]],"type":"MultiPolygon","properties":{"country_code":"IRN","zone_id":"IRN","name":"Iran"}},{"arcs":[[[-259,900,-262,901]],[[-620,902]],[[-783,903]],[[-793,904]],[[905]],[[906]],[[907]],[[908]],[[909]],[[910]],[[911]],[[912]],[[913]],[[914]],[[915]],[[916]],[[917]],[[918]],[[919]],[[920]],[[921]],[[922]],[[923]],[[924]],[[925]],[[926]],[[927]],[[928]],[[929]],[[930]],[[931]],[[932]],[[933]],[[934]],[[935]],[[936]],[[937]],[[938]],[[939]],[[940]],[[941]],[[942]],[[943]],[[944]],[[945]],[[946]],[[947]],[[948]],[[949]],[[950]],[[951]],[[952]],[[953]],[[954]],[[955]],[[956]],[[957]],[[958]],[[959]],[[960]],[[961]],[[962]],[[963]],[[964]],[[965]],[[966]],[[967]],[[968]],[[969]],[[970]],[[971]],[[972]],[[973]],[[974]],[[975]],[[976]],[[977]],[[978]],[[979]],[[980]],[[981]],[[982]],[[983]],[[984]],[[985]],[[986]],[[987]],[[988]],[[989]],[[990]],[[991]],[[992]],[[993]],[[994]],[[995]],[[996]],[[997]],[[998]],[[999]],[[1000]],[[1001]],[[1002]],[[1003]],[[1004]],[[1005]],[[1006]],[[1007]],[[1008]],[[1009]],[[1010]],[[1011]],[[1012]],[[1013]],[[1014]],[[1015]],[[1016]],[[1017]],[[1018]]],"type":"MultiPolygon","properties":{"country_code":"IDN","zone_id":"IDN","name":"Indonesia"}},{"arcs":[[[-651,1019,1020,-731,1021,1022,1023,1024,1025,1026]],[[1027]],[[1028]],[[1029]],[[1030]],[[1031]],[[1032]],[[1033]],[[1034]],[[1035]]],"type":"MultiPolygon","properties":{"country_code":"IND","zone_id":"IND","name":"India"}},{"arcs":[[1036]],"type":"Polygon","properties":{"country_code":"ISL","zone_id":"ISL","name":"Iceland"}},{"arcs":[[-217,-546,-410,1037,-397,1038,-389]],"type":"Polygon","properties":{"country_code":"HUN","zone_id":"HUN","name":"Hungary"}},{"arcs":[[[-708,1039,1040,1041,1042]],[[1043]]],"type":"MultiPolygon","properties":{"country_code":"HND","zone_id":"HND","name":"Honduras"}},{"arcs":[[[1044,1045]],[[1046]],[[1047]]],"type":"MultiPolygon","properties":{"country_code":"HTI","zone_id":"HTI","name":"Haiti"}},{"arcs":[[-29,1048,-311,1049]],"type":"Polygon","properties":{"country_code":"GUY","zone_id":"GUY","name":"Guyana"}},{"arcs":[[[-414,1050,1051]],[[1052]],[[1053]],[[1054]],[[1055]]],"type":"MultiPolygon","properties":{"country_code":"GNB","zone_id":"GNB","name":"Guinea-Bissau"}},{"arcs":[[-401,1056,-1051,-413,-780,1057,-814]],"type":"Polygon","properties":{"country_code":"GIN","zone_id":"GIN","name":"Guinea"}},{"arcs":[[-756,1058,1059,-1042,1060,1061]],"type":"Polygon","properties":{"country_code":"GTM","zone_id":"GTM","name":"Guatemala"}},{"arcs":[[1062]],"type":"Polygon","properties":{"country_code":"GRD","zone_id":"GRD","name":"Grenada"}},{"arcs":[[[-242,1063,1064,-799,1065]],[[1066]],[[1067]],[[1068]],[[1069]],[[1070]],[[1071]],[[1072]],[[1073]],[[1074]],[[1075]],[[1076]],[[1077]],[[1078]],[[1079]],[[1080]],[[1081]],[[1082]],[[1083]],[[1084]],[[1085]],[[1086]],[[1087]],[[1088]],[[1089]],[[1090]],[[1091]],[[1092]],[[1093]],[[1094]],[[1095]],[[1096]]],"type":"MultiPolygon","properties":{"country_code":"GRC","zone_id":"GRC","name":"Greece"}},{"arcs":[[-256,1097,1098,1099,1100,1101]],"type":"Polygon","properties":{"country_code":"GHA","zone_id":"GHA","name":"Ghana"}},{"arcs":[[[-301,1102,-802,1103,-723,1104,1105,1106,-559,1107,1108]],[[-561,1109]],[[1110]],[[1111]],[[1112]]],"type":"MultiPolygon","properties":{"country_code":"DEU","zone_id":"DEU","name":"Germany"}},{"arcs":[[-234,1113,-447,1114,1115]],"type":"Polygon","properties":{"country_code":"GEO","zone_id":"GEO","name":"Georgia"}},{"arcs":[[-416,1116]],"type":"Polygon","properties":{"country_code":"GMB","zone_id":"GMB","name":"Gambia"}},{"arcs":[[1117,1118,1119,1120]],"type":"Polygon","properties":{"country_code":"GAB","zone_id":"GAB","name":"Gabon"}},{"arcs":[[[-300,-877,1121,-753,1122,-334,1123,-332,1124,1125,-803,-1103]],[[-309,1126,1127]],[[1128]],[[1129]],[[1130]],[[1131]],[[1132]],[[1133]],[[1134]],[[1135]]],"type":"MultiPolygon","properties":{"country_code":"FRA","zone_id":"FRA","name":"France"}},{"arcs":[[1136]],"type":"Polygon","properties":{"country_code":"SPM","zone_id":"SPM","name":"Saint Pierre and Miquelon"}},{"arcs":[[1137]],"type":"Polygon","properties":{"country_code":"WLF","zone_id":"WLF","name":"Wallis and Futuna"}},{"arcs":[[1138,1139]],"type":"Polygon","properties":{"country_code":"MAF","zone_id":"MAF","name":"Saint Martin"}},{"arcs":[[1140]],"type":"Polygon","properties":{"country_code":"BLM","zone_id":"BLM","name":"Saint Barthelemy"}},{"arcs":[[[1141]],[[1142]],[[1143]],[[1144]],[[1145]],[[1146]],[[1147]],[[1148]]],"type":"MultiPolygon","properties":{"country_code":"PYF","zone_id":"PYF","name":"French Polynesia"}},{"arcs":[[[1149]],[[1150]],[[1151]],[[1152]],[[1153]]],"type":"MultiPolygon","properties":{"country_code":"NCL","zone_id":"NCL","name":"New Caledonia"}},{"arcs":[[[1154]],[[1155]],[[1156]]],"type":"MultiPolygon","properties":{"country_code":"ATF","zone_id":"ATF","name":"French Southern and Antarctic Lands"}},{"arcs":[[1157]],"type":"Polygon","properties":{"country_code":"ALD","zone_id":"ALD","name":"Aland"}},{"arcs":[[[-305,-660,-453,1158]],[[1159]],[[1160]],[[1161]],[[1162]],[[1163]]],"type":"MultiPolygon","properties":{"country_code":"FIN","zone_id":"FIN","name":"Finland"}},{"arcs":[[[1164]],[[1165]],[[1166]],[[1167]],[[1168]],[[1169]],[[1170]],[[1171]]],"type":"MultiPolygon","properties":{"country_code":"FJI","zone_id":"FJI","name":"Fiji"}},{"arcs":[[-316,-324,1172,1173,-365,-362,-833]],"type":"Polygon","properties":{"country_code":"ETH","zone_id":"ETH","name":"Ethiopia"}},{"arcs":[[[-821,1174,-451]],[[1175]],[[1176]],[[1177]]],"type":"MultiPolygon","properties":{"country_code":"EST","zone_id":"EST","name":"Estonia"}},{"arcs":[[[-323,1178,1179,-1173]],[[1180]],[[1181]]],"type":"MultiPolygon","properties":{"country_code":"ERI","zone_id":"ERI","name":"Eritrea"}},{"arcs":[[[-1120,1182,1183]],[[1184]]],"type":"MultiPolygon","properties":{"country_code":"GNQ","zone_id":"GNQ","name":"Equatorial Guinea"}},{"arcs":[[-1041,1185,-1061]],"type":"Polygon","properties":{"country_code":"SLV","zone_id":"SLV","name":"El Salvador"}},{"arcs":[[-321,-811,1186,-888,-885,1187]],"type":"Polygon","properties":{"country_code":"EGY","zone_id":"EGY","name":"Egypt"}},{"arcs":[[[-613,1188,1189]],[[1190]],[[1191]],[[1192]],[[1193]],[[1194]],[[1195]],[[1196]],[[1197]]],"type":"MultiPolygon","properties":{"country_code":"ECU","zone_id":"ECU","name":"Ecuador"}},{"arcs":[[-1045,1198]],"type":"Polygon","properties":{"country_code":"DOM","zone_id":"DOM","name":"Dominican Republic"}},{"arcs":[[1199]],"type":"Polygon","properties":{"country_code":"DMA","zone_id":"DMA","name":"Dominica"}},{"arcs":[[-366,-1174,-1180,1200]],"type":"Polygon","properties":{"country_code":"DJI","zone_id":"DJI","name":"Djibouti"}},{"arcs":[[[1201]],[[1202]],[[1203]],[[1204]],[[1205]],[[1206]],[[1207]],[[1208]],[[1209]],[[1210]],[[1211]],[[1212]],[[1213]],[[1214]],[[1215]],[[1216]],[[1217]]],"type":"MultiPolygon","properties":{"country_code":"GRL","zone_id":"GRL","name":"Greenland"}},{"arcs":[[[1218]],[[1219]],[[1220]],[[1221]],[[1222]]],"type":"MultiPolygon","properties":{"country_code":"FRO","zone_id":"FRO","name":"Faroe Islands"}},{"arcs":[[[-1106,1223]],[[1224]],[[1225]],[[1226]],[[1227]],[[1228]],[[1229]],[[1230]],[[1231]],[[1232]],[[1233]]],"type":"MultiPolygon","properties":{"country_code":"DNK","zone_id":"DNK","name":"Denmark"}},{"arcs":[[-391,1234,-1108,-558]],"type":"Polygon","properties":{"country_code":"CZE","zone_id":"CZE","name":"Czechia"}},{"arcs":[[1235,1236]],"type":"Polygon","properties":{"country_code":"CYN","zone_id":"CYN","name":"Northern Cyprus"}},{"arcs":[[-1236,1237]],"type":"Polygon","properties":{"country_code":"CYP","zone_id":"CYP","name":"Cyprus"}},{"arcs":[[[1238]],[[1239]],[[1240]],[[1241]],[[1242]],[[1243]],[[1244]]],"type":"MultiPolygon","properties":{"country_code":"CUB","zone_id":"CUB","name":"Cuba"}},{"arcs":[[[-393,-1038,-409,1245,1246]],[[-749,1247,1248]],[[1249]],[[1250]],[[1251]],[[1252]],[[1253]],[[1254]],[[1255]],[[1256]],[[1257]]],"type":"MultiPolygon","properties":{"country_code":"HRV","zone_id":"HRV","name":"Croatia"}},{"arcs":[[-779,1258,-1101,1259,-815,-1058]],"type":"Polygon","properties":{"country_code":"CIV","zone_id":"CIV","name":"Ivory Coast"}},{"arcs":[[-645,1261,-706,1262]],"type":"Polygon","properties":{"country_code":"CRI","zone_id":"CRI","name":"Costa Rica"}},{"arcs":[[-7,1263,1264,1265,1266,1267,-313,-225,-438,1268,-274]],"type":"Polygon","properties":{"country_code":"COD","zone_id":"COD","name":"Democratic Republic of the Congo"}},{"arcs":[[-1118,1269,1270,-1267,1271,1272]],"type":"Polygon","properties":{"country_code":"COG","zone_id":"COG","name":"Republic of the Congo"}},{"arcs":[[[1273]],[[1274]],[[1275]]],"type":"MultiPolygon","properties":{"country_code":"COM","zone_id":"COM","name":"Comoros"}},{"arcs":[[[-31,1276,-614,-1190,1277,-643,1278]],[[1279]]],"type":"MultiPolygon","properties":{"country_code":"COL","zone_id":"COL","name":"Colombia"}},{"arcs":[[[-20,-825,1280,-1024,1281,-1022,-732,-1021,1282,-655,1283,-285,-827,-837,-443,-751,-441,-691,1284,1285,1286,1287,1288]],[[1289]],[[1290]],[[1291]],[[1292]],[[1293]],[[1294]],[[1295]],[[1296]],[[1297]],[[1298]]],"type":"MultiPolygon","properties":{"country_code":"CHN","zone_id":"CHN","name":"China"}},{"arcs":[[-1288,1299]],"type":"Polygon","properties":{"country_code":"MAC","zone_id":"MAC","name":"Macao S.A.R"}},{"arcs":[[[-1286,1300]],[[1301]]],"type":"MultiPolygon","properties":{"country_code":"HKG","zone_id":"HKG","name":"Hong Kong S.A.R."}},{"arcs":[[[-611,1302,1303,1304]],[[1305]],[[1306]],[[1307,1308]],[[1309]],[[1310]],[[1311]],[[1312]],[[1313]],[[1314]],[[1315]],[[1316]],[[1317]],[[1318]],[[1319]],[[1320]],[[1321]],[[1322]],[[1323]],[[1324]],[[1325]],[[1326]],[[1327]],[[1328]],[[1329]],[[1330]],[[1331]],[[1332]],[[1333]]],"type":"MultiPolygon","properties":{"country_code":"CHL","zone_id":"CHL","name":"Chile"}},{"arcs":[[-319,1334,1335,-694,-704,-812]],"type":"Polygon","properties":{"country_code":"TCD","zone_id":"TCD","name":"Chad"}},{"arcs":[[-314,-1268,-1271,1336,-1335,-318]],"type":"Polygon","properties":{"country_code":"CAF","zone_id":"CAF","name":"Central African Republic"}},{"arcs":[[[1337]],[[1338]],[[1339]],[[1340]],[[1341]],[[1342]],[[1343]],[[1344]]],"type":"MultiPolygon","properties":{"country_code":"CPV","zone_id":"CPV","name":"Cabo Verde"}},{"arcs":[[[-75,1345]],[[-77,1346,-138,1347]],[[-134,1348]],[[1349]],[[1350]],[[1351]],[[1352]],[[1353]],[[1354]],[[1355]],[[1356]],[[1357]],[[1358]],[[1359]],[[1360]],[[1361]],[[1362]],[[1363]],[[1364]],[[1365]],[[1366]],[[1367]],[[1368]],[[1369]],[[1370]],[[1371]],[[1372]],[[1373]],[[1374]],[[1375]],[[1376]],[[1377]],[[1378]],[[1379]],[[1380]],[[1381]],[[1382]],[[1383]],[[1384]],[[1385]],[[1386]],[[1387]],[[1388]],[[1389]],[[1390]],[[1391]],[[1392]],[[1393]],[[1394]],[[1395]],[[1396]],[[1397]],[[1398]],[[1399]],[[1400]],[[1401]],[[1402]],[[1403]],[[1404]],[[1405]],[[1406]],[[1407]],[[1408]],[[1409]],[[1410]],[[1411]],[[1412]],[[1413]],[[1414]],[[1415]],[[1416]],[[1417]],[[1418]],[[1419]],[[1420]],[[1421]],[[1422]],[[1423]],[[1424]],[[1425]],[[1426]],[[1427]],[[1428]],[[1429]],[[1430]],[[1431]],[[1432]],[[1433]],[[1434]],[[1435]],[[1436]],[[1437]],[[1438]],[[1439]],[[1440]],[[1441]],[[1442]],[[1443]],[[1444]],[[1445]],[[1446]],[[1447]],[[1448]],[[1449]],[[1450]],[[1451]],[[1452]],[[1453]],[[1454]],[[1455]],[[1456]],[[1457]],[[1458]],[[1459]],[[1460]],[[1461]],[[1462]],[[1463]],[[1464]],[[1465]],[[1466]],[[1467]],[[1468]],[[1469]],[[1470]],[[1471]],[[1472]]],"type":"MultiPolygon","properties":{"country_code":"CAN","zone_id":"CAN","name":"Canada"}},{"arcs":[[-695,-1336,-1337,-1270,-1121,-1184,1473]],"type":"Polygon","properties":{"country_code":"CMR","zone_id":"CMR","name":"Cameroon"}},{"arcs":[[-18,1474,-266,-823]],"type":"Polygon","properties":{"country_code":"KHM","zone_id":"KHM","name":"Cambodia"}},{"arcs":[[[-270,1475,1476,-1025,-1281,-824]],[[1477]],[[1478]],[[1479]],[[1480]],[[1481]],[[1482]],[[1483]],[[1484]],[[1485]],[[1486]],[[1487]],[[1488]],[[1489]],[[1490]],[[1491]],[[1492]],[[1493]],[[1494]]],"type":"MultiPolygon","properties":{"country_code":"MMR","zone_id":"MMR","name":"Myanmar"}},{"arcs":[[-275,-1269,-437]],"type":"Polygon","properties":{"country_code":"BDI","zone_id":"BDI","name":"Burundi"}},{"arcs":[[-257,-1102,-1259,-778,-700,1495]],"type":"Polygon","properties":{"country_code":"BFA","zone_id":"BFA","name":"Burkina Faso"}},{"arcs":[[-243,-1066,-798,-404,-545,1496]],"type":"Polygon","properties":{"country_code":"BGR","zone_id":"BGR","name":"Bulgaria"}},{"arcs":[[[-785,1497]],[[-786,1498]]],"type":"MultiPolygon","properties":{"country_code":"BRN","zone_id":"BRN","name":"Brunei"}},{"arcs":[[[-30,-1050,-310,-1128,1499,-56,1500,-615,1501,-609,-1277]],[[1502]],[[1503]],[[1504]],[[1505]],[[1506]],[[1507]],[[1508]],[[1509]],[[1510]],[[1511]],[[1512]],[[1513]],[[1514]],[[1515]],[[1516]],[[1517]]],"type":"MultiPolygon","properties":{"country_code":"BRA","zone_id":"BRA","name":"Brazil"}},{"arcs":[[-2,-358,-734]],"type":"Polygon","properties":{"country_code":"BWA","zone_id":"BWA","name":"Botswana"}},{"arcs":[[-750,-1249,1518,-1246,-408]],"type":"Polygon","properties":{"country_code":"BIH","zone_id":"BIH","name":"Bosnia and Herzegovina"}},{"arcs":[[-610,-1502,-617,1519,-1303]],"type":"Polygon","properties":{"country_code":"BOL","zone_id":"BOL","name":"Bolivia"}},{"arcs":[[-1023,-1282]],"type":"Polygon","properties":{"country_code":"BTN","zone_id":"BTN","name":"Bhutan"}},{"arcs":[[-254,-1496,-699,-697,1520]],"type":"Polygon","properties":{"country_code":"BEN","zone_id":"BEN","name":"Benin"}},{"arcs":[[[-755,1521,-1059]],[[1522]],[[1523]]],"type":"MultiPolygon","properties":{"country_code":"BLZ","zone_id":"BLZ","name":"Belize"}},{"arcs":[[-721,-1104,-804,-1126,1524,-724]],"type":"Polygon","properties":{"country_code":"BEL","zone_id":"BEL","name":"Belgium"}},{"arcs":[[-220,-564,-807,-822,-449]],"type":"Polygon","properties":{"country_code":"BLR","zone_id":"BLR","name":"Belarus"}},{"arcs":[[1525]],"type":"Polygon","properties":{"country_code":"BRB","zone_id":"BRB","name":"Barbados"}},{"arcs":[[[-1026,-1477,1526]],[[1527]],[[1528]],[[1529]],[[1530]]],"type":"MultiPolygon","properties":{"country_code":"BGD","zone_id":"BGD","name":"Bangladesh"}},{"arcs":[[1531]],"type":"Polygon","properties":{"country_code":"BHR","zone_id":"BHR","name":"Bahrain"}},{"arcs":[[[1532]],[[1533]],[[1534]],[[1535]],[[1536]],[[1537]],[[1538]],[[1539]],[[1540]],[[1541]],[[1542]],[[1543]],[[1544]],[[1545]],[[1546]]],"type":"MultiPolygon","properties":{"country_code":"BHS","zone_id":"BHS","name":"The Bahamas"}},{"arcs":[[[-236,1547,-896]],[[-898,1548,-1115,-446,1549]]],"type":"MultiPolygon","properties":{"country_code":"AZE","zone_id":"AZE","name":"Azerbaijan"}},{"arcs":[[-296,-1109,-1235,-390,-1039,-396,-875,-298,-809]],"type":"Polygon","properties":{"country_code":"AUT","zone_id":"AUT","name":"Austria"}},{"arcs":[[[1550]],[[1551]],[[1552]],[[1553]],[[1554]],[[1555]],[[1556]],[[1557]],[[1558]],[[1559]],[[1560]],[[1561]],[[1562]],[[1563]],[[1564]],[[1565]],[[1566]],[[1567]],[[1568]],[[1569]],[[1570]],[[1571]],[[1572]],[[1573]],[[1574]],[[1575]],[[1576]],[[1577]],[[1578]],[[1579]],[[1580]],[[1581]],[[1582]],[[1583]],[[1584]],[[1585]]],"type":"MultiPolygon","properties":{"country_code":"AUS","zone_id":"AUS","name":"Australia"}},{"arcs":[[1586]],"type":"Polygon","properties":{"country_code":"IOA","zone_id":"IOA","name":"Indian Ocean Territories"}},{"arcs":[[1587]],"type":"Polygon","properties":{"country_code":"HMD","zone_id":"HMD","name":"Heard Island and McDonald Islands"}},{"arcs":[[1588]],"type":"Polygon","properties":{"country_code":"NFK","zone_id":"NFK","name":"Norfolk Island"}},{"arcs":[[1589]],"type":"Polygon","properties":{"country_code":"ATC","zone_id":"ATC","name":"Ashmore and Cartier Islands"}},{"arcs":[[-235,-1116,-1549,-897,-1548]],"type":"Polygon","properties":{"country_code":"ARM","zone_id":"ARM","name":"Armenia"}},{"arcs":[[[-55,1590,-1304,-1520,-616,-1501]],[[-1308,1591]],[[1592]],[[1593]]],"type":"MultiPolygon","properties":{"country_code":"ARG","zone_id":"ARG","name":"Argentina"}},{"arcs":[[[1594]],[[1595]]],"type":"MultiPolygon","properties":{"country_code":"ATG","zone_id":"ATG","name":"Antigua and Barbuda"}},{"arcs":[[[-6,-736,1596,-1264]],[[-1266,1597,-1272]]],"type":"MultiPolygon","properties":{"country_code":"AGO","zone_id":"AGO","name":"Angola"}},{"arcs":[[-333,-1124]],"type":"Polygon","properties":{"country_code":"AND","zone_id":"AND","name":"Andorra"}},{"arcs":[[-245,-813,-702,-777,-773,-743,-740,1598]],"type":"Polygon","properties":{"country_code":"DZA","zone_id":"DZA","name":"Algeria"}},{"arcs":[[-747,-831,-800,-1065,1599]],"type":"Polygon","properties":{"country_code":"ALB","zone_id":"ALB","name":"Albania"}},{"arcs":[[-50,-286,-1284,-654,-894,-228]],"type":"Polygon","properties":{"country_code":"AFG","zone_id":"AFG","name":"Afghanistan"}},{"arcs":[[-650,-1283,-1020]],"type":"Polygon","properties":{"country_code":"KAS","zone_id":"KAS","name":"Siachen Glacier"}},{"arcs":[[[1600]],[[1601]],[[1602]],[[1603]],[[1604]],[[1605]],[[1606]],[[1607]],[[1608]],[[1609]],[[1610]],[[1611]],[[1612]],[[1613]],[[1614]],[[1615]],[[1616]],[[1617]],[[1618]],[[1619]],[[1620]],[[1621]],[[1622]],[[1623]],[[1624]],[[1625]],[[1626]],[[1627]],[[1628]],[[1629]],[[1630]],[[1631]],[[1632]],[[1633]],[[1634]],[[1635]],[[1636]],[[1637]],[[1638]],[[1639]],[[1640]],[[1641]],[[1642]],[[1643]],[[1644]],[[1645]],[[1646]],[[1647]],[[1648]],[[1649]],[[1650]],[[1651]],[[1652]],[[1653]],[[1654]],[[1655]],[[1656]],[[1657]],[[1658]],[[1659]],[[1660]],[[1661]],[[1662]],[[1663]],[[1664]],[[1665]],[[1666]],[[1667]],[[1668]],[[1669]],[[1670]],[[1671]],[[1672]],[[1673]],[[1674]],[[1675]],[[1676]],[[1677]],[[1678]],[[1679]],[[1680]],[[1681]],[[1682]],[[1683]],[[1684]],[[1685]],[[1686]],[[1687]],[[1688]],[[1689]],[[1690]],[[1691]],[[1692]],[[1693]],[[1694]],[[1695]],[[1696]],[[1697]],[[1698]],[[1699]],[[1700]],[[1701]],[[1702]]],"type":"MultiPolygon","properties":{"country_code":"ATA","zone_id":"ATA","name":"Antarctica"}},{"arcs":[[-1139,1703]],"type":"Polygon","properties":{"country_code":"SXM","zone_id":"SXM","name":"Sint Maarten"}},{"arcs":[[1704]],"type":"Polygon","properties":{"country_code":"TUV","zone_id":"TUV","name":"Tuvalu"}}]}}}