{"type":"Topology","arcs":[[[39428,49384],[28,-114],[-29,-63],[10,-65],[-28,-19],[-48,57],[-45,-38],[-88,-23],[-113,41],[-57,-57],[32,-36],[54,-20],[69,24],[27,-85],[-76,-76],[-15,28],[-69,-1],[-60,-162],[60,-46],[77,15],[12,25],[37,-34],[-1,-63],[35,-46],[118,8],[-14,-60],[6,-78],[-17,-62],[61,-62],[-23,-1],[-4,-80],[-42,-1],[-91,-85],[16,-37],[-26,-22],[91,-70],[-43,-120],[114,22],[63,57],[127,-22],[52,17],[-53,-58],[8,-24],[59,-2],[73,-42],[42,-72],[-74,1],[-29,-37],[-143,-38],[57,-97],[-103,3],[-36,-65],[-55,-23],[-36,-42],[40,-39],[21,-92],[32,-35],[-46,-25],[-86,-78],[-77,-8],[-118,34],[-40,-36],[83,-87],[51,-114],[-1,-47],[-81,0],[-38,-29],[-115,-42],[49,-98],[56,-80],[-7,-86],[-36,-31],[-24,-75],[60,2],[30,-40],[-41,-15],[91,-15],[-35,-149]],[[39106,46349],[-58,-3],[-85,63],[-74,-33],[-20,-77],[11,-68],[-40,-7],[0,48],[-37,-34],[-119,1],[-60,23],[8,-26],[-131,30],[-65,3],[-63,-86],[-140,36],[-107,-44],[-46,47],[-24,-18],[-24,50],[-36,13],[-23,-47],[-45,10],[-48,-42],[-30,45],[-51,-35],[-53,-4],[-63,-113],[-21,55],[-46,-4],[-47,26],[-82,-24],[-66,3],[-41,-101],[-2,-50],[32,-30],[-71,-58],[-56,-90],[52,-49],[-39,-37],[50,-59],[-22,-65],[91,-29],[-9,-63],[22,-81],[-55,8],[-78,-103],[20,-32],[-73,-103],[-10,-52],[-54,-15],[-18,30],[-73,-23],[3,-57],[-29,-26],[-54,-2],[-95,-90],[7,-102]],[[36919,44858],[-317,-48],[-36,-57],[-104,-87],[-55,-1],[-15,-29],[-90,12],[-20,68],[8,70],[47,42],[6,48],[-39,-12],[-35,30],[-9,-28],[-59,19],[-34,-38],[-21,21],[-66,-16],[-75,25],[21,-42],[58,-44],[7,-49],[-158,-58],[-28,-48],[-50,-35],[-140,3],[-37,-28],[-92,111],[-23,11],[-169,-50],[-127,-1],[-20,63],[-151,-3],[-73,-86],[-142,-5],[-117,17],[-48,-44],[-53,19],[7,40],[73,36],[33,74],[72,108],[106,-54],[46,65],[-4,56],[-38,32],[73,100],[-10,77],[-32,51],[-3,66],[-30,11],[-3,82],[-101,3],[-35,36],[11,33],[-44,38],[-76,-34],[-28,33],[-29,-13],[-76,48],[-26,121],[25,57],[-20,93],[-66,87],[-20,5],[-138,-46],[-53,-1],[-22,39],[-53,16],[-32,69],[-31,-6],[-20,39],[-51,-10],[-77,-150],[-57,30],[-75,14],[-64,-94],[-35,-13],[19,117],[-52,1],[38,89],[-59,5],[-43,37],[-37,-14],[-40,50],[-88,-62],[-26,-53],[-7,-83],[-132,14],[18,-61],[37,-40],[-127,5],[-116,-15],[14,68],[-34,2],[-113,-92],[-132,12],[-3,-29],[-49,-44],[-18,26],[-57,6],[-22,-20],[-70,-9],[-146,23],[44,47],[-79,-2],[-27,89],[65,48],[26,-22],[-21,69],[36,34],[-54,70],[22,38],[-10,73],[72,51],[-50,35],[19,39],[-27,36],[-44,1],[34,61],[19,81],[-146,28],[-65,-19],[3,48],[-32,13],[29,50],[34,-5],[-15,100],[30,41],[-33,-2],[-32,67],[4,40],[-34,4],[-6,-65],[-62,-15],[-13,-45],[-149,8],[-65,46],[-58,-5],[-38,138],[-160,-7],[8,43],[-54,57],[22,20],[-49,38],[23,45],[-35,22],[-33,181],[53,171],[-42,-7],[-70,82],[12,28],[-37,36],[-52,8],[-85,-23],[-83,35],[-33,46],[77,137],[-19,58],[-126,-23],[-22,29],[-74,-12],[-50,59],[14,33],[-40,30],[4,34],[-55,50],[22,41],[-100,-11],[-83,84],[-8,39],[48,139],[-80,35],[-56,8],[-24,43],[68,34],[-19,19],[43,69],[19,-4],[67,103],[20,-1],[29,79],[-83,84],[-117,10],[22,74],[-33,26],[-23,89],[21,58],[-2,59],[54,39],[-56,96],[68,28],[18,35],[-94,35],[31,106],[-108,48],[-7,-23],[-58,54],[80,119],[-112,94],[28,40],[-32,76],[-90,18],[-20,-22],[-32,37],[17,52],[-43,37]],[[30361,49970],[43,82],[-45,-6],[-8,51],[-34,26],[21,33],[100,59],[-48,35],[-44,-30],[-106,3],[-19,-31],[-42,92],[85,81],[-11,83],[-92,82],[0,56],[-52,76],[4,47],[66,70],[76,-78],[41,-4],[73,49],[30,52],[20,81],[32,-73],[91,36],[77,-30],[70,61],[138,32],[24,-36],[66,54],[-26,52],[46,60],[9,45],[55,43],[73,101],[-21,84],[52,57],[-16,22],[43,84],[-18,38],[25,37],[-12,38],[35,109],[-9,54],[77,79],[32,7],[26,50]],[[31288,51883],[38,59],[12,-52],[115,-64],[-29,-14],[-2,-68],[-87,-24],[4,-31],[43,-12],[8,-39],[49,-2],[16,-91],[67,-40],[134,74],[28,-40],[20,36],[84,-48],[-10,-29],[70,40],[48,-43],[-13,-53],[45,35],[63,-3],[85,35],[48,-72],[202,65],[16,-27],[68,2],[50,21],[58,68],[77,-48],[53,-4],[91,83],[54,-3],[64,68],[199,66],[-4,-67],[34,-60],[55,10],[16,-28],[68,45],[32,-14],[10,-71],[15,35],[111,-48],[-33,-38],[51,-57],[61,42],[-28,37],[59,-19],[95,16],[41,34],[76,-90],[-49,-31],[-37,-50],[30,-19],[140,5],[39,38],[27,-17],[83,27],[11,71],[49,34],[8,53],[45,16],[115,-106],[106,-150],[59,79],[37,-9],[50,-57],[100,19],[127,-43],[-25,-78],[53,11],[51,37],[15,-34],[46,-4],[18,-46],[108,-40],[19,-31],[-54,-41],[-7,-33],[94,-14],[94,-30],[9,130],[31,-19],[78,48],[-25,-74],[31,-93],[93,-43],[20,-74],[68,8],[57,86],[58,4],[47,84],[36,-61],[41,10],[105,-64],[100,-106],[-23,-47],[70,-16],[70,64],[54,-29],[12,-66],[85,2],[58,27],[95,70],[-86,51],[94,-2],[-22,38],[115,58],[49,-67],[63,-29],[52,13],[44,-97],[72,0],[79,61],[33,-15],[30,54],[100,-51],[52,22],[27,-25],[24,72],[50,-17],[39,37],[28,-14],[18,-97],[52,-21],[20,85],[44,37],[67,11],[74,-37],[5,23],[100,-22],[39,31],[-34,39],[4,37],[60,102],[52,-38],[63,-1],[59,-28],[63,13],[67,-13],[36,-36],[97,-15],[-54,-107],[60,-36],[46,-55],[25,-113],[36,2],[-4,-44],[-40,-9],[-2,-69],[-87,-65],[30,-77],[60,3],[77,-29],[44,-51],[10,-46],[91,-35],[9,-77],[60,1],[35,-29],[50,-154],[-12,-28],[53,-47],[58,19],[92,54],[38,-99],[1,-82],[78,-82],[92,61],[46,3],[36,61],[37,-119],[-23,-29],[-11,-76],[50,-32],[7,-113],[47,-5],[7,30],[58,3],[-24,-64],[30,-18],[77,26],[15,-34],[83,-12],[31,-26],[-32,-86],[79,-23],[36,74],[67,6]],[[37357,35863],[-34,-6],[-33,39],[-95,-20],[-86,45],[-79,0],[-33,-83],[-100,31],[-108,-53],[17,-42],[-162,-85],[4,-46],[-67,-43],[-84,-91],[13,-92],[-53,7],[-35,48],[-100,-15],[-48,8],[-44,-47],[2,-31],[-56,-28],[-15,33],[-54,-36],[-9,46],[-57,27],[-35,61],[16,20],[-51,48],[-47,-45],[-19,19],[-43,-34],[-19,-74],[28,-18],[-28,-29],[-75,5],[7,-48],[-66,-36],[29,-28],[-106,-53],[-44,-61],[-48,28],[-51,-13],[-15,-65],[22,-43],[40,14],[-23,-104],[-98,7],[-8,70],[-160,-78],[-5,-55],[108,-29],[17,-61],[-57,-75],[19,-65],[-92,-43],[43,-10],[18,-97],[57,27],[42,-62],[-6,-43],[34,-65],[1,-95],[24,-24],[-143,-69],[-45,-52],[-94,-36],[-76,-64],[-33,24],[6,40],[-46,10],[-37,-46],[-70,-16],[-1,80],[-64,-6],[-59,-44],[-56,-6],[-36,-29],[-38,28],[-90,5],[-23,-34],[-130,-15],[-92,1],[-77,-41],[-77,-73],[-50,-72],[28,-76],[-42,-66],[-69,45],[-40,-80],[-62,-92],[1,-86],[-30,-72],[19,-31]],[[33924,33402],[-120,17],[-23,22],[-75,-26],[-87,5],[-77,34],[-56,-33],[-112,-6],[-68,13],[-86,-35],[-69,8],[-39,-71],[-105,16],[-29,52],[-120,6],[-84,25],[-42,32],[-124,10],[-51,59],[-136,-15],[-80,-37],[-48,0],[-7,39],[-62,36],[-31,-37],[-67,25],[-20,-60],[-131,9],[-68,-53],[-105,42],[-3,46],[-60,51],[-21,52],[-202,-18],[-31,-14],[52,-64],[-19,-14],[25,-72],[-53,-93],[9,-49],[-52,-28],[-55,-73],[-74,12],[-49,88],[-37,22],[-39,62],[-96,-82],[-35,-71],[-57,-64],[-72,22],[-2,36],[-55,36],[0,38],[36,70],[-10,38],[-49,9],[-48,-26],[-15,-69],[-77,12],[-148,-111],[3,83],[-13,85],[-79,51],[-71,-41],[-8,-52],[-41,-41],[-16,-78],[-19,25],[-69,-30],[-57,-125],[-86,1],[-16,-64],[-37,-4],[25,-54],[-135,-43],[-8,75],[-117,89],[-27,53],[-98,113],[-54,10],[-80,-39],[-49,2],[31,-69],[-54,-13],[-16,-30],[35,-33],[-56,-19],[-51,25],[-37,-16],[-19,27],[-88,15],[-43,-11],[-46,-63],[-97,-10],[-37,85],[21,24],[-29,47],[-83,-85],[-43,-5],[-23,52],[90,114],[-22,27],[94,176],[-46,12],[-30,-31],[-58,0],[12,78],[-78,34],[-78,16],[-74,145],[100,-5],[-82,111],[-28,70],[72,30],[-109,125],[-97,81],[-76,31],[-42,-20],[-57,31],[-69,-27],[-56,12],[-71,-11],[-14,34],[23,55],[-25,94],[-21,26],[-82,-14],[-61,8],[-7,42],[-38,9],[-46,-23],[-28,46],[-74,18],[-16,89],[-100,15],[-40,72],[-4,76],[-57,62],[57,132],[52,13],[-50,98],[18,76],[-40,9],[67,76],[51,17],[-13,48],[-77,124],[23,45],[-46,33],[-6,37],[-106,15],[-83,109],[-6,34],[-51,2],[-65,90],[-26,16],[7,53],[-61,19],[-19,74],[23,30],[-32,33],[-4,127],[-65,30],[-36,78],[43,30],[-28,23],[-99,-11],[-11,37],[26,28],[-22,34],[-60,-40],[-31,64],[-62,43],[-32,71],[-103,109],[18,78],[-20,61],[11,77],[-21,90],[-25,45],[-16,115],[-48,19],[-94,6],[-23,49],[-51,19],[-39,-20],[-71,77],[12,38],[-23,30],[-130,-5],[-64,-14],[-40,12],[27,-71],[-4,-54],[26,-49],[69,-15],[35,-30],[2,-93],[-15,-14],[-155,-8],[-115,31],[-53,-29],[-65,-2],[-38,29],[-158,-78],[-118,-46],[-28,-76],[-90,52],[-62,-9],[-178,89],[-27,-10],[-59,-76],[-109,-33],[-57,42],[-46,117],[30,47],[-44,55],[45,41],[-74,78],[56,8],[41,49],[-37,30],[9,55],[-38,57],[53,40],[-21,83],[17,38],[-18,57],[-33,8],[-137,-73],[-14,78],[-24,6],[35,78],[-101,25],[-56,-48],[-115,-71],[-72,80],[-14,-30],[-62,-1],[-7,70],[123,132],[-76,88],[-6,63],[-78,-47],[-16,-43],[-127,47],[-6,47],[32,58],[-61,-25],[-16,55],[-76,2],[-10,-52],[-67,9],[-27,-23],[-36,35],[23,52],[-14,95],[-58,-21],[-19,78],[-35,57]],[[23743,38287],[44,82],[14,90],[-62,46],[70,125],[51,6],[-32,21],[7,111],[-28,69],[44,41],[-12,56],[24,63],[39,24],[5,50],[-51,7],[33,39],[68,129],[39,25],[42,85],[-4,40],[94,25],[42,60],[-6,61],[-25,47],[41,3],[153,119],[-70,35],[9,66],[-72,20],[57,35],[38,71],[29,9],[20,56],[-20,189],[44,51],[20,90],[68,130],[47,48],[-4,49],[31,113],[-39,17],[-8,-35],[-57,26],[11,45],[-52,18],[24,25],[44,108],[-12,22],[39,78],[88,33],[-22,44],[20,35],[-7,104],[17,39],[69,10],[76,-30],[1,-40],[35,-28],[157,-23],[55,3],[75,-67],[6,-38],[105,-28],[72,-43],[70,59],[39,6],[-36,105],[-50,104],[-42,15],[-46,53],[0,31],[77,91],[8,26],[61,-14],[53,-52],[8,-43],[66,-57],[119,10],[32,60],[-2,68],[73,55],[33,-25],[85,9],[68,53],[139,23],[73,65],[-4,30],[93,-19],[81,33],[50,63],[32,2],[19,70],[-20,5],[-47,-56],[-40,18],[-12,100],[-57,58],[63,70],[68,15],[7,44],[45,45],[4,62],[137,45],[117,94],[67,-37],[50,20],[-11,50],[-49,36],[53,66],[51,-19],[92,135],[62,131],[81,42],[22,-19],[29,54],[-4,72],[-67,59],[25,48],[-33,162],[18,57],[44,17],[22,41],[65,23],[23,-81],[78,-74],[26,29],[-12,71],[-35,27],[39,33],[-35,24],[16,80],[31,41],[90,17],[47,33],[-50,171],[-44,24],[-43,112],[63,48],[3,82],[41,67],[-18,98],[-52,-29],[-89,18],[-6,38],[-38,-7],[-16,74],[18,50],[-19,89],[41,13],[145,-9],[39,16],[6,100],[17,44],[-43,-3],[10,-29],[-118,26],[-4,34],[84,-3],[39,31],[65,128],[-23,69],[148,4],[126,15],[29,19],[-34,33],[11,33],[-102,66],[-134,57],[-75,-19],[-65,45],[-12,29],[-61,31],[-18,36],[-63,12],[9,42]],[[27143,45062],[51,21],[-14,51],[42,3],[70,56],[-60,106],[-71,96],[2,32],[-59,76],[-15,63],[49,105],[41,25],[-55,14],[-69,68],[-79,-32],[-25,9],[61,88],[0,57],[69,77],[6,45],[151,59],[46,-46],[64,28],[-12,40],[55,-27],[45,15],[45,58],[56,-20],[78,112],[37,-23],[34,28],[57,104],[69,60],[28,-1],[-29,70],[7,53],[52,61],[90,75],[-82,25],[-89,120],[-15,97],[82,31],[8,81],[-63,40],[57,34],[63,132],[-159,55],[-47,40],[73,80],[-193,133],[-75,22],[-50,-10],[-90,77],[-11,166],[-125,2],[-12,37],[44,99],[-23,91],[16,28],[-29,63],[-43,43],[64,89],[36,19],[43,-19],[60,47],[46,14],[-16,31],[38,43],[-7,36],[25,58],[82,47],[41,-65],[94,13],[5,-21],[159,53],[25,55],[72,29],[36,-28],[59,17],[85,0],[18,42],[39,-40],[40,18],[-18,52],[140,132],[24,-70],[77,55],[42,-56],[67,6],[37,33],[-2,75],[20,32],[-18,100],[13,20],[63,-26],[73,4],[-4,-67],[58,-41],[107,24],[98,-44],[70,-55],[44,36],[-46,26],[108,15],[45,-25],[-7,-47],[71,-8],[3,35],[78,10],[41,26],[111,-50],[55,14],[34,57],[116,82],[40,-18],[12,53],[-23,61],[-73,115],[23,116],[154,108],[52,72],[80,1],[37,33],[42,-8],[89,48],[21,35],[5,73],[22,60],[-45,11],[-9,99],[-52,66],[54,21],[7,64],[88,19],[44,-29],[52,33]],[[36919,44858],[78,11],[47,-79],[82,-21],[-7,26],[50,-9],[34,-83],[25,33],[38,-2],[45,-62],[34,-12],[-62,-115],[89,2],[35,-149],[27,2],[7,-140],[48,-54],[87,-25],[38,-42],[29,-89],[57,-35],[78,-26],[-110,-58],[18,-58],[52,-4],[42,-45],[-16,-66],[11,-81],[23,-2],[0,-82],[-88,-58],[-18,-100],[-32,13],[-66,-41],[-25,-74],[-63,-5],[-13,-29],[-50,-13],[-2,-89],[-58,-26],[-8,32],[-55,-42],[-66,1],[34,-42],[-45,-24],[-1,-76],[25,-63],[-64,-37],[58,-41],[56,-8],[39,-70],[-10,-101],[-78,-4],[6,-79],[37,-31],[28,-103],[-21,-103],[-161,-2],[-43,-38],[-110,-31],[-24,-64],[-55,4],[-31,-27],[-74,46],[-109,-27],[-94,-2],[-83,-46],[32,-55],[-46,-215],[53,-45],[84,68],[26,-42],[-25,-67],[92,-49],[126,-96],[-40,-78],[47,-77],[60,-4],[3,-25],[55,-53],[-82,-59],[-18,-63],[59,-122],[-41,-60],[66,-69],[29,4],[34,-52],[5,-53],[50,-27],[-60,-36],[-22,-43],[-202,56],[-23,-44],[-88,-44],[-74,2],[-3,-51],[-48,8],[-12,51],[-68,-60],[17,-49],[141,-136],[39,-48],[53,-193],[65,-61],[29,-95],[52,-111],[-2,-45],[-53,-75],[-2,-92],[-85,-145],[-25,-85],[-43,-80],[-57,-77],[-18,-56],[32,-118],[44,-40],[99,-32],[95,-90],[48,-70],[159,-110],[42,-59],[-23,-166],[17,-90],[59,-107],[69,-175],[28,-131],[22,-39],[-15,-90],[49,-68],[15,-241],[-58,-142],[21,-54],[143,-98],[42,-11],[52,-110],[-9,-119],[-32,-59],[-17,-151],[77,-159],[-68,-124],[-10,-56],[-40,-71],[-15,-71],[49,-52],[28,-108],[-8,-119],[19,-69],[-11,-35],[-57,-59],[20,-83],[-81,-87],[-42,-119]],[[39106,46349],[-6,-91],[38,-31],[26,-89],[107,104],[90,5],[20,-36],[104,2],[73,-62],[94,-140],[50,-28],[-5,-97],[89,11],[14,-92],[62,-9],[36,-35],[-10,-70],[-35,-21],[28,-38],[74,-11],[7,-23],[68,-30],[34,-111],[-41,-24],[-70,-91],[21,-47],[47,13],[31,-40],[-35,-37],[-13,-54],[-51,-63],[-113,-89],[86,-65],[135,86],[82,-53],[24,-67],[63,-98],[33,-129],[106,38],[9,63],[55,-67],[76,72],[-2,47],[-32,54],[20,31],[99,-37],[53,-56],[14,-72],[-55,-49],[-9,-75],[73,-40],[51,55],[43,-34],[11,-52],[54,-20],[64,-112],[-27,-24],[-7,-68],[33,-28],[110,-161],[-25,-31],[28,-39],[-27,-28],[36,-44],[58,-15],[11,-30],[71,-64],[25,-2],[11,-107],[-32,27],[-40,-24],[-69,3],[33,-61],[14,-72],[73,5],[-19,-53],[83,18],[25,81],[-17,58],[53,9],[41,-42],[57,-129],[-35,-80],[-16,-165],[-44,-60],[52,-27],[39,34],[21,-15],[36,43],[41,-17],[46,18],[12,-25],[66,33],[58,-31],[73,8],[58,63],[45,-34],[-5,-31],[60,-25],[26,32],[61,-53],[65,43],[-10,69],[19,23],[78,-18],[69,0],[4,-107],[60,21],[12,-25],[111,78],[36,-5],[-8,37],[73,85],[47,27],[70,-18],[16,-25],[1,-86],[75,6],[28,36],[-24,87],[-40,46],[39,41],[119,-26],[-2,-53],[-27,-74],[69,-60],[38,-72],[129,-41],[90,15],[42,75],[-10,64],[56,103],[32,-20],[107,-24],[121,27],[126,15],[95,41],[46,-18],[87,-63],[28,19],[77,5],[107,55],[113,-10],[61,22],[104,-17],[26,26],[-23,96],[-42,15],[-45,85],[0,35],[62,-13],[28,59],[35,11],[71,91],[174,15],[24,-46],[117,9],[38,-54],[44,22],[35,-38],[124,57],[90,-97],[134,-31],[182,24],[19,-75],[77,-52],[-70,-27],[-38,-133],[102,-18],[166,-2],[57,-60],[39,-76],[-90,-86],[1,-40],[-33,8],[-48,-49],[23,-54],[104,-74],[11,41],[78,121],[93,16],[29,-11],[51,-101],[6,-51],[60,-77],[-5,-96],[82,-35],[40,3],[42,-95],[-13,-84],[26,-1],[10,-48],[75,-21],[42,-105],[-53,-84],[-86,-33],[-32,-33],[-176,-85],[27,-11],[-14,-54],[27,-15],[-19,-39],[90,24],[10,22],[66,-27],[5,-68],[28,-72],[-43,-53],[61,20],[3,-52],[-33,-36],[11,-46],[-55,-54],[1,-36],[82,-65],[-14,-38],[106,16],[57,85],[92,54],[41,-10],[-21,-68],[17,-34],[127,16],[-37,-44],[-10,-53],[-31,-23],[45,-54],[72,2],[77,-79],[82,15],[22,-60],[37,15],[26,-33],[93,57],[81,124],[6,39],[75,3],[-22,-186],[69,-20],[43,-34],[61,-17],[127,-169],[52,40],[37,0],[-94,-169],[44,-44],[41,-86],[54,31],[43,0],[0,55],[74,53],[19,43],[68,11],[42,41],[77,-18],[29,-32],[-22,-56],[68,-31],[53,87],[32,-1],[-7,91],[60,110],[91,77],[-25,11],[28,163],[63,29],[63,-42],[62,-3],[104,27],[58,63],[133,-72],[81,-5],[50,74],[81,86],[41,65],[81,-46],[-2,-62],[37,-58],[18,-67],[21,24],[72,-12],[61,23],[81,-11],[90,67],[35,-23],[27,28],[45,-11],[18,68],[-7,65],[-43,47],[13,69],[38,23],[-30,30],[21,46],[74,51],[-16,41],[15,80],[-19,36],[-115,5],[-15,61],[21,119],[1,77],[63,89],[116,-12],[71,-20],[37,30],[13,61],[-13,114],[54,29],[23,40],[28,-25],[34,16],[111,-15],[-13,-59],[91,14],[42,64],[-21,69],[73,106],[67,136],[85,-34],[80,19],[16,47],[-28,100],[57,33],[-20,40],[33,50],[82,17],[6,111],[15,51],[65,46],[49,2],[9,-42],[46,-46],[-60,-70],[-39,-24],[-43,-91],[115,-5],[70,69],[8,64],[115,7],[29,-14],[45,103],[64,63],[-36,18],[31,49],[33,-6],[1,52],[40,38],[145,75],[36,-20],[78,15],[52,-17],[37,49],[65,27],[32,-45],[45,-18],[35,-49],[-15,-84],[31,-12],[-9,-52],[32,-75],[-62,-16],[-5,-31],[49,-9],[34,-80],[64,26],[70,-30],[-1,-28],[50,-5],[-13,-96],[42,-11],[22,35],[86,-19],[24,44],[34,-3],[122,97],[85,11],[52,-36],[73,-8],[55,46],[45,-9],[96,49],[54,-22],[50,14],[15,-30],[60,-20],[14,-65],[107,4],[20,-48],[76,-109],[48,-39],[-34,-48],[76,-87],[26,-53],[114,71],[187,45],[-1,35],[37,47],[52,104],[121,73],[60,15],[71,-88],[41,-8],[26,-57],[40,-24],[-12,-49],[21,-35],[106,-74],[76,-23],[124,-99],[89,-47],[35,-42],[119,-29],[2,-25],[83,-14],[44,-60],[-17,-51],[19,-33],[143,-100],[71,69],[15,-82],[34,-33],[-8,-35],[53,-49],[16,-61],[76,-18],[57,-33],[82,3],[64,-52],[73,11],[14,-33],[131,-99],[200,-55],[26,-65],[57,-54],[12,-53],[-47,-105],[62,-101],[35,-24],[-45,-49],[39,-20],[-56,-68],[23,-70],[-99,-4],[8,-57],[-61,-81],[1,-105],[20,-52],[-21,-17],[72,-57],[56,2],[27,47],[67,-18],[73,15],[72,-54],[-1,-36],[37,-88],[52,-31],[14,-39],[-7,-82],[54,-19],[78,-69],[35,-83],[-26,-92],[-34,-49]],[[56091,40518],[-65,-43],[-101,-7],[-68,-43],[-84,41],[-203,56],[-130,-59],[-7,-118],[24,-68],[40,5],[-13,-72],[20,-15],[-59,-41],[-87,-5],[-18,-62],[-117,-27],[5,-116],[-15,-64],[-85,3],[-19,-62],[-28,-6],[19,-44],[-40,-47],[-98,-65],[6,-37],[-26,-60],[18,-34],[97,46],[92,-27],[39,20],[190,9],[40,25],[51,-3],[79,63],[101,-21],[4,-40],[63,-8],[21,-71],[-14,-24],[56,-24],[-73,-113],[-57,11],[-109,-28],[29,-70],[-32,-76],[-66,-44],[-80,8],[-16,-35],[-114,2],[-36,-32],[49,-109],[-24,-107],[41,-70],[-56,-33],[-22,-49],[-50,-15],[-29,-53],[-65,-38],[-122,-94],[-27,-98],[-151,-93],[5,-21],[74,-24],[-38,-51],[-105,-74],[-98,-98],[-183,-65],[-88,-71],[-27,-2],[24,-89],[-21,-32],[-70,5],[-106,-68],[22,-14],[-34,-64],[-38,-21],[40,-48],[83,-55],[-101,-88],[-97,-19],[-76,-52],[-84,-157],[-105,-73],[-111,1],[-132,-80],[-217,-61],[-53,-29],[-39,55],[-93,-91],[-74,-111],[-62,-62],[-63,-36],[115,-182],[31,-70],[-21,-254],[-80,-127],[-9,-108],[-44,-23],[18,-72],[108,-85],[-29,-94],[-63,-50],[5,-26],[-43,-39],[-160,-55],[-30,-32],[15,-33],[-35,-49],[-63,-3],[6,-42],[-52,-7],[-37,-54],[-124,-55],[-127,-81],[-70,-23],[-59,-53],[7,-25],[-172,-159],[-116,-124],[-128,-104],[-5,-29],[-80,-37],[-32,-37],[-128,-97],[-70,-87],[209,-202],[-36,-41],[22,-16],[-45,-60],[-26,21],[-115,-140],[-73,-187],[-110,-102],[8,-79],[46,-41],[6,-42],[-48,-58],[-52,-105]],[[51216,33374],[-48,-21],[-19,-46],[-96,-134],[-52,-49],[-119,-86],[-33,-13],[-10,-42],[-99,-148],[-84,-167],[-71,33],[-27,-46],[-16,-86],[-33,-64],[-67,17],[-74,-114],[-42,-28],[-22,41],[-52,-64],[-122,2],[-277,43],[-100,-12],[-85,-38],[-44,146],[17,69],[-21,101],[-138,14],[-4,39],[-70,49],[-109,3],[22,39],[0,67],[-28,26],[-58,-96],[-59,-7],[-67,-131],[-25,-79],[-55,-31],[-93,6],[-16,-47],[-90,-106],[-99,-39],[-51,2],[-30,43],[-131,-45],[-78,67],[9,107],[33,7],[42,155],[-38,52],[-59,-35],[-74,-15],[-65,211],[-31,-16],[-15,-188],[-15,-50],[-26,8],[-1,148],[-13,44],[-96,41],[-32,43],[16,78],[-65,38],[69,81],[-118,73],[6,26],[-70,29],[-18,-29],[-88,80],[-73,21],[37,14],[9,64],[71,26],[-31,33],[-13,76],[-111,31],[-31,-28],[-80,37],[-40,-9],[-16,42],[-58,33],[-28,-22],[-44,68],[-48,1],[-22,69],[15,37],[-35,12],[20,39],[-27,14],[-12,91],[-69,4],[-95,58],[2,-96],[-44,29],[-99,10],[2,-43],[-89,-42],[-31,-30],[-55,56],[-94,-91],[-111,-9],[-53,43],[-55,4],[-72,61],[-11,65],[-86,8],[-37,20],[-87,-15],[-5,-33],[-62,-48],[-27,28],[4,42],[34,20],[-77,-2],[-48,-118],[-43,-48],[1,-155],[-22,-50],[-54,-50],[-34,-67],[-16,-243],[-123,-207],[-45,-100],[9,-173],[-99,-217],[-27,-145],[-68,-98],[2,-66],[-17,-85],[-59,-116],[-8,-114],[-59,-85],[0,-81],[-89,-5],[-42,-24],[-111,45],[-33,97],[28,94],[37,-12],[-17,83],[-46,17],[2,52],[52,-19],[20,38],[-73,78],[-102,57],[-46,-24],[-42,69],[11,46],[29,-10],[31,42],[28,-28],[32,15],[12,58],[-72,89],[-6,62],[-47,9],[-87,-52],[-43,56],[-89,-27],[5,-61],[-91,-52],[25,-71],[-15,-43],[-125,21],[-83,52],[0,70],[-19,48],[-39,9],[-57,-67],[-7,-73],[-42,-27],[-73,5],[-79,-23],[-71,137],[-57,-26],[-79,85],[-91,-23],[-3,29],[-50,33],[-24,-52],[-73,7],[9,-24],[-47,-59],[-2,-109],[-34,-63],[12,-37],[-31,-31],[31,-75],[-26,-25],[12,-121],[-51,-8],[-21,-49],[-49,-30],[51,-87],[-49,-31],[-80,38],[-42,-45],[-43,25],[-54,-93],[-38,26],[-67,-14],[-23,-80],[-28,-29],[-143,15],[2,43],[60,70],[-39,83],[-58,6],[-25,-47],[-55,-25],[-77,111],[-112,-49],[23,-81],[-110,-14],[-142,29],[-135,139],[-42,-37],[-91,-18],[-29,-25],[-43,11],[-33,-44],[-111,-78],[-41,19],[-72,-13],[-42,17],[-16,-25],[-47,59],[-7,52],[-25,5],[-1,105],[-178,24],[-70,-23],[-22,26],[-107,50],[37,70],[3,102],[28,-18],[22,65],[-20,28],[18,37],[-35,124],[-48,57],[28,48],[74,27],[82,-5],[75,51],[7,67],[-16,49],[60,-16],[44,19],[97,-44],[-2,52],[69,30],[-70,-3],[-20,18],[20,95],[-8,43],[19,124],[-39,72],[-27,122],[53,63],[-20,52],[54,70],[-37,54],[80,53],[-37,44],[19,55],[-13,41],[-121,96],[-79,-17],[-13,30],[27,60],[-94,1],[-85,35],[-80,-36],[-20,-60],[-30,-1],[-131,71],[13,116],[-21,36],[-49,-15],[-44,30],[31,45],[-49,48],[-83,-42],[-29,-34],[-44,-1],[-39,51],[-57,4],[-14,52],[-39,20],[-66,-21],[-58,23],[-48,66],[53,104],[-49,259],[-67,6],[-17,54],[41,53],[-1,37],[-56,41],[-62,175],[-119,74],[-3,80],[-57,8],[-29,125],[-63,27],[3,79],[-13,54],[-59,76],[29,39],[-40,53],[-83,-19],[-19,71],[-42,-4],[-22,-52],[-37,-26],[41,-33],[-1,-34],[61,-74],[1,-27],[-95,-60],[-79,11],[-54,38],[0,-106],[60,-115],[-68,-68],[-31,11],[-44,58],[-71,-35],[-5,-40],[-45,-32],[-99,-144],[-22,19],[-99,-7],[-46,120],[43,30],[-8,97],[-91,22],[-21,48],[24,76],[-54,10],[-17,-22],[-135,30],[-46,-17],[-14,-85],[-45,-65],[-74,-30],[-162,24],[-53,100],[-7,82],[-67,-17],[-75,19],[-45,-59],[-144,-75],[-3,-40],[-107,-75],[-177,85],[-114,150],[-50,83],[-208,67],[-80,53],[-81,83],[-59,120],[3,53],[-22,69]],[[29812,57362],[23,-29],[45,19],[4,-39],[55,-8],[65,91],[117,-13],[46,-42],[-20,-45],[4,-75],[-30,17],[26,-60],[73,-17],[33,-49],[183,-113],[43,-101],[91,-51],[83,-75],[43,-18],[12,-62],[43,-27],[36,-73],[120,-86],[86,-24],[175,-89],[33,-96],[58,-72],[56,-23],[19,-87],[-12,-15],[40,-88],[-12,-84],[35,-15],[-1,-83],[55,-161],[42,-32],[-7,-26],[57,-85],[2,-37],[62,-19],[60,-94],[0,-33],[-109,-8],[-48,42],[-51,-96],[29,-69],[-102,-56],[-48,25],[13,-166],[-46,-11],[-39,-63],[-34,-17],[69,-91],[60,22],[17,47],[101,70],[31,-42],[8,-97],[-84,-46],[-48,-9],[-16,-105],[-31,-13],[-19,-54],[-46,-17],[85,-71],[20,-73],[-100,-128],[-28,-9],[68,-41],[4,-53],[56,13],[-7,-47],[-47,-13],[-39,19],[-31,-52],[89,19],[72,-107],[-29,-114],[71,-5],[43,-31],[-20,-62],[-38,-27],[11,-33],[-103,-94],[45,-38],[65,-1],[33,-64],[27,48],[-9,43],[40,51],[56,9],[79,-49],[-8,-104],[-31,8],[-32,-126],[-33,-36],[-85,-50],[17,-39],[-56,-21],[-72,-98],[2,-79],[-41,-51],[-5,-54],[121,-5],[-93,-69],[47,-30],[74,-86],[5,-37],[62,-38],[-7,-83],[37,-89],[30,-19],[-31,-109],[36,-97],[-13,-97],[55,14],[60,-31],[-20,-93],[43,-6],[-59,-129],[-3,-31],[-101,20],[-9,74],[-27,-4],[-2,63],[-25,-28],[-75,14],[-47,-35],[-79,-3],[-7,-62],[-41,-54],[26,-96]],[[27143,45062],[-182,-95],[-91,60],[-41,76],[-24,-16],[-36,108],[-52,28],[11,25],[-61,100],[-38,31],[-10,80],[-54,2],[-28,38],[-58,20],[-58,-19],[-39,-56],[34,-111],[-31,-7],[-37,71],[-60,-21],[-51,20],[-174,2],[-67,31],[-49,-4],[11,48],[-37,56],[-78,9],[-45,72],[-46,42],[63,77],[-78,89],[-44,-71],[-65,48],[-107,-8],[-52,13],[-24,74],[-26,21],[-75,-38],[-39,34],[-59,87],[-9,61],[34,34],[-38,120],[-5,110],[-32,179],[42,35],[7,60],[-67,84],[-18,92],[-44,48],[-35,-3],[-90,87],[-81,5],[-38,52],[-120,-8],[-45,36],[-26,-53],[-84,-5],[-42,-23],[-83,8],[-104,-77],[-80,22],[-15,-23],[6,-81],[-38,8],[-47,44],[-41,-13],[68,-76],[-32,-43],[-156,-8],[-50,-63],[18,-22],[-46,-85],[-76,7],[-80,-39],[-55,-88],[39,-72],[-190,-5],[-26,10],[-20,57],[-34,-10],[-27,56],[-91,-34],[-11,-45],[-46,7],[-3,-32],[-69,-9],[-34,48],[25,170],[-24,47],[2,53],[31,99],[-4,61],[-97,27],[-2,-43],[-150,-21],[-64,8],[-109,41],[-31,69],[15,51],[-36,90],[-4,60],[-55,52],[-21,45],[80,66],[44,0],[4,47],[-115,61],[-18,29],[-74,49],[-19,39],[-64,61],[-43,-40],[-77,28],[-38,38],[-17,-63],[-75,-65],[75,-39],[23,-39],[-44,-66],[-47,1],[-61,-59],[29,-6],[-15,-62],[-64,-5],[2,69],[-39,-14],[-122,51],[-72,-89],[-10,-58],[-58,0],[-21,-52],[28,-25],[-17,-33],[-69,27],[7,38],[-122,49],[9,50],[-81,-21],[-115,54],[-59,11],[-51,-23],[-40,8],[-51,-76],[-47,0],[-97,49],[-31,-72],[-64,-19],[-44,-75],[-45,-26],[-2,-37],[-42,-14],[-24,34],[-27,-50],[-112,20],[-93,-90],[-96,-44],[-66,-55],[-22,26],[10,77],[-28,63],[19,32],[-31,15],[0,50],[-65,1],[-40,-46],[17,-40],[-93,-25],[5,51],[-31,3],[-33,-41],[-74,24],[-30,-54],[58,-61],[46,-6],[-1,-36],[-56,-27],[-37,6],[-56,-45],[-57,-18],[-90,65],[9,127],[-85,6],[-12,-48],[-62,-27],[-27,93],[18,20],[-78,45],[-64,121],[-67,27],[-43,-21],[-53,7],[-67,-29],[-40,7],[-82,48],[-3,67],[-109,6],[-37,19],[-41,-42],[10,-44],[-43,-23],[-22,-48],[-61,3],[-66,-31],[-61,21],[-26,43],[-58,20],[-16,27],[-63,21],[-34,38],[-44,-43]],[[18605,47126],[-153,30],[-58,56],[-80,4],[-61,-30],[-43,19],[-61,70],[-59,-19],[-73,26],[-25,60],[-60,-29],[-97,6],[-47,39],[-61,-23],[-46,-41],[13,-65],[-40,-92],[-77,-34],[-26,-39],[-76,-20],[-20,25],[-126,-119],[21,-56],[-42,-35],[-51,-9],[-68,-68],[-56,33],[-70,-6],[-93,11],[-57,68],[24,34],[-30,40],[-56,28],[-88,-15],[-77,26],[-24,115],[-108,183],[14,21],[-64,41],[-21,40],[37,41],[-2,61],[36,5],[-58,97],[-52,-6],[-5,46],[31,75],[-45,18],[12,31],[-94,54],[-28,79]],[[16315,47902],[126,31],[114,-26],[14,-59],[92,14],[77,-14],[111,49],[10,-19],[122,99],[98,37],[72,3],[93,-22],[48,-34],[-29,74],[-64,28],[-71,-3],[-35,55],[50,72],[46,109],[-97,-82],[-143,-50],[-32,-71],[-29,-5],[-16,100],[-64,25],[-22,33],[-81,50],[-51,-18],[-51,49],[-33,89],[-10,68],[-54,99],[-141,35],[-41,44],[-25,74],[20,102],[7,244],[-26,103],[-57,64],[-68,33],[67,66],[49,130],[34,243],[29,151],[27,40],[-18,-95],[5,-52],[35,-73],[15,173],[15,77],[-77,27],[1,267],[13,100],[17,21],[18,-55],[3,77],[-29,49],[2,104],[77,50],[138,-85],[15,22],[-58,49],[-107,61],[-21,-27],[-60,-4],[-42,-32],[-35,-77],[4,-129],[-45,49],[-36,96],[-37,187],[25,108],[-4,37],[-45,35],[-15,96],[8,83],[40,85],[24,88],[63,-1],[-24,51],[-29,-23],[-19,71],[-9,151],[-39,177],[2,84],[-31,48],[67,3],[110,39],[-53,70],[-103,-12],[-27,11],[-46,-57],[11,-92],[-14,-6],[-66,70],[-64,136],[-51,161],[-53,81],[50,24],[43,-20],[-40,52],[-24,-15],[-79,40],[-107,227],[45,-8],[73,36],[-65,31],[-37,-37],[-78,-7],[-71,104],[-112,134],[-56,48],[-46,24],[54,2],[84,-44],[-8,34],[-52,12],[-7,32],[-58,-16],[-20,-19],[-4,-36],[-31,22],[-59,-3],[-49,121],[-17,72],[4,174],[-19,164],[-83,156],[-6,145],[-34,79],[-81,15],[-48,41],[-21,47],[6,99],[125,65],[21,64],[29,17],[26,71],[-5,192],[-35,190],[-47,116],[-71,56],[-52,4],[-26,31],[-62,19],[-52,-8],[-51,41],[-82,17],[49,88],[-1,38],[-48,70],[22,143],[73,6],[91,-33],[51,-42],[30,-61],[58,3],[78,64],[40,3],[50,-37],[16,-49],[58,-90],[149,-21],[80,-45],[171,-18],[63,17],[46,-13],[11,-33],[59,-22],[40,28],[69,-107],[94,-8],[103,21],[-6,-50],[33,-50],[31,30],[64,-16],[-14,79],[27,14],[60,-64],[83,39],[57,-19],[156,18],[160,77],[9,61],[56,57],[-25,23],[22,47],[101,-36],[56,40],[90,37],[16,-13],[100,32],[105,7],[127,-42],[48,12],[150,-60],[47,-8],[107,20],[-27,-105],[70,-55],[22,-61],[55,-46],[-15,-43],[70,-166],[-7,-114],[-114,46],[-55,-132],[24,-39],[-32,-26],[-78,29],[-50,-26],[-37,-64],[-25,-161],[15,-66],[77,-137],[92,-119],[77,-127],[134,-163],[186,-209],[69,-110],[26,-102],[-20,-56],[-52,-25],[0,-95],[62,11],[115,-54],[13,-29],[72,11],[11,32],[117,127],[64,57],[39,13],[188,-6],[115,45],[67,6],[190,-10],[104,-22],[78,-71],[170,-90],[124,-49],[207,-43],[135,-14],[204,-34],[74,7],[112,-11],[201,-7],[68,-30],[116,-4],[208,41],[173,-7],[270,-60],[190,-2],[83,-17],[131,-52],[190,-105],[109,-70],[93,-34],[129,-22],[129,-54],[70,29],[157,-2],[202,32],[166,49],[38,-2],[43,40],[254,96],[100,46],[171,127],[29,13],[147,127],[76,97],[89,94],[83,51],[174,57],[26,0],[229,108],[272,5],[263,36],[-6,102],[-303,23],[-7,-40],[-60,-8],[-92,34],[-94,11],[-115,-9],[-90,10],[5,23],[-241,44],[-21,36],[-118,88],[15,72],[-33,55],[-79,33],[-18,40],[15,81],[62,148],[82,161],[29,76],[133,231],[85,198],[-18,35],[30,50],[33,163],[130,136],[35,5],[26,41],[143,32],[137,68],[84,57],[85,24],[91,5],[105,56],[60,55],[45,64],[52,4],[195,96],[132,81],[162,87],[81,65],[35,2],[94,90],[176,105],[71,24],[55,-1],[61,34],[120,35],[157,24],[162,37],[38,-23],[226,16],[107,25],[190,91],[54,1],[138,33],[264,85],[102,70],[39,10],[260,-24],[209,62],[109,76],[19,-15],[306,139],[109,68],[97,47],[14,43],[87,36],[85,64],[243,225],[79,44],[71,72],[127,73],[49,44],[48,5]],[[15171,49491],[-43,0],[-36,63],[75,-38],[4,-25]],[[42847,56652],[-14,-76],[-42,-59],[-18,-150],[75,-33],[-1,-31],[103,-9],[-22,-94],[15,-13],[-6,-114],[-18,-85],[-73,-54],[-14,-81],[-28,-13],[-43,-184],[57,-86],[-12,-28],[-76,-51],[29,-65],[68,13],[96,-105],[-91,-69],[-25,-125],[-82,-27],[-68,-50],[-29,-112],[-144,-46],[-48,-30],[25,-59],[-52,-16],[-47,13],[-22,-129],[15,-47],[-29,-83],[-91,-67],[-138,60],[-83,-19],[-45,24],[6,-56],[-20,-44],[-61,-11],[104,-143],[23,3],[46,-92],[-14,-65],[79,-33],[-7,-36],[-58,-29],[-19,-57],[-36,-7],[-8,-41],[124,-25],[7,-111],[-25,-53],[-29,45],[-41,-15],[24,-56],[-19,-29],[-77,3],[3,-234],[12,-41],[49,-49],[25,-80],[-45,3],[-58,-61],[27,-63],[-6,-79],[36,-29],[-10,-53],[-37,-45],[-20,-246],[-104,-11],[-27,75],[-48,13],[-7,41],[-79,11],[-74,-15],[-137,154],[-28,45],[-48,-27],[-20,-57],[-67,-13],[-11,42],[-56,40],[-53,9],[-66,-36],[-149,8],[65,-37],[13,-38],[93,-32],[-16,-33],[16,-55],[-17,-56],[-36,-12],[48,-54],[-27,-60],[-132,59],[0,22],[-99,10],[-104,-46],[-9,26],[-90,-54],[-77,0],[5,-73],[-94,-5],[-93,-21],[-56,-38],[-91,-13],[-18,-33],[-80,-25],[-22,-131],[66,-33],[8,-28],[-34,-55],[45,-55],[-28,-44],[32,-39],[39,-117],[33,-28],[-43,-24],[-23,-65],[-49,-42],[44,-42],[88,-24],[-25,-36],[35,-16],[67,53],[27,-32],[-35,-40],[2,-40],[44,-17],[-12,-30],[96,-51],[22,31],[96,-4],[-11,-135],[-42,-1],[-168,-102],[-47,78],[-54,4],[-105,-33],[-162,14],[-8,-78],[-50,-27],[9,-42],[-53,-53],[14,-39],[40,22],[48,-84],[23,-82],[54,-75],[-29,-56],[-41,-13],[-53,18],[-43,-61],[-69,-33],[-12,-134],[11,-34],[129,-1],[71,40],[52,-18],[34,39],[62,-37],[64,-153],[-57,-55],[-116,-10],[-75,-141],[15,-19],[-25,-90],[-93,2],[-42,-39],[46,-46],[4,-62],[-45,4],[-84,-37],[-17,-158],[-30,-24],[-19,38],[-143,-32],[-93,-143],[3,-34],[-46,-99],[-78,-28],[15,-92]],[[29812,57362],[51,64],[179,119],[53,46],[51,71],[62,182],[48,170],[60,127],[95,115],[164,89],[75,13],[-24,-42],[71,-93],[96,-74],[78,39],[65,-9],[152,-66],[58,-35],[48,55],[-59,75],[1,63],[-39,63],[-140,27],[-40,-24],[-135,199],[-7,80],[-137,-5],[-59,31],[-10,54],[-34,38],[-8,54],[60,445],[22,72],[68,8],[3,-27],[190,12],[52,40],[11,-42],[31,31],[-38,47],[-62,-12],[-49,52],[-81,-11],[-31,32],[-40,88],[-55,21],[38,148],[28,160],[32,324],[2,149],[25,119],[25,31],[48,-82],[48,0],[136,-118],[91,-7],[-107,35],[-42,45],[-33,98],[-73,40],[-3,47],[-98,96],[-21,62],[5,304],[-7,148],[-33,213],[-28,79],[-10,94],[42,52],[16,58],[-50,52],[56,23],[-7,-59],[50,81],[29,-9],[-38,-41],[73,29],[-18,35],[8,85],[39,109],[4,99],[-13,52],[16,40],[-79,219],[-25,135],[-24,48],[18,118],[96,1],[150,38],[113,70],[85,95],[62,88],[90,92],[118,80],[195,87],[246,56],[83,50],[84,26],[85,-17],[79,60],[159,46],[102,-6],[131,41],[130,9],[111,21],[15,35],[164,33],[39,-29],[68,-1],[70,46],[1,20],[86,54],[37,79],[4,-85],[76,4],[43,-45],[-30,-13],[30,-42],[7,60],[52,14],[-69,34],[84,30],[-10,88],[44,-53],[60,-10],[205,78],[177,45],[263,57],[65,-57],[53,-11],[200,46],[347,125],[209,90],[75,-156],[-2,-41],[62,-294],[-9,-67],[100,-78],[50,-5],[-2,-58],[120,-237],[-68,-31],[-15,-58],[-112,-88],[19,-31],[45,11],[-1,-77],[26,-43],[-21,-77],[7,-73],[26,-76],[-57,-66],[3,-34],[49,14],[32,-79],[35,-11],[43,-157],[103,6],[54,58],[43,-60],[146,0],[69,-30],[-15,-52],[15,-55],[54,-65],[56,-26],[56,-52],[-23,-50],[41,-57],[79,-23],[-7,-50],[36,-112],[136,-72],[50,29],[82,21],[22,-45],[78,-87],[71,25],[58,-82],[57,2],[3,61],[49,-6],[35,49],[8,117],[62,23],[-30,43],[0,44],[90,56],[69,-20],[35,41],[142,82],[23,34],[76,-30],[32,40],[94,31],[85,-49],[92,42],[31,29],[18,68],[65,-51],[102,25],[30,-72],[143,-202],[12,-55],[52,-36],[-36,-67],[78,-38],[-15,-41],[185,5],[24,-52],[47,-27],[0,-65],[-34,-1],[51,-99],[-55,-12],[-53,-37],[-5,-66],[42,-77],[-24,-42],[68,-69],[-17,-49],[68,-72],[30,-133],[-2,-64],[29,-42],[-21,-72],[34,-17],[-43,-21],[14,-135],[34,-68],[99,-55],[41,0],[45,-64],[158,-37],[67,-84],[71,48],[172,41],[26,33],[54,-24],[32,87],[94,94],[76,-37],[61,12],[64,-34],[-13,-82],[-88,-88],[21,-77],[98,52],[74,-2],[139,42],[75,-69],[100,45],[105,-120],[62,-104],[49,-1],[44,-68],[-22,-51],[45,-42],[0,-102],[19,-82],[-1,-149],[-69,-95],[37,-64],[3,-97],[49,-57],[-17,-36],[53,-65],[38,-19],[2,-52],[75,-72],[24,62],[-30,42],[52,-20],[2,-31],[49,7],[-7,116],[18,0],[24,116],[37,22],[74,-19],[16,33],[85,2],[50,-14],[40,29],[38,-17],[-9,-54],[47,5],[10,51],[66,6],[64,-18],[25,-60],[65,-30],[70,21],[10,-73],[-17,-19],[114,13],[260,140],[-3,-64],[23,46],[73,-27],[24,34],[83,10],[31,45],[43,8],[26,-73],[41,-48],[51,-4],[10,-45],[42,-12],[57,-63],[18,-79],[72,28],[57,-75],[34,15],[26,-41],[14,-85],[-5,-77],[54,7],[-10,-54],[18,-40],[116,-18],[22,58],[-21,36],[-63,17],[23,71],[34,26],[64,-29],[-9,-40],[30,-26],[122,-10],[64,-105],[-6,-31],[-75,-80],[-47,1],[-56,-57],[-71,-110],[-66,-9],[38,-72],[-15,-123],[-39,-68],[35,-10],[-22,-88],[-61,-45],[-14,-65],[-35,-45],[76,-39],[52,-4],[12,47],[74,-12],[106,10],[30,-132],[-30,-42],[43,-18],[-22,-28],[107,-106],[28,-95],[-61,-68],[-88,-29],[-40,-39],[-72,-32],[-54,22],[-61,-110],[-60,-85],[29,-83],[96,-78],[-39,-66],[-62,-40],[51,-26],[95,16],[27,-34],[84,-28],[-4,-82],[131,26],[37,-10]],[[42847,56652],[38,23],[128,27],[97,-10],[83,39],[82,-47],[49,-3],[58,-66],[96,-5],[47,19],[56,-37],[120,-18],[124,-55],[158,68],[132,-7],[58,24],[87,124],[101,6],[43,67],[38,21],[234,23],[151,63],[130,0],[-43,75],[10,134],[42,94],[11,56],[-14,51],[-44,-10],[-28,59],[38,40],[20,81],[42,70],[225,106],[-16,70],[37,-4],[29,97],[80,33],[120,75],[76,101],[8,-50],[36,-49],[89,-7],[111,12],[24,-83],[72,-23],[-56,-51],[-65,-36],[-15,-39],[29,-73],[-26,-71],[37,-17],[-18,-42],[-55,38],[-7,42],[-35,9],[-54,-44],[33,-76],[-38,-105],[-85,-8],[-3,-31],[47,-26],[-11,-36],[54,-30],[9,-63],[-49,-23],[-47,-54],[-11,-67],[19,-26],[-23,-59],[13,-50],[-69,-82],[-48,-4],[-15,-79],[4,-76],[110,-29],[70,-34],[46,12],[45,-28],[40,-96],[100,-63],[-2,-37],[44,-48],[-63,-52],[50,-18],[-45,-29],[-71,-151],[6,-26],[-54,-15],[1,-74],[28,-79],[44,1],[7,-124],[37,-24],[-54,-41],[-25,-104],[-37,-25],[47,-28],[79,24],[37,-32],[51,7],[34,-24],[73,20],[42,-11],[72,73],[48,25],[25,-26],[29,26],[136,-14],[47,-116],[126,-67],[113,-32],[9,-33],[138,12],[114,-167],[30,-81],[3,-89],[71,4],[11,-25],[45,60],[54,-42],[-4,-120],[187,16],[59,-57],[47,22],[96,-20],[29,41],[52,16],[62,-49],[27,-47],[102,-68],[109,-123],[-69,-42],[-41,-63],[-17,-81],[39,-90],[56,36],[54,-3],[27,81],[37,17],[54,-51],[45,3],[115,-55],[57,-45],[35,-56],[38,-16],[51,-181],[86,-20],[-44,-84],[-27,-12],[109,-87],[7,-85],[-89,-53],[84,-60],[-2,-65],[44,-8],[41,62],[71,-3],[81,17],[111,40],[18,52],[50,40],[170,-48],[41,-42],[6,-46],[34,-17],[47,89],[-25,50],[20,40],[104,110],[97,19],[30,-30],[88,-13],[47,-42],[99,2],[52,34],[24,-44],[86,29],[-8,85],[12,34],[60,13],[94,-76],[72,-7],[45,-33],[-43,-20],[41,-36],[91,36],[40,-83],[-52,-24],[10,-43],[55,-35],[9,-40],[84,-62],[132,-14],[64,35],[72,-25],[56,18],[55,-46],[94,-19],[-18,-30],[29,-39],[-14,-73],[31,-54],[41,7],[-23,-74],[68,36],[47,-32],[101,23],[-11,-46],[68,-3],[47,108],[24,13],[100,-16],[2,-31],[56,-39],[39,-1],[-13,77],[18,37],[98,21],[20,133],[63,-12],[-3,-36],[66,47],[31,-2],[-38,54],[95,55],[97,-29],[96,9],[46,22],[40,-13],[15,37],[46,-34],[34,9],[38,-39],[66,-4],[3,-58],[70,-88],[48,-26],[61,5],[68,-73],[87,2],[53,-51],[34,60],[98,-28],[65,21],[59,58],[35,4],[56,-68],[71,-24],[40,23],[102,-97],[51,-7],[124,-101],[63,-11],[82,-95],[-39,-9],[-48,-47],[12,-62],[51,-9],[1,-35],[52,-42],[61,11],[50,-45],[-17,-94],[51,19],[31,-33],[-46,-55],[-17,-55],[-63,58],[-48,-18],[9,-56],[70,-87],[22,20],[44,-50],[-30,-49],[55,-46],[68,-88],[43,8],[30,-45],[85,-50],[13,-48],[32,17],[46,-23],[-46,-127],[19,-42],[51,18],[68,-63],[-24,-26],[24,-92],[-11,-35],[36,-62],[109,42],[54,-100],[-92,-116],[40,-83],[84,-80],[51,19],[56,-12],[81,25],[143,-70],[108,-42],[60,38],[-18,104],[68,12],[14,44],[-55,82],[11,30],[-76,83],[100,72],[73,-51],[87,-37],[84,41],[42,52],[82,-5],[12,-38],[88,-89],[70,45],[75,-55],[34,-47],[47,-2],[7,-38],[47,33],[11,-26],[53,9],[-34,-135],[19,-82],[43,-70],[26,-72],[-10,-92],[23,-49],[75,0],[27,67],[77,36],[-32,72],[7,79],[36,-9],[66,23],[35,-24],[-42,-37],[-1,-47],[102,20],[45,-88],[104,-51],[22,41],[65,21],[57,-15],[35,-84],[49,62],[99,12],[68,22],[97,-47],[80,6],[-6,-43],[51,-12],[48,51],[48,100],[69,45],[71,-11],[82,13],[-9,49],[35,58],[-18,68],[74,22],[250,50],[21,-81],[-36,-31],[67,19],[56,-40],[36,30],[121,16],[8,-96],[49,-1],[-3,-30],[-71,-54],[71,-129],[44,-8],[29,-86],[37,-41],[-4,-31],[156,-110],[169,19],[92,-60],[42,-4],[10,-121],[196,-67],[32,26],[71,5],[-4,53],[54,-33],[68,-10],[41,29],[2,-74],[92,23],[65,-9],[47,68],[52,8],[29,51],[77,-34],[13,-33],[77,-55],[84,-20],[28,-58],[49,-13],[100,100],[130,-51],[30,22],[39,89],[64,-15],[0,-37],[88,-47],[33,-45],[12,-59],[90,13],[72,-24],[11,-27],[167,-46],[65,-57],[33,-63],[74,-35],[167,-33],[60,-40],[75,-16],[79,15],[111,-12],[19,-66],[72,50],[48,3],[25,-65],[-125,-37],[-33,-25],[-87,-159],[-69,-91],[-86,-134],[-72,-150],[-84,-249],[-12,-88],[-45,-87],[-87,-99],[-83,-43],[-72,13],[-65,-28],[-28,-119],[-38,-48],[-44,-15],[-91,15],[-70,-37],[-12,-66],[1,-121],[-19,-37],[-331,-383],[-233,-143],[-41,-136],[-122,-186],[-19,-72],[24,-126],[-9,-149],[17,-122],[-27,-89],[-52,-53],[-65,-32],[-40,-63],[-4,-154],[-24,-99],[-113,-278],[-19,-74],[3,-126],[58,-250],[-2,-52],[-52,-66],[-138,-59],[-32,-32],[-31,-70],[-1,-84],[-97,-372],[-15,-31],[-97,-84],[-64,-152],[-112,-140],[-25,-43],[6,-109],[-17,-38],[-65,-43],[-25,-41],[12,-94],[-12,-66],[-34,-71],[16,-164],[-3,-85],[-18,-87],[13,-24],[155,-175],[60,-117],[16,-90],[-61,-126],[-90,-99],[-39,-92],[13,-147],[-30,-67],[-92,-76],[2,-106],[29,-77],[-9,-88],[-54,-106],[-20,-74],[-65,-161],[5,-123],[72,-187],[-21,-116],[-40,-49],[-96,-77],[-5,-53],[34,-80],[-2,-98],[13,-35],[73,-89],[128,-105],[33,-106],[71,-65],[14,-75],[-33,-130],[-82,13],[-47,-35],[2,-48],[-121,-71],[-52,-53],[-60,-12],[-37,-55],[15,-47],[44,2],[38,36],[55,-41],[-39,-93],[-24,18],[-64,-15],[21,-25],[13,-93],[-78,-55],[-32,-43],[-73,-9],[-41,57],[-51,7],[-74,51],[-58,-93],[154,-71],[-47,-74],[-80,-30],[-31,-72],[-162,-96],[-186,29],[-27,32],[-69,-14],[-96,0],[-53,-36],[-45,6],[-55,-49],[-107,-43],[-51,115],[-52,13],[-77,-32],[-164,54],[34,102],[-5,60],[65,139],[44,34],[-153,-30],[-70,46],[-100,44]],[[12259,40157],[23,91],[72,26],[37,64],[50,-21],[6,-75],[79,-34],[44,6],[30,34],[71,15],[61,-62],[76,32],[54,-6],[67,42],[-6,136],[42,37],[32,111],[-5,46],[79,-38],[25,19],[93,-7],[-3,-33],[-46,-31],[98,-53],[71,36],[60,61],[142,25],[4,-69],[-41,-10],[52,-62],[76,-11],[48,48],[5,96],[-14,73],[108,29],[2,31],[79,-19],[74,37],[8,42],[-30,33],[31,165],[-33,125],[3,33],[68,49],[21,60],[-6,67],[-55,66],[31,73],[41,51],[136,-4],[8,80],[49,51],[120,-23],[16,35],[101,66],[59,82],[25,-28],[-2,-104],[71,-10],[62,84],[104,41],[117,33],[62,-6],[111,84],[57,-18],[64,34],[143,-65],[113,-16],[92,60],[74,-22],[24,-31],[85,7],[4,53],[188,27],[40,-22],[94,109],[16,109],[62,139],[82,-7],[52,39],[-21,12],[54,63],[97,-6],[54,41],[17,-15],[94,13],[41,58],[77,51],[17,-20],[121,24],[29,35],[-30,101],[-41,54],[13,29],[95,-23],[49,9],[40,-19],[73,14],[87,-53],[26,31],[43,-8],[57,-86],[-6,-32],[60,-22],[-1,-49],[186,-47],[27,2],[332,-102],[40,126],[-14,69],[37,92],[41,-9],[32,79],[6,104],[-40,26],[35,43],[56,1],[67,62],[-37,71],[2,75],[67,20],[26,34],[3,94],[35,35],[23,70],[-19,53],[32,18],[-7,89],[23,80],[38,26],[64,0],[41,23],[-13,62],[15,38],[51,13],[100,-7],[92,-39],[37,23],[83,2],[32,36],[72,20],[28,93],[-8,30],[-76,136],[39,79],[-34,43],[32,86],[24,18],[-87,67],[-42,80],[-19,174],[-25,62],[-4,157],[-19,68],[-43,-8],[-4,83],[-26,23],[18,140],[13,20],[-62,63],[21,35],[-32,161],[-44,80],[-12,74],[38,68],[14,107],[38,60],[105,91],[26,61],[39,44],[-68,139],[20,95],[-41,41],[52,72],[-48,122],[-77,115],[14,30],[-28,80],[24,64],[60,52],[5,102],[-33,16],[-35,81],[41,34],[-37,11],[11,82],[40,23],[-15,26]],[[23743,38287],[-21,34],[-58,-56],[-80,102],[-143,-131],[-108,-203],[-16,-113],[58,-13],[-12,-70],[-29,-59],[-27,49],[-127,1],[9,37],[-85,10],[-43,-42],[-28,-60],[7,-46],[-24,-48],[14,-42],[-122,-69],[-38,15],[2,48],[-61,43],[-73,-38],[-59,36],[89,104],[64,36],[19,81],[-49,-19],[-152,50],[-8,-48],[-93,-39],[-124,55],[-52,13],[-77,-42],[-21,17],[-65,-15],[-6,25],[-82,-29],[-62,-49],[-124,-27],[3,31],[-58,22],[-149,-52],[-4,32],[-41,-5],[-22,-137],[-39,-29],[-39,37],[-49,5],[-56,-32],[-107,-2],[-55,-86],[-19,-5],[-24,76],[37,44],[61,16],[24,38],[-42,24],[-89,-18],[-31,13],[-184,-71],[-115,-69],[19,-126],[61,-49],[-15,-39],[-76,10],[-15,-74],[-43,-10],[-67,-89],[-134,-79],[-38,30],[-159,6],[-65,27],[-18,-94],[-84,46],[-79,-71],[-35,54],[-91,57],[2,-58],[-87,2],[-31,26],[-3,45],[-83,14],[-59,-70],[-126,-17],[-38,-40],[-36,23],[-17,-47],[-41,-22],[35,-33],[-53,-34],[-11,25],[-100,31],[-50,-12],[-27,-54],[46,22],[67,-13],[-28,-59],[33,-25],[40,46],[31,-89],[-66,30],[-40,-17],[46,-49],[71,20],[48,-17],[32,-53],[-1,-48],[44,35],[45,-104],[64,10],[-60,-58],[16,-46],[-63,-124],[66,-29],[36,-80],[64,-51],[53,-81],[6,-37],[68,-55],[74,-30],[58,-6],[23,-49],[42,11],[78,-29],[35,-65],[-86,-55],[2,-54],[-45,-66],[12,-36],[-12,-68],[32,-18],[2,-52],[40,-38],[58,12],[19,-52],[-39,-59],[30,12],[124,-128],[24,-75],[34,-34],[-112,-90],[135,-90],[65,-66],[-53,-45],[-2,-73],[-47,-36],[2,-26],[113,10],[87,-95],[-48,-118],[53,-40],[-31,-39],[41,-31],[-16,-42],[-42,-26],[28,-36],[-7,-48],[22,-30],[39,21],[-8,-84],[28,-19],[1,-97],[-32,-48],[-60,26],[-92,-34],[19,-19],[-32,-88],[39,-14],[53,-59],[3,-61],[-31,-63],[55,-18],[13,-89],[39,-49],[-13,-32],[-40,35],[2,-108],[-82,-43],[10,-21],[-28,-84],[6,-39],[47,-42],[-53,-46],[91,-43],[49,153],[73,-24],[56,-52],[43,-10],[29,-50],[71,2],[59,-45],[-59,-106],[-51,-70],[-71,-28],[-119,39],[-7,-94],[-63,-53],[-82,-10],[-4,-92],[-89,-57],[-70,9],[-112,58],[-49,-48],[-58,-19],[-13,-35],[30,-14],[-25,-33],[-55,17],[-61,-14],[-49,55],[-48,8],[-30,39],[-44,4],[-41,39],[-42,2],[-20,39],[48,52],[-131,-19],[-24,35],[-42,-7],[-40,-52],[17,-52],[-21,-45],[-62,9],[12,40],[-46,-20],[-76,29],[-34,-64],[-156,-40],[-68,49],[-90,29],[90,92],[63,229],[-56,-21],[-43,-52],[-60,33],[-47,-94],[-93,-5],[-21,29],[-61,-38],[-3,44],[-70,-45],[-4,17],[-103,-58],[-4,42],[-51,-88],[-74,-93],[27,-21],[-83,-12],[-13,-28],[-93,34],[-34,29],[3,-39],[-30,-36]],[[18334,32678],[-46,6],[-106,82],[-20,-26],[-85,-8],[-79,-36],[34,-83],[-50,-76],[-9,-70],[24,-70],[-126,60],[-78,89],[-155,130],[-65,92],[-46,-32],[50,-97],[-4,-48],[39,-19],[-9,-41],[-34,13],[-55,88],[-55,147],[-93,91],[-77,53],[-76,6],[0,-31],[-42,-19],[-78,-3],[-71,37],[-55,7],[-43,-45],[-128,14],[-23,24],[-28,115],[-49,117],[-66,105],[-59,46],[-119,34],[-43,-27],[-151,29],[-13,-7],[-114,31],[-55,-3],[-22,28],[-115,31],[24,28],[-90,77],[-98,31],[-99,56],[-15,52],[-50,-1],[-34,47],[-104,55],[-67,97],[-62,35],[-35,0],[-23,-35],[-74,28],[-30,107],[-11,92],[-124,408],[-39,158],[-60,48],[-26,73],[-68,42],[-80,115],[-16,56],[-142,210],[-38,20],[-67,-25],[-63,87],[-1,80],[-83,99],[-293,295],[-54,43],[-198,129],[-114,103],[-18,126],[3,63],[-16,145],[-29,87],[1,43],[70,17],[82,-7],[55,55],[-44,8],[7,50],[54,75],[66,66],[55,27],[21,41],[76,71],[62,112],[-8,65],[43,88],[-4,43],[52,77],[70,47],[58,11],[83,60],[-86,185],[-25,38],[-127,80],[-73,84],[-16,49],[-103,48],[-81,17],[-86,41],[-118,4],[-94,16],[-33,36],[-67,24],[-191,24],[-26,34],[-96,20],[86,71],[13,49],[119,43],[91,-19],[60,68],[40,201],[-6,94],[-98,141],[48,47],[3,189],[-80,80],[-79,-62],[-91,-45],[11,-38],[-33,-20],[-79,3],[-60,-43],[-35,-73],[-99,-5],[-41,-29],[-55,52],[-115,73],[-31,63],[-75,75],[-109,46],[-73,8],[-101,-33],[-23,-36],[41,-80],[-69,-3],[-100,35],[-35,42],[-49,-2],[-101,38],[-136,77],[-98,18],[1,53],[81,23],[61,-21],[-3,35],[43,66],[10,99],[-26,103],[-58,95],[-54,47],[-81,18],[-37,38],[54,50],[45,0],[68,66],[105,81],[37,2],[14,42],[91,42],[26,-43],[27,23],[54,-19],[61,27],[-41,36],[-78,35],[43,97],[-47,45]],[[12961,35301],[104,-120],[-79,8],[-47,24],[-82,-60],[-57,21],[-11,27],[-43,-17],[-55,20],[-23,46],[-110,55],[-26,42],[-8,64],[58,6],[25,41],[37,3],[90,-38],[46,0],[20,-54],[99,1],[62,-69]],[[13449,36890],[-114,93],[-98,-3],[-38,-42],[-53,16],[-102,149],[-66,36],[-4,57],[44,98],[-69,79],[93,0],[46,29],[121,-11],[48,-62],[66,-7],[34,-59],[-3,-106],[-75,23],[-10,-90],[37,-54],[14,19],[316,-172],[45,-104],[-27,-16],[29,-51],[-6,-69],[-23,-43],[24,-81],[-31,3],[-55,68],[-48,175],[-95,125]],[[12259,40157],[-34,11],[-67,-56],[-57,43],[-27,79],[48,74],[-51,92],[-7,50],[34,26],[57,-9],[63,-83],[92,79],[98,-4],[-3,19],[-69,13],[-112,84],[-157,43],[-22,32],[-71,25],[-106,-26],[-40,-69],[-93,29],[-100,5],[-50,-16],[-16,-36],[-57,-34],[-46,0],[37,54],[31,12],[24,-36],[25,51],[-29,37],[18,31],[28,-25],[122,-10],[-55,50],[46,42],[11,63],[53,11],[22,30],[-63,24],[-64,53],[18,-133],[-50,-58],[-48,-22],[-6,41],[-55,47],[7,107],[-17,-52],[-43,-22],[38,-42],[17,-51],[-40,-31],[-112,47],[-50,50],[-40,-15],[29,-24],[-15,-41],[53,22],[36,-58],[71,13],[47,-15],[-3,-49],[-31,-21],[7,49],[-36,-7],[-19,-47],[-112,17],[-6,-65],[-71,-78],[-199,63],[-67,-19],[-9,-24],[-77,-19],[-96,-7],[-67,-77],[-41,25],[-57,-9],[-132,61],[-31,39],[15,67],[-50,46],[-20,48],[-56,53],[-138,26],[57,28],[-77,-9],[-45,42],[50,12],[-25,27],[29,62],[48,2],[13,-55],[16,44],[29,-28],[70,-3],[-21,-42],[71,1],[-18,-59],[41,-31],[12,63],[38,-17],[54,10],[52,-24],[-23,96],[61,-23],[19,20],[-5,-82],[43,-36],[-6,61],[68,28],[21,-77],[112,-19],[57,43],[57,-8],[-3,76],[26,80],[37,14],[18,74],[42,-2],[-7,55],[74,14],[-4,102],[10,117],[-31,10],[38,37],[-71,13],[58,34],[-46,-3],[-57,76],[26,-88],[-42,-24],[61,-41],[-68,-16],[7,-30],[41,12],[52,-67],[-30,-19],[-25,64],[-44,-15],[35,-26],[-13,-57],[41,-9],[-66,-50],[-14,68],[-51,-29],[-120,105],[-91,27],[14,42],[50,-15],[98,-59],[47,5],[-38,27],[-26,53],[-19,-32],[-32,66],[13,38],[-32,12],[-2,-43],[-37,-19],[-101,28],[58,-52],[-16,-36],[-84,-20],[-47,29],[-102,-64],[19,42],[-45,-15],[-68,14],[-17,27],[-40,-38],[50,-24],[-51,-56],[40,-23],[-26,-31],[-95,46],[-29,-34],[3,-87],[26,-43],[-32,-25],[6,44],[-39,24],[-45,-7],[17,40],[-42,4],[-14,-57],[-35,23],[23,21],[10,90],[-40,-71],[-2,61],[-44,-31],[14,-65],[-59,137],[-19,15],[8,76],[29,52],[-72,-12],[3,74],[-48,5],[20,42],[-52,79],[-25,-13],[23,-65],[24,-8],[4,-79],[27,11],[28,-128],[-38,-24],[4,-64],[46,-19],[-45,-65],[40,-59],[39,-3],[6,-43],[40,-34],[5,-41],[36,-43],[-105,8],[-27,54],[-24,-72],[-56,150],[-51,6],[-29,32],[-8,58],[-16,-40],[29,-88],[-59,-35],[-38,95],[-54,77],[-17,-20],[25,-106],[-10,-30],[-90,125],[9,-56],[-42,-6],[-11,-57],[-20,17],[-69,-5],[-72,-43],[-77,62],[8,73],[-68,41],[-34,46],[-16,-64],[5,-89],[52,7],[-50,-106],[-19,-85],[-1,-96],[32,-128],[38,-19],[2,-90],[35,-43],[70,-46],[30,-84],[-25,22],[-66,-10],[-61,46],[-53,-26],[-48,62],[2,42],[-40,86],[7,28],[-21,102],[63,75],[29,91],[-17,69],[-6,133],[-44,109],[-42,71],[-58,43],[-38,5],[-83,63],[-3,29],[-57,89],[28,42],[-18,144],[32,4],[22,53],[51,41],[107,-32],[-6,37],[37,4],[31,62],[59,13],[-85,12],[-4,-39],[-62,21],[66,46],[53,84],[-6,-66],[57,-18],[1,59],[51,53],[-23,32],[79,-19],[-7,33],[-84,2],[-18,-34],[-80,-10],[33,76],[-26,-17],[-8,50],[47,29],[-44,30],[-51,-83],[0,-36],[-52,16],[-13,37],[-56,9],[2,52],[-35,13],[6,-106],[70,22],[34,-49],[-23,-33],[12,-78],[29,-44],[-47,-37],[-3,52],[-35,-29],[-47,8],[-14,-57],[38,-15],[-36,-34],[-49,15],[-17,-32],[56,-7],[-32,-80],[-41,3],[-15,-45],[31,-22],[6,-71],[-19,-41],[-130,119],[-127,104],[-55,35],[-160,62],[-133,9],[-48,-57],[-12,18],[35,75],[27,-28],[99,39],[41,-40],[155,-66],[6,25],[-52,88],[-104,-7],[27,44],[-65,-24],[-16,30],[-65,-6],[-52,-39],[-60,49],[71,-3],[25,28],[3,91],[-19,43],[54,-36],[62,39],[41,76],[36,11],[13,94],[38,43],[35,-6],[22,65],[-38,28],[16,-62],[-60,12],[-17,-64],[-66,-58],[-30,19],[8,-70],[-47,-36],[-50,-8],[-32,109],[-54,24],[14,60],[-36,15],[-56,141],[-54,67],[26,79],[-34,-54],[23,-76],[39,-37],[-25,-50],[53,-21],[11,-73],[27,-54],[47,-24],[20,-58],[-22,-109],[-45,-25],[-4,-73],[-66,-82],[-50,-28],[-74,14],[-57,-13],[-20,24],[-92,-33],[-35,-27],[-46,36],[-54,79],[-45,24],[-8,37],[-65,58],[-29,110],[-100,116],[-1,159],[49,83],[-26,59],[-44,17],[3,38],[-37,64],[12,44],[65,59],[4,34],[-40,43],[-47,0],[49,-34],[18,-49],[-50,-41],[-14,-43],[-2,-64],[31,-6],[-2,-50],[50,-21],[16,-72],[-48,-59],[2,-124],[-34,-55],[-49,23],[-9,-22],[-60,39],[-137,-3],[-121,21],[-25,-9],[-63,36],[-27,-6],[-15,46],[-29,-17],[-65,13],[-21,-31],[-58,21],[-109,91],[-56,33],[3,33],[46,26],[72,77],[55,-2],[61,37],[99,-24],[-26,21],[-80,11],[-60,-34],[-64,-5],[-112,-95],[-47,-7],[-31,54],[-30,194],[-44,-40],[49,-52],[3,-80],[39,-104],[-100,-61],[-130,4],[-55,-25],[-94,64],[-82,4],[-65,-37],[-7,78],[-62,50],[-117,138],[-35,11],[14,82],[44,13],[-94,10],[-46,40],[67,26],[-31,40],[-87,29],[0,52],[-125,119],[-70,-14],[-24,96],[-10,-96],[-53,8],[54,-44],[-44,-43],[22,-43],[-4,-58],[41,-89],[-221,-22],[-66,-38],[-141,157],[-131,-40],[-18,56],[-32,3],[-36,48],[6,33],[-94,94],[-33,74],[27,109],[16,-8],[23,12],[0,25],[55,0],[38,40],[0,32],[27,-10],[12,23],[26,-33],[38,47],[4,40],[-40,-58],[-31,8],[-34,-8],[1,48],[41,9],[26,67],[-9,60],[-89,45],[16,-35],[50,-3],[-35,-52],[-24,14],[17,-194],[-30,-32],[-61,0],[-5,-35],[-41,1],[-36,-98],[14,-92],[-92,-13],[-43,44],[18,-49],[61,-12],[80,21],[86,-90],[-15,-27],[47,-44],[5,-63],[-45,18],[-80,-34],[-104,-68],[-37,165],[-52,34],[-8,-27],[-50,5],[18,-62],[-24,-27],[5,-21],[-46,27],[76,-80],[-3,-38],[35,-52],[67,-13],[40,-27],[-37,-85],[9,-27],[-45,-14],[-7,-48],[-73,-59],[-80,35],[-32,70],[20,-92],[-20,-34],[-71,5],[-162,-22],[-53,18],[-74,-2],[-13,51],[-63,3],[-52,-20],[-89,11],[-87,-25],[-55,14],[12,69],[-35,90],[57,36],[35,-10],[46,36],[14,57],[-10,71],[-66,236],[-96,223],[-39,70],[-74,74],[-65,129],[-100,76],[-30,47],[-114,32],[-31,52],[-82,54],[-117,28],[-48,35],[35,159],[126,2],[-39,19],[-94,-12],[-21,-37],[1,-83],[-35,-51],[-60,-11],[-41,-64],[-109,50],[-40,49],[-116,20],[-47,75],[-46,-40],[-63,-5],[-33,28],[-152,-4],[-58,46],[-57,5],[-82,36],[124,14],[34,52],[-48,88],[22,13],[80,-29],[26,14],[75,-15],[30,82],[43,-31],[111,-3],[8,33],[37,-26],[76,49],[48,-3],[55,41],[70,3],[72,-39],[45,33],[6,41],[56,-12],[118,31],[60,-28],[54,46],[125,34],[78,-7],[91,64],[89,-17],[82,35],[60,-4],[47,-47],[78,-31],[35,15],[21,-44],[73,-25],[93,91],[28,105],[-22,49],[69,32],[-21,161],[-87,11],[-24,67],[27,1],[9,52],[-54,129],[-43,11],[-17,45],[-53,-13],[-31,33],[-158,-12],[-41,89],[-98,8],[-223,104],[-56,-2],[-15,27],[-47,-20],[-68,-1],[-58,-38],[-10,-35],[43,-23],[-13,-32],[-56,-27],[-39,-134],[-101,-76],[-9,-81],[-55,-4],[-25,61],[41,35],[-13,57],[18,21],[-22,122],[-27,46],[-5,105],[74,30],[-15,95],[-55,26],[-100,-54],[-91,61],[-73,6],[-17,-50],[-14,41],[46,86],[-66,55],[82,-6],[20,39],[60,-68],[71,13],[57,65],[-28,71],[-8,98],[-40,42],[53,70],[71,54],[96,23],[10,-16],[-59,-98],[-12,-97],[-37,-38],[15,-63],[53,-27],[24,-41],[64,47],[-20,23],[39,22],[46,83],[30,-30],[-77,-85],[70,-81],[68,13],[92,35],[29,41],[70,-22],[78,-2],[44,16],[-7,-47],[50,-65],[65,-9],[130,20],[62,53],[71,-2],[141,79],[159,-10],[39,-53],[-24,-25],[-61,31],[-30,-51],[19,-34],[133,-81],[-58,-33],[63,5],[49,-64],[56,5],[64,51],[13,-64],[50,-23],[79,11],[149,-19],[69,-48],[32,3],[70,46],[24,-18],[-26,-52],[1,-98],[37,180],[29,51],[-52,-38],[-96,-41],[-82,40],[-182,21],[-54,-11],[-56,79],[-121,-29],[-25,56],[-144,89],[15,17],[68,-12],[141,81],[23,-28],[138,27],[34,35],[-98,6],[-54,-12],[-77,23],[-11,52],[65,40],[-76,-23],[-26,-53],[-45,47],[-59,-4],[-46,26],[26,27],[120,47],[-6,21],[-117,-39],[-75,-63],[-96,29],[-99,0],[73,41],[8,49],[41,-14],[14,37],[-53,12],[89,21],[93,45],[-52,32],[84,23],[29,32],[-135,-32],[-50,8],[13,-70],[-77,-7],[-50,-27],[-5,51],[57,104],[-127,-131],[-43,19],[42,53],[-98,-67],[3,-49],[-36,-61],[-135,-18],[-51,10],[68,110],[-92,-59],[-123,-48],[-9,70],[48,33],[-27,54],[44,44],[-6,24],[85,59],[50,77],[53,40],[128,55],[40,47],[78,9],[164,118],[137,110],[-78,-27],[-41,-54],[-54,-39],[-69,-14],[-64,-38],[-18,-33],[-61,19],[-38,-55],[-65,-33],[-39,8],[-46,-53],[-106,53],[-40,-8],[-7,-86],[-35,-9],[-54,36],[-58,-42],[-29,15],[-125,-36],[-169,-136],[-66,33],[-28,-46],[-39,-3],[-21,-36],[-60,-9],[-109,-66],[-89,-2],[-58,55],[-44,-6],[-64,48],[-74,22],[-90,-36],[8,-84],[-42,-35],[-68,-15],[-64,20],[-115,-35],[-54,18],[16,113],[-49,45],[18,44],[94,-12],[16,31],[-159,-8],[9,25],[75,-10],[38,51],[-21,75],[-47,37],[1,112],[-35,-12],[-56,64],[19,20],[24,109],[46,61],[-10,34],[75,132],[29,-23],[23,37],[60,-2],[81,32],[-182,-34],[-75,122],[-10,104],[52,30],[25,92],[-15,50],[29,23],[46,-42],[-23,104],[64,27],[39,55],[69,20],[7,-30],[44,-7],[15,89],[-18,13],[94,17],[42,-21],[22,37],[57,-21],[52,7],[95,43],[19,-27],[114,-20],[27,-112],[26,33],[120,-4],[110,-36],[-26,45],[-35,-15],[-18,30],[-39,-13],[-118,12],[-40,82],[-61,3],[23,79],[-18,67],[41,69],[53,-52],[-39,-45],[157,32],[12,-23],[68,24],[93,-39],[8,-51],[88,14],[51,-76],[32,-18],[-70,114],[-76,-9],[-53,52],[-106,51],[-45,-1],[30,47],[-68,-5],[-4,40],[50,45],[78,7],[-30,54],[101,-21],[56,33],[19,-74],[39,-14],[35,29],[82,-10],[83,39],[48,62],[69,-26],[-6,43],[59,-29],[98,-9],[-26,34],[-52,1],[-76,40],[-18,48],[43,-17],[133,23],[103,58],[116,79],[109,-14],[8,-55],[50,24],[78,-34],[-11,-68],[-78,-92],[20,-33],[67,-17],[16,29],[-34,21],[107,30],[14,32],[181,6],[88,-10],[93,31],[-70,24],[-44,-8],[30,78],[75,60],[42,56],[60,8],[115,38],[164,15],[85,-9],[2,-30],[63,26],[56,-86],[55,-28],[-43,64],[39,26],[4,74],[90,39],[3,37],[49,-9],[60,24],[24,35],[29,-52],[45,43],[23,61],[42,-36],[27,33],[27,-36],[-39,-77],[-10,-72],[48,-48],[-23,-40],[-5,-76],[31,10],[67,-20],[-25,-22],[16,-82],[-19,-68],[27,-41],[-19,-151],[49,-10],[-32,50],[12,95],[-11,99],[48,33],[45,0],[36,116],[69,-40],[73,10],[-1,-28],[-56,-15],[-5,-49],[55,-92],[146,-68],[17,-43],[-11,-77],[76,91],[-23,19],[-36,126],[-4,74],[-36,58],[40,22],[10,-78],[35,-1],[-18,143],[-21,39],[64,49],[-2,69],[45,30],[16,-54],[31,-15],[18,68],[-19,43],[70,-47],[23,12],[43,-66],[37,-11],[79,52],[69,-12],[77,10],[81,-34],[-9,-23],[77,-67],[58,12],[57,-30],[93,62],[57,-5],[-53,-88],[71,-60],[-69,-60],[89,46],[-11,62],[47,31],[48,-9],[14,-78],[84,-23],[63,9],[38,32],[19,75],[-72,30],[22,39],[-21,125],[12,51],[72,17],[16,32],[41,-12],[19,51],[-4,74],[-54,70],[-83,-3],[10,28],[-31,47],[36,131],[29,0],[17,54],[40,-40],[105,67],[-8,62],[-46,-12],[34,49],[7,50],[57,-13],[0,48],[116,51],[-47,-54],[113,-21],[-25,37],[63,33],[48,-93],[62,-47],[53,27],[68,-18],[-71,-79],[9,-45],[196,16],[46,27],[-8,72],[72,5],[51,34],[45,-7],[14,31],[60,19],[65,64],[84,-13],[48,-39],[44,79],[88,-52],[87,154],[48,29],[-3,35],[72,-6],[40,-77],[-11,-100],[-22,-28],[71,-2],[-17,-127],[-55,-87],[-39,-24],[-13,-46],[28,-9],[4,47],[45,37],[64,84],[-1,62],[75,121],[42,-12],[40,78],[31,-14],[108,43],[21,41],[83,19],[112,-8],[-29,-36],[43,-88],[-61,-97],[62,7],[56,-20],[-61,-31],[-16,-94],[-47,-44],[7,-58],[-25,-52],[17,-29],[-99,-70],[5,-93],[16,37],[84,29],[-30,76],[42,6],[7,99],[46,109],[49,49],[81,13],[12,-46],[56,25],[121,19],[26,-26],[-40,-51],[54,-75],[-72,-11],[-20,-39],[-94,-25],[9,-28],[58,4],[99,-22],[-84,-11],[-6,-22],[60,-61],[45,7],[75,-31],[115,-1],[59,60],[5,-55],[32,-31],[47,-7],[6,-28],[-45,-52],[34,-54],[-60,-90],[28,-30],[49,4],[16,-68],[104,-63],[43,9],[53,-69],[-18,-37],[29,-69],[68,-17],[32,23],[24,-52],[55,-19],[26,-60],[36,6],[8,-129],[28,-55],[-13,-26],[41,-92],[-44,-85],[118,-70],[87,-13],[18,-83],[47,-34],[239,-83],[-57,-48],[31,-48],[-14,-55],[50,11],[-30,-56],[44,-41],[19,-48],[79,-115],[40,-10],[-36,41],[43,70],[-5,68],[-25,85],[57,24],[68,-69],[62,-11],[49,17],[-16,29],[30,72],[98,60],[116,143],[80,78],[69,88],[75,-2],[174,82],[91,84],[25,87],[-75,16],[-19,37],[53,3],[43,37],[65,-15],[72,34],[67,-33],[7,-50],[115,17],[48,66],[94,13],[76,63],[95,59],[46,101],[15,-96],[57,-38],[74,-4],[-37,-49],[-21,-62],[-44,-38],[-18,-74],[-109,-91],[68,-14],[27,-52],[81,109],[22,-15],[24,50],[61,31],[0,24],[122,39],[19,-14],[-59,-54],[58,-81],[-10,-54],[76,-27],[28,-58],[-7,-49],[47,-12],[27,-129],[76,124],[-16,110],[48,-20],[7,-96],[-23,-50],[51,-49],[90,79],[-53,32],[21,93],[55,19],[-3,34],[40,27],[6,-55],[76,-47],[12,21],[-59,37],[-10,79],[-54,15],[-1,50],[42,-21],[114,48],[83,-5],[14,-28],[177,40],[49,-23],[-42,-60],[35,-21],[54,7],[29,-68],[-23,-31],[42,-80],[25,-1],[32,-75],[77,-24],[-79,-79],[57,-22],[63,-110],[-11,-34],[63,-2],[14,-69],[-43,-48],[-18,-103],[24,-80],[-4,67],[56,26],[-7,55],[27,29],[46,-29],[30,111],[-93,-19],[36,86],[-12,45],[-62,1],[20,53],[-43,55],[-24,79],[68,-11],[52,-49],[30,24],[-53,45],[13,46],[-46,-23],[-19,22],[-73,10],[-15,-23],[-41,68],[-36,-10],[55,103],[-57,-13],[-19,29],[22,38],[-43,74],[-37,22],[47,12],[-40,46],[14,31],[47,5],[93,51],[59,84],[-38,64],[42,-7],[77,37],[15,-42],[76,27],[-51,50],[82,13],[4,52],[20,-55],[38,-12],[32,23],[58,-38],[68,61],[70,-28],[126,89],[15,-41],[-29,-19],[16,-65],[43,-68],[-63,-54],[-54,-24],[-7,-81],[-35,-51],[15,-60],[61,-98],[58,-55],[94,-31],[220,-43],[330,24],[80,21],[92,-1],[425,107]],[[9773,49281],[-42,5],[10,51],[-22,35],[71,9],[-67,36],[93,24],[-18,-146],[-25,-14]],[[7114,49004],[-5,68],[82,23],[21,-32],[-35,-39],[-38,10],[-25,-30]],[[7072,49013],[-41,18],[41,18],[0,-36]],[[5250,48624],[-9,28],[-53,-4],[-40,26],[-39,-35],[-59,23],[7,31],[55,41],[73,-1],[11,-33],[56,-27],[-2,-49]],[[5409,41892],[-10,28],[38,27],[-28,-55]],[[1345,43992],[-46,46],[-67,12],[15,22],[77,-24],[21,-56]],[[5226,41820],[-8,58],[36,-47],[-28,-11]],[[4398,42805],[-70,87],[52,20],[26,-82],[-8,-25]],[[828,46344],[-38,55],[39,22],[24,-54],[-25,-23]],[[1270,46028],[21,61],[45,38],[29,-10],[-95,-89]],[[1124,46232],[-70,5],[54,18],[16,-23]],[[5567,48251],[-30,81],[44,-50],[-14,-31]],[[172,46651],[-40,-3],[10,50],[52,12],[27,33],[-31,40],[-190,-54],[32,69],[119,46],[2,41],[70,30],[39,-26],[76,63],[28,-40],[44,-5],[-37,-54],[111,-23],[-15,-33],[-47,0],[-86,-61],[-59,12],[-42,-69],[-63,-28]],[[201,46923],[-36,22],[54,5],[-18,-27]],[[7855,41286],[-78,56],[-35,-35],[-73,-19],[-51,45],[-59,11],[-90,72],[-40,49],[13,28],[125,8],[87,-22],[85,-41],[79,0],[68,-71],[-31,-81]],[[10315,39466],[51,3],[42,36],[-5,-80],[-95,-30],[-25,36],[1,60],[31,-25]],[[8707,39340],[-60,45],[-4,33],[-64,109],[3,64],[83,168],[44,-54],[80,-10],[-3,-33],[80,-4],[50,-54],[82,-18],[66,22],[18,-112],[37,-29],[-4,-55],[35,-38],[67,-1],[59,-65],[46,-22],[156,6],[50,-55],[-40,-7],[-14,-73],[-35,-23],[-3,-43],[-72,-50],[-13,31],[-120,48],[-86,-29],[-39,47],[-45,-5],[-72,62],[-39,-39],[-63,-14],[-28,21],[-74,-30],[-22,48],[-58,12],[-63,100],[65,47]],[[10020,39665],[-48,68],[-70,11],[-44,53],[-46,9],[-3,28],[58,7],[47,-43],[98,-15],[8,-118]],[[10425,40891],[-10,65],[22,134],[24,72],[26,-11],[43,43],[-24,-59],[18,-33],[62,-8],[-115,-22],[-16,-126],[-30,-55]],[[10654,41012],[-19,37],[41,19],[-37,26],[79,52],[41,-25],[-55,-34],[-50,-75]],[[11030,40975],[-52,73],[55,-27],[-3,-46]],[[10762,40948],[-43,16],[18,40],[25,-56]],[[10911,41169],[-30,28],[-47,-2],[-4,28],[75,-23],[6,-31]],[[10802,41065],[-27,45],[38,-3],[-11,-42]],[[9052,41938],[17,6],[-11,-87],[-22,79],[16,2]],[[33924,33402],[-15,-71],[28,-65],[-5,-52],[25,-64],[46,13],[28,-35],[58,-23],[65,23],[30,-96],[-68,21],[-53,-78],[-16,-68],[25,-66],[36,-40],[44,-2],[23,-36],[87,16],[46,-98],[54,40],[12,71],[56,15],[74,-85],[58,-45],[-6,-68],[-23,-19],[32,-81],[31,5],[17,60],[51,3],[89,-44],[35,-1],[49,-47],[-17,-76],[51,-108],[4,-36],[66,-4],[51,-46],[0,-99],[40,-81],[-18,-19],[41,-114],[-11,-30],[78,-79],[37,9],[39,-24],[5,-117],[25,-78],[-21,-69],[-34,-35],[18,-22],[-50,-76],[21,-59],[-7,-118],[31,-111],[33,-28],[29,-116],[145,-91],[-22,-117],[13,-25],[-33,-83],[2,-61],[62,-69],[20,-48],[-12,-36],[-88,-39],[-92,-12],[-28,-22],[29,-55],[-83,-39],[9,-35],[-43,-23],[-12,-71],[11,-38],[52,-14],[-50,-40],[-14,-44],[-57,-8],[-65,-64],[-2,-28],[-55,18],[5,-67],[-51,-93],[-57,3],[-3,38],[-38,13],[-24,-27],[-101,-10],[-4,-64],[33,-22],[-9,-51],[-51,8],[-38,-79],[-56,-9],[-57,31],[-71,-72],[20,-36],[92,-91],[1,-38],[66,-50],[26,-53],[12,-129],[41,-58],[32,22],[79,-34],[26,-70],[48,18],[90,-156],[20,-4],[34,-73],[30,-10],[-19,-91],[31,-28],[-8,-82],[-52,-73],[30,-70],[38,-29],[-43,-58],[-7,-46],[-112,-8],[-39,11],[-18,-81],[4,-102],[-88,-99],[51,-63],[9,-53],[33,-52],[46,-19],[-8,-41],[51,-54],[63,5],[18,-56],[-18,-26],[22,-63],[-35,-47],[39,-31],[-58,-114],[28,-70],[-28,-60],[9,-67],[-13,-59],[-34,-25],[17,-67],[-34,-30],[1,-64],[-37,-105],[26,-42],[54,-19],[103,-125],[-21,-40],[-77,-47],[-25,20],[-69,-16],[-42,-57],[-29,24],[21,49],[-72,29],[-79,-10],[-42,59],[-46,26],[-39,-5],[-76,28],[-9,44],[-36,30],[-82,28],[-66,-8],[-25,-21],[22,-68],[41,-27],[27,-71],[-30,-53],[21,-90],[-19,-75],[-18,10],[-40,-47],[42,-74],[-37,-57],[-155,-32],[-45,-63],[-36,-96],[-58,-80],[-73,24],[-44,-46],[-15,-85],[-62,-21],[-32,-49],[15,-67],[-71,-32],[-21,-46],[-86,-70],[-57,-150],[46,-40],[7,-120],[24,1],[71,-64],[44,-1],[-6,-52],[-103,-22],[19,-39],[-17,-60],[-65,-59],[-70,10],[24,-110],[27,-36],[-43,-10],[-18,-68],[16,-48],[-26,-83],[-33,-9],[-46,36],[-41,-22],[-37,23],[-9,-33],[-156,-97],[-41,-70],[19,-55],[38,-29],[38,-138],[41,-48],[73,-56],[6,-40],[-54,-106],[-74,8],[-55,-35],[-49,31],[-78,-47],[-52,-8]],[[32927,23911],[-47,0],[-33,47],[-100,-34],[-81,-3],[-93,-23],[-88,-83],[-45,-14],[-33,-48],[-41,3],[7,89],[-12,44],[-139,35],[-44,-40],[0,-31],[-54,-33],[1,-40],[-86,-17],[-25,-40],[-84,-32],[-38,-37],[2,52],[-27,1],[-8,-79],[-25,-38],[-56,7],[-42,-20],[-76,74],[2,-40],[-52,-47],[-35,66],[-82,25],[27,35],[-20,84],[-46,32],[-31,-7],[-41,57],[-64,-6],[-38,135],[-71,57],[-13,41],[-59,11],[-5,29],[-79,62],[-24,61],[-56,12],[-25,28],[-31,-20],[-82,32],[-69,2],[-64,33],[-28,-8],[-82,-72],[-32,2],[-23,117],[-55,-8],[-34,-36],[-81,-10],[-117,-75],[-2,-56],[-78,-32],[-53,37],[-18,-34],[-160,-53],[24,-73],[-13,-54],[27,-25],[-24,-62],[42,-32],[-21,-42],[50,-103],[26,-3],[-2,-58],[40,-107],[-1,-33],[-75,26],[-53,-43],[-5,-32],[40,-15],[-15,-37],[57,-61],[43,-15],[-1,-93],[-39,-24],[-91,7],[2,-42],[-29,-17],[-13,-87],[-75,-17],[-41,-37],[-28,36],[-46,-51],[-4,-95],[27,-65],[-9,-24],[-115,-40],[-38,10],[-133,-60],[-37,-53],[52,-5],[-39,-74],[91,-86],[31,2],[-31,-162],[-73,26],[-21,-55],[22,-15],[-8,-51],[-42,-35],[-7,-38],[-78,52],[-34,-80],[-67,-16],[-24,-29],[-7,-71],[-54,-10],[-25,-47],[-81,-4],[-41,-20],[-75,17],[-58,-21],[-44,-51],[-57,-9],[15,-103],[-16,-15],[31,-100],[-101,-128],[-94,-74],[-74,-96],[37,-39],[-17,-43],[20,-54],[-71,-6],[-61,43],[-21,-73],[-112,-25],[-22,-38],[-49,-30],[-77,-104],[-12,63],[-70,26],[-57,-28],[31,-45],[-6,-37],[54,-40],[33,-92],[42,-46],[-21,-68],[28,-25],[-40,-77],[64,-30],[14,-56],[-22,-72],[-1,-70],[52,-27],[-19,-48],[78,2],[40,-16],[30,-78],[3,-119],[-45,-64],[41,-7],[19,-69],[-22,-27],[4,-71],[-52,-22],[-204,22],[-36,23],[-89,-85],[-9,35],[-73,-18],[-36,18],[-53,-73],[-15,131],[-44,31],[-32,61],[-108,-17],[-6,-49],[-35,-52],[24,-43],[-7,-42],[23,-48],[-31,-92],[-73,-57],[-8,-73],[52,-28],[30,-57],[72,-2],[51,20],[43,-104],[67,-28],[9,-49],[38,2],[-48,-77],[-57,27],[27,-69],[-5,-56],[-27,-2],[-35,-64],[47,-53],[-40,-93],[-70,-124],[3,-47],[-85,1],[-50,18],[-76,-2],[-31,-58],[3,-60],[52,-8],[27,-37],[55,50],[33,-34],[-24,-62],[23,-49],[-7,-43],[26,-59],[-52,27],[-22,-36],[14,-43],[-106,-16],[-178,107],[-104,12],[-34,-8],[41,-93],[-21,-76],[23,-55],[-102,36],[-102,-73],[-21,-46],[-2,-72],[-46,-75],[16,-62],[-14,-32],[-48,3],[-54,-27],[-39,6],[-51,-85],[-51,5],[-29,-61],[1,-50],[-77,-34],[-47,59],[8,61],[-48,10],[-55,37],[-1,41],[-51,67],[-59,24],[-28,55],[-116,-14],[12,-17],[-61,-92],[-44,-30],[-157,16],[-41,41],[-39,-77],[-6,39],[-78,2],[-5,-34],[-113,17],[-66,-104],[-12,-70],[-79,-18],[-31,23],[-32,-59],[-41,14],[-51,-19],[-44,-89],[-46,12],[-61,58],[-142,-63],[-48,18],[-11,-32],[16,-70],[-64,-13],[-138,41],[-16,31],[-64,29],[-12,-36],[-108,57],[24,44],[-16,32],[-31,-23],[-49,25],[-37,-13],[-14,-55],[-60,13],[-43,-93],[-62,-24],[-15,-138],[-27,-20],[-90,27],[17,114],[-67,50],[-46,-91],[-54,-23],[-48,9],[-68,-31],[-16,13],[-41,-63],[-4,-58],[-49,-22],[6,-80],[53,-68],[20,-70],[-2,-91],[-14,-66],[-47,-50],[-72,43],[-57,-18],[-60,73],[-63,33],[-46,47],[-39,2],[-26,39],[49,55],[69,33],[6,67],[-24,41],[-92,71],[-80,86],[-21,-94],[-29,-57],[-53,3],[-48,-67],[-5,-40],[-50,-16],[-56,39],[-27,-90],[19,-35],[-34,-14],[-101,112],[-51,-55],[-81,25],[-2,-49],[-53,-31],[-62,67],[-9,-49],[-40,-18],[-47,-84],[-80,-53],[-32,46],[-29,-41],[-11,-55],[-27,-6],[25,-47],[53,20],[50,-46],[95,-42],[19,-79],[-14,-40],[-32,59],[-10,-61],[-47,-31],[59,-77],[36,-88],[-42,-12],[25,-136],[-49,-9],[-109,2],[-2,-28],[41,-43],[-19,-70],[33,-29],[33,-178],[-39,-5],[-3,-37],[89,-13],[14,-70],[-37,-48],[-68,-55],[-153,-89],[53,-91],[-25,-41],[-56,-30],[-6,-62],[84,-16],[-22,-44],[6,-66],[-96,-19],[2,-104],[-80,47],[1,-106],[16,-72],[139,0],[-2,-59],[-33,-50],[31,-18],[26,-87],[43,35],[102,30],[27,-63],[65,27],[64,60],[55,-93],[75,20],[45,-39],[76,45],[74,-35],[40,7],[24,-79],[-10,-44],[21,-43],[-27,-60],[29,-40],[36,32],[67,8],[34,-76],[64,-74],[20,-83],[-43,-136],[67,-22],[1,-90],[77,-18],[-5,-47],[-52,11],[-55,-15],[-73,2],[-37,-26],[23,-44],[-37,-139],[52,-33],[34,-54],[-53,-12],[-23,-49],[66,11],[45,-12],[46,118],[4,36],[34,-24],[37,92],[65,7],[-11,-88],[66,-62],[-14,-58],[-36,-51],[-11,-50],[40,-28],[-32,-43],[14,-23],[-31,-71],[81,-85],[42,-68],[38,-23],[-88,-137],[-62,45],[-101,-17],[-18,-90],[-39,-66],[-38,-33],[13,-94],[39,-32],[49,-10],[-14,-28],[46,-36],[-39,-62],[9,-37],[-48,-57],[-54,-92],[-16,-102],[-106,47],[-1,-106],[19,-73],[-13,-32],[17,-99],[-127,0],[-9,-69],[-38,-1],[-25,84],[-29,7],[-35,-91],[-4,-58],[-76,-95],[8,-48],[-23,-50],[-111,-64],[-21,-56],[-86,33],[10,-62],[-29,-25],[13,-46],[38,-20],[2,-50],[-59,-108],[14,-53],[67,-47],[-37,-3],[-48,-62],[-48,-11],[-61,-48],[-70,39],[-86,-10],[9,-58],[-16,-102],[-75,-52],[-51,1],[-28,-87],[28,-169],[-16,-43],[32,-28],[21,-112],[-25,-58],[-60,4],[-47,-30],[-13,-49],[-75,-16],[9,-80],[41,-51],[2,-95],[40,-92],[-29,-123]],[[22064,9930],[-37,-83],[-37,-16],[-18,24],[-62,-2],[-95,-157],[-69,-44],[-2,-40],[-52,-14],[-66,58],[-44,-14],[-112,-64],[-38,51],[-43,4],[-78,34],[-34,47],[-59,28],[-12,46],[-42,-17],[-16,-42],[-54,-56],[13,-74],[-32,-50],[-64,11],[-34,-103],[-88,36],[0,49],[27,50],[-19,58],[-37,9],[-63,-37],[-46,24],[9,68],[-22,105],[-73,36],[-76,100],[-86,32],[-30,37],[-21,77],[-56,59],[-94,-37],[-29,38],[-59,12],[-68,76],[6,39],[-21,60],[54,38],[-36,63],[-8,75],[16,37],[-39,14],[-57,127],[-75,12],[-16,-21],[-85,-11],[-91,-82],[-56,-2],[-69,21],[-39,-19],[-87,-4],[-47,27],[-93,2],[-30,51],[-55,6],[-52,-65],[-93,-3],[-70,48],[-64,20],[-28,45],[-88,48],[-27,72],[-46,38],[-43,-18],[-34,18],[-171,19],[-66,38],[8,49],[-89,30],[-54,55],[-88,-100],[-32,-6],[-20,112],[-129,85],[-32,-34],[-141,112],[-85,39],[-78,-86],[-72,7],[-35,74],[-79,59],[-98,33],[16,75],[40,100],[37,57],[86,96],[-231,-38],[-53,-33],[-10,-37],[-53,-76],[26,-64],[-17,-53],[5,-120],[-49,-173],[-400,119],[-140,229],[-6,37],[41,71],[107,66],[-11,26],[73,35],[14,53],[43,19],[-1,50],[24,48],[-29,39],[63,46],[-8,31],[9,115],[53,56],[32,7],[-14,54],[6,72],[22,51],[-15,57],[27,46],[-22,151],[-103,114],[-37,20],[-66,-43],[-51,-3],[-67,31],[-57,7],[-56,34],[-20,36],[-43,-16],[-64,84],[-119,2],[-91,-12],[-59,-25],[34,-53],[-54,-159],[-34,-38],[-97,31],[-50,-18],[-62,80],[-37,134],[36,107],[-7,35],[-52,20],[-45,-15],[-44,39],[-62,14],[-89,-37],[-31,20],[-38,-20],[-48,-58],[-45,-2],[-29,-29],[-26,96],[-27,43],[17,89],[-67,21],[-25,69],[-63,-9],[-81,78],[29,49],[-43,57],[15,22],[66,-7],[88,46],[-7,27],[78,-21],[264,110],[-5,-36],[61,-27],[41,35],[-25,43],[21,26],[103,30],[33,29],[28,64],[37,31],[37,-3],[65,87],[2,55],[25,9],[28,67],[42,59],[29,69],[-6,31],[68,39],[28,39],[83,152],[105,235],[69,114],[146,316],[54,144],[8,92],[21,65],[7,157],[34,210],[64,345],[81,382],[45,174],[91,447],[52,296],[50,232],[14,108],[137,698],[55,376],[122,871],[72,621],[14,105],[23,303],[10,83],[-2,171],[-39,162],[8,50],[80,91],[85,141],[80,210],[3,171],[58,133],[51,20],[77,2],[110,-66],[-70,-63],[50,-29],[19,49],[100,-5],[168,-43],[28,36],[43,10],[68,-19],[52,63],[16,-33],[74,-40],[23,48],[50,-11],[-7,38],[-63,68],[1,35],[-57,66],[-86,15],[-88,93],[146,-26],[-64,89],[-75,52],[-83,81],[-46,70],[-49,39],[-53,10],[-20,45],[-39,9],[-54,61],[-37,16],[-49,71],[-26,7],[-48,-133],[27,-31],[-8,-37],[-74,-55],[-3,-40],[-63,-62],[1,-25],[-91,-64],[10,-9],[-49,-89],[-34,-162],[6,-70],[-34,-105],[14,-85],[-41,-73],[-38,52],[-6,145],[18,198],[28,225],[67,479],[64,509],[26,275],[44,381],[26,281],[20,272],[13,113],[21,290],[9,64],[34,386],[47,423],[39,389],[15,381],[-8,187],[0,162],[43,203],[-8,119],[-19,70],[13,75],[70,171],[92,103],[58,102],[21,4],[23,113],[40,48],[124,52],[309,34],[17,28],[-20,106],[-89,14],[19,47],[-16,55],[-36,42],[-32,-20],[-73,-7],[-98,87],[-74,39],[-33,35],[-32,-15],[-31,37],[-61,8],[-45,45],[-167,137],[-59,29],[-98,83],[-61,36],[-96,-23],[1,-27],[52,-96],[-52,17],[-33,189],[-24,498],[53,48],[98,34],[59,-29],[52,6],[136,77],[55,-35],[52,52],[-35,124],[-58,57],[-10,77],[-61,7],[14,49],[-24,21],[93,-13],[-15,56],[145,-39],[49,40],[45,62],[9,65],[81,111],[33,102],[-14,147],[-87,35],[-4,42],[149,10],[-4,39],[-53,23],[-26,43],[-4,81],[-59,37],[-58,98],[72,-45],[55,31],[82,-14],[34,32],[14,78],[-39,116],[23,35],[-40,98],[-53,27],[-56,5],[-20,54],[-3,98],[-32,110],[-65,56],[-75,-3],[-54,44],[87,23],[-18,95],[-80,3],[-36,66],[-90,7],[9,55],[47,14],[8,37],[-127,-5],[-95,-49],[-75,33],[-20,-9],[-62,51],[23,57],[60,-1],[22,30],[3,63],[54,30],[34,64],[-33,66],[34,58],[72,55],[38,4],[80,90],[67,53],[10,60],[53,5],[49,48],[33,1],[-56,213],[17,10],[-45,99]],[[23025,13277],[59,5],[12,-56],[2,-112],[-29,-5],[-72,32],[-28,-37],[-1,-62],[25,-70],[58,11],[22,-23],[81,-22],[29,36],[0,102],[28,122],[-11,55],[-82,75],[-1,32],[-46,17],[-64,-21],[18,-79]],[[23026,12516],[-4,44],[54,16],[57,70],[1,59],[-31,54],[-46,37],[32,101],[-45,16],[-57,47],[-39,-27],[-23,-78],[-56,-57],[-15,-91],[22,-71],[44,-55],[22,-78],[84,13]],[[18403,30321],[-23,64],[38,-1],[26,-45],[-41,-18]],[[16728,32019],[7,33],[56,11],[40,78],[207,10],[-41,-79],[-71,-7],[-8,-45],[61,-33],[99,-13],[189,23],[37,-4],[80,-57],[73,-67],[70,22],[61,-21],[17,-61],[34,-51],[-1,-37],[62,-33],[52,9],[-76,-65],[-28,-49],[-27,13],[-88,-19],[-77,15],[-33,26],[-113,36],[-80,85],[-94,64],[-320,164],[-60,4],[-72,-23],[-62,-37],[-87,47],[-54,14],[-62,146],[-60,79],[0,55],[93,-12],[61,35],[62,57],[63,3],[84,-72],[6,-50],[29,-41],[-35,-31],[-43,3],[-16,37],[-52,-54],[-29,36],[-2,-62],[30,-52],[60,-11],[-4,-50],[62,31]],[[18123,30691],[-15,30],[20,76],[29,10],[62,-49],[-77,2],[-19,-69]],[[17782,29626],[-41,147],[-50,88],[-48,41],[-58,79],[-52,6],[-63,64],[-105,54],[-43,41],[-161,179],[-1,71],[-43,90],[39,134],[-29,81],[-32,43],[-54,209],[100,-38],[92,-19],[-8,-46],[87,-83],[77,-40],[57,-66],[9,-38],[69,-43],[116,-18],[158,12],[49,-57],[14,-67],[-42,-91],[6,-27],[66,-79],[-34,-94],[47,-92],[58,-63],[41,-18],[24,-60],[42,-33],[-28,-41],[-12,-108],[-34,-33],[-19,-56],[56,-138],[-44,-32],[-122,-150],[-35,40],[-28,89],[-21,162]],[[17833,21389],[-21,-55],[-28,1],[49,54]],[[18789,21760],[-12,13],[29,74],[55,-76],[-47,13],[-25,-24]],[[18113,22076],[-45,32],[38,12],[7,-44]],[[32927,23911],[35,-92],[46,-61],[-18,-74],[10,-63],[22,-2],[85,-82],[23,-61],[-42,-37],[-56,-6],[-11,-110],[33,-75],[51,-57],[70,-123],[50,-19],[-7,-23],[40,-98],[148,-105],[-14,-47],[32,-92],[-9,-81],[-30,-43],[-58,-6],[-14,-45],[35,-75],[-20,-73],[8,-33],[-15,-89],[-82,-87],[-6,-67],[38,-34],[68,43],[119,-168],[-49,-67],[-30,-6],[58,-79],[-24,-23],[-2,-61],[99,-62],[78,-90],[60,51],[-40,53],[-16,82],[34,45],[84,32],[76,-24],[69,61],[37,-3],[51,40],[37,2],[62,-29],[91,46],[51,-86],[-25,-40],[101,-68],[55,7],[62,66],[65,-34],[57,6],[44,-29],[30,10],[55,-34],[61,64],[90,-38],[20,61],[29,-21],[57,56],[-14,84],[27,41],[27,90],[64,19],[26,53],[59,65],[35,4],[43,51],[49,12],[-14,45],[-59,-19],[36,54],[12,74],[-20,75],[49,20],[16,89],[-9,34],[49,47],[60,-6],[61,59],[9,98],[-23,81],[59,38],[7,44],[-40,69],[41,29],[42,74],[11,50],[34,42],[108,-21],[20,46],[-3,67],[32,21],[51,91],[51,12],[14,-24],[46,14],[32,44],[40,119],[36,-29],[12,58],[53,51],[16,-76],[45,28],[92,-104],[20,-60],[-19,-44],[22,-90],[-28,-57],[-15,-94],[30,-71],[31,16],[45,66],[80,45],[25,-31],[26,17],[148,-1],[37,17],[-22,-158],[49,-44],[-29,-15],[40,-53],[19,-98],[51,-138],[43,-73],[57,-17],[69,69],[23,-21],[57,-106],[-32,-86],[-61,32],[-27,-32],[25,-36],[42,6],[35,-49],[-7,-76],[-41,-63],[54,-156],[-6,-49],[48,-84],[-23,-47],[71,-64],[6,-53],[88,-99],[29,0],[0,48],[80,152],[8,84],[35,42],[36,132],[45,17],[58,-13],[-21,93],[-37,-1],[20,53],[1,81],[38,63],[45,25],[-30,62],[33,43],[-8,168],[40,37],[25,60],[67,34],[-19,87],[57,-29],[64,-1],[-2,105],[-25,35],[66,81],[-22,26],[18,61],[-17,32],[54,62],[29,5],[32,58],[58,-2],[110,-165],[101,-110],[55,86],[53,-8],[110,88],[-33,62],[-6,91],[107,41],[-32,127],[26,26],[90,12],[-30,-61],[46,-31],[66,-6],[95,97],[16,-23],[23,42],[103,78],[76,-8],[31,110],[50,27],[-9,-37],[27,-35],[-22,-29],[81,-58],[37,47],[33,-10],[49,-102],[-6,-142],[-16,-14],[41,-61],[-6,-51],[81,-135],[13,-127],[15,-44],[78,-94],[-13,-70],[59,-37],[43,-92],[40,-21],[85,115],[171,29],[84,-23],[-6,52],[66,12],[19,-60],[46,6],[-10,77],[35,20],[-18,36],[38,102],[-23,95],[67,18],[30,-34],[70,45],[31,-22],[76,-11],[29,-32],[31,-89],[26,-5],[-13,-104],[-55,-32],[40,-48],[133,14],[12,36],[62,-4],[27,-28],[79,10],[1,44],[35,-5],[33,-98],[60,-94],[-19,-21],[24,-41],[34,19],[-1,-40],[39,-10],[107,-92],[1,-74],[40,-28],[25,38],[73,30],[41,-32],[-24,-76],[-34,-34],[56,-60],[79,-2],[73,-31],[13,-55],[-52,-26],[-25,-107],[50,-43],[-12,-56],[67,4],[-8,-45],[-60,-82],[43,-29],[27,-119],[22,7],[37,-88],[-23,-134],[15,-70],[40,2],[16,-40],[-14,-92],[45,-13],[21,-34],[-12,-42],[57,-68],[33,33],[55,-6],[55,-117],[-5,-24],[52,-163],[37,-27],[19,-89],[22,-31],[-17,-67],[15,-140],[42,-44],[3,-37],[81,-41],[37,-57],[65,1],[41,-85],[-50,-83],[99,-42],[51,-57],[-17,-69],[-38,-13],[-39,32],[-33,-41],[15,-44],[42,-38],[-10,-29],[31,-71],[-14,-86],[-17,-22],[12,-55],[-81,-56],[72,-85],[82,52],[11,23],[98,12],[2,26],[47,-4],[54,-46],[50,71],[35,-59],[27,-5],[12,-96],[101,-8],[44,40],[57,-124],[128,-57],[50,-66],[70,-71],[75,-33],[92,69],[10,47],[42,71],[7,101],[-14,35],[68,5],[87,61],[38,65],[-19,29],[45,9],[146,-2],[108,50],[55,-88],[-60,-221],[51,-81],[138,0],[14,-29],[50,26],[13,62],[12,237],[30,59],[80,3],[30,-34],[97,13],[47,-32],[-2,-39],[55,9],[35,-45],[64,25],[-9,-37],[65,-121],[75,-10],[55,-41],[102,-36],[30,-72],[59,38],[42,-7],[15,-56],[36,-26]],[[44749,19270],[22,-106],[95,-104],[17,-59],[-27,-83],[19,-28],[80,19],[56,-7],[16,-42],[-25,-49],[6,-51],[74,-36],[-27,-141],[14,-115],[-34,-90],[-5,-107],[-17,-31],[2,-66],[52,-73],[17,-85],[148,57],[28,-13],[-14,-60],[138,-80],[5,-84],[86,-82],[37,-50],[23,-103],[76,-10],[26,-34],[4,-134],[-30,-28],[-116,16],[-10,-69],[22,-62],[-32,-50],[-50,-22],[-82,-124],[-47,-27],[-86,-10],[-50,-54],[5,-28],[-77,-91],[-104,-49],[40,-3],[-78,-91],[-101,-43],[-35,-45],[-7,33],[-87,-55],[25,-70],[-10,-45],[68,22],[28,-56],[-60,-29],[-49,-58],[42,-88],[16,-69],[-18,-167],[-99,-133],[-17,-85],[-55,-126],[-3,-102],[47,-100],[19,-90],[-49,22],[-50,-18],[-59,9],[-51,59],[-133,32],[-59,39],[-70,-33],[-95,0],[-75,-19],[-53,-98],[-1,-87],[-80,-21],[-30,-25],[-60,-130],[-18,-71],[-37,-60],[4,-25],[58,-66],[67,5],[56,25],[39,-45],[-67,-125],[-47,-38],[-113,11],[-104,-80],[63,-11],[-33,-67],[-40,-10],[-61,17],[-26,-61],[-75,-38],[-68,-3],[-5,-27],[-69,-47],[-74,51],[20,57],[-15,34],[-51,-78],[77,-112],[-73,-24],[-59,-65],[-112,-43],[-58,-3],[-87,-55],[-1,-36],[-40,-99],[-2,-122]],[[42834,13944],[-163,36],[-132,41],[-128,66],[-48,50],[-49,124],[25,17],[5,68],[48,10],[25,60],[-56,78],[-118,69],[-135,18],[-154,-5],[-140,-30],[-176,-77],[-157,-79],[-120,-71],[-100,-69],[-160,-133],[-78,-82],[-71,-103],[-100,-113],[-101,-64],[-107,-39],[-120,-63],[3,-96],[-45,-3],[-110,-61],[-82,-8],[-40,19],[-86,-55],[-121,-112],[-78,-81],[-204,-241],[-149,-202],[-45,-87],[-28,-20],[-47,23],[-74,-9],[-72,19],[-68,37],[-36,-4],[-64,55],[-116,-13],[-83,-27],[-165,-72],[-179,-123],[-207,-156],[-173,-166],[-142,-156],[-127,-151],[-117,-172],[-68,-124],[-55,-78],[-111,-215],[-66,-154],[-65,-174],[-6,-54],[-55,-163],[-33,-149],[-20,-144],[5,-78],[63,-26],[26,-63],[-35,-203],[-6,-75],[-36,-251],[-16,-244],[-5,-384],[11,-155],[-23,-219],[-2,-270],[11,-127],[37,-205],[3,-161],[24,-153],[28,-51],[86,-13],[45,-38],[-5,-27],[95,11],[43,-47],[9,29],[107,-53],[-74,-86],[42,-6],[-19,-119],[116,-37],[-1,-48],[34,-34],[-19,-41],[39,-10],[-31,-29],[41,-42],[-12,-39],[52,-7],[-29,-29],[-83,3],[-39,-16],[-109,33],[-49,-18],[-39,-61],[-71,-6],[-45,66],[-26,3],[-17,44],[-40,21],[-50,76],[-31,114],[-35,3],[-89,-57],[-56,45],[-55,5],[-42,-42],[-57,-14],[-32,54],[-60,55],[-78,-64],[-26,-90],[-91,-10],[-69,32],[-18,-12],[-69,48],[-32,-26],[-9,-56],[-22,-5],[-78,35],[-61,-133],[-50,4],[-31,-57],[-18,9],[-24,-91],[-69,-7],[-25,-33],[-39,-5],[-47,44],[-21,48],[-100,-8],[-77,-22],[-105,-94],[-90,-14],[-12,-113],[-72,6],[-17,-23],[41,-45],[1,-80],[58,-46],[8,-109],[-94,-7],[-17,18],[-130,6],[-99,28],[-58,48],[-80,9],[-77,-25],[-1,-53],[-54,-81],[-67,-2],[-73,26],[-51,37],[-87,-15],[-66,128],[-44,20],[-12,43],[-36,-4],[-63,62],[6,88],[-25,16],[-74,-20],[-78,25],[-36,32],[-71,2],[-105,42],[-25,67],[-57,-10],[-33,17],[-45,65],[-33,6],[-29,-32],[-42,-6],[-90,72],[-68,30],[-49,-64],[-101,-21],[-102,-60],[-98,11],[-58,42],[-48,-7],[-67,-49],[-62,-23],[-32,-97],[-32,-21],[9,-75],[-124,-62],[-13,-66],[-66,6],[-61,-45],[-107,-1],[-58,-17],[-34,-54],[-16,40],[-59,17],[-60,43],[-29,60],[-36,18],[-50,114],[0,84],[-25,42],[14,89],[-80,41],[10,92],[-49,68],[-53,-50],[-94,20],[-67,-4],[-31,78],[-73,34],[-14,-26],[-56,36],[-19,61],[-90,60],[-31,-21],[-56,46],[-59,-28],[-130,7],[-63,51],[-86,-13],[-22,72],[1,70],[41,128],[-2,101],[21,43],[67,59],[72,-1],[68,51],[-16,68],[-36,-13],[-92,13],[-50,34],[-73,13],[1,69],[53,73],[-8,38],[-101,-17],[-72,54],[-81,13],[-74,-37],[-49,47],[-68,14],[-50,-14],[-128,0],[-31,45],[-61,29],[-22,69],[-57,36],[-60,15],[-124,-43],[-15,-25],[-84,-2],[-31,53],[-68,-10],[-9,-72],[-39,-65],[38,-117],[-33,-40],[-57,-31],[-88,7],[-39,62],[6,30],[-45,49],[-19,72],[-13,130],[-48,22],[-30,61],[-40,2],[8,110],[-56,62],[-56,0],[-63,53],[28,110],[-87,-5],[-14,36],[-46,1],[-39,-36],[-111,2],[-67,-34],[-13,29],[-100,-24],[-54,68],[-56,18],[-56,-51],[-33,6],[-138,-50],[-17,-29],[-44,-1],[-79,82],[-71,45],[9,49],[-21,26],[10,71],[-60,84],[-47,18],[-1,33],[-104,50],[-41,65],[-19,-39],[-67,4],[-54,-14],[-37,39],[-130,10],[-21,17],[-65,-28],[-38,3],[-32,58],[-73,65],[-102,-64],[-19,-41],[-35,-5],[-187,159],[-71,22],[-52,60],[-67,23],[-48,-5],[-102,68],[-69,8],[-75,-27],[-80,43],[-117,42],[-5,36],[-122,47],[-79,-43],[-60,1],[3,-47],[-67,-38],[-24,-36],[15,-52],[36,-29],[-24,-66],[23,-80],[-44,-25],[-35,-70],[-32,-27],[25,-36],[73,-18],[-71,-63],[-18,-93],[58,5],[49,-142],[42,-48],[-28,-45],[39,-50],[-39,-60],[12,-58],[-37,-11],[-91,29],[-48,-5],[-148,42],[-38,42],[-37,-71],[-91,11],[-109,31],[-45,-11],[-27,19],[-40,-33],[-11,-38],[-117,8],[-39,36],[-55,9],[-20,-32],[-145,-33],[-67,8],[-22,24],[-63,8],[-35,23],[-12,89],[-33,-9],[-61,29],[-55,53],[-67,-87],[-93,-38],[5,-52],[-21,-87],[-26,3],[-95,-75],[-86,96],[-59,36],[22,44],[-38,105],[-33,16],[-120,-7],[-93,79],[-139,51],[-62,-61],[2,-27],[-119,-9],[-15,-40],[-101,-39],[-95,45],[-64,-20],[-26,-66],[-55,-42],[-48,-11],[-108,43],[-46,-5],[5,-37],[-62,-67],[-58,-10],[-97,41],[-102,10],[-42,27],[-25,142],[-44,-9],[-42,31],[-87,-5],[-23,41],[11,51],[-133,214],[-52,15],[9,52],[-29,24],[-2,78],[-28,37],[-31,-48],[-50,-37],[-50,8],[-37,56],[-75,6],[-27,44],[-88,40],[1,61],[-78,6],[-28,36],[-58,26],[-9,46],[-135,38],[-33,54]],[[32457,7439],[-18,-84],[22,-31],[107,-42],[129,12],[-9,49],[-87,45],[-23,57],[27,83],[27,8],[-41,55],[-49,8],[-2,-58],[-70,-49],[-13,-53]],[[51216,33374],[157,-49],[36,-63],[31,4],[106,-80],[60,-66],[41,13],[55,-86],[-41,-43],[-18,-66],[-39,-49],[-47,-20],[1,-43],[-87,-135],[10,-84],[-89,-96],[4,-43],[47,-39],[-16,-13],[57,-81],[8,-47],[-69,-74],[-34,-15],[-79,62],[-68,-38],[-29,30],[-78,-95],[-57,47],[-36,-32],[-59,-18],[-59,-70],[-43,13],[13,-43],[-68,10],[-43,-70],[19,-24],[-44,-38],[125,-62],[19,-30],[-31,-80],[-28,16],[-7,-43],[-73,-142],[4,-55],[-44,-30],[6,-28],[91,34],[23,57],[48,18],[49,-17],[66,5],[86,-41],[40,23],[30,75],[104,-16],[81,19],[30,-52],[101,-8],[25,-14],[83,28],[33,46],[93,37],[75,59],[-12,79],[71,54],[23,36],[126,94],[60,-8],[87,56],[50,13],[78,61],[72,124],[-20,50],[17,32],[-59,-7],[0,55],[-53,-57],[-84,-49],[-24,46],[-57,57],[-50,117],[68,63],[-20,24],[1,80],[60,140],[68,113],[0,32],[116,95],[112,49],[82,-11],[68,-135],[118,-58],[36,12],[91,113],[71,0],[212,100],[35,55],[1,57],[44,43],[94,42],[35,-4],[75,-49],[55,-12],[178,49],[282,25],[76,-10],[42,16],[221,6],[154,-35],[12,-15],[152,-52],[54,11],[-15,-56],[7,-61],[-53,-60],[-50,-5],[-44,-36],[10,-87],[26,-20],[34,-82],[45,5],[22,-89],[27,8],[81,-58],[14,-64],[90,-81],[33,17],[44,-62],[-26,-65],[6,-45],[-36,-91],[-57,-27],[-47,-95],[-34,-7],[-2,-63],[-48,-56],[-35,-75],[42,-142],[-33,-60],[-58,-58],[-11,-59],[28,-106],[48,-13],[35,-45],[107,19],[62,-41],[112,-4],[25,-19],[84,7],[-31,-76],[11,-24],[-59,-89],[42,-66],[-2,-74],[-51,-30],[-35,-114],[13,-28],[72,-35],[18,39],[61,13],[73,98],[61,-13],[-14,-43],[38,-39],[32,6],[58,-139],[85,-70],[14,-95],[119,-53],[8,-68],[50,-48],[-60,-43],[-5,-28],[41,-56],[79,-29],[15,-74],[-12,-45],[42,-101],[-72,-19],[-50,-34],[-19,-53],[-52,-67],[18,-60],[-35,-88],[-35,-37],[-43,7],[-97,-48],[-43,-4],[-46,-94],[-35,-14],[-54,19],[-39,-45],[-25,21],[-58,-9],[-57,44],[-42,-25],[-17,-50],[10,-44],[-21,-47],[-60,84],[-59,26],[-103,-30],[-5,-31],[-59,-105],[38,-53],[0,-79],[-34,-17],[-22,-80],[25,-72],[-6,-96],[14,-67],[42,-31],[-41,-99],[50,-43],[36,-94],[65,-26],[23,-67],[148,-76],[18,14],[48,-35],[42,36],[21,-33],[-22,-80],[65,-27],[-7,-52],[67,-30],[134,41],[53,3],[20,-48],[118,-44],[-21,-68],[-41,-33],[-3,-75],[-38,-170],[59,-56],[27,-64],[-31,-33],[-2,-47],[29,-76],[-22,-97],[64,-88],[-22,-83],[95,-50],[110,4],[47,-25],[0,-40],[-44,-60],[20,-41],[122,11],[125,-45],[-25,-40],[8,-42],[47,-49],[16,-89],[98,-48],[75,-20],[21,-41],[125,-62],[8,-28],[-32,-42],[2,-43],[-66,-44],[-30,-95],[28,-56],[-54,-51],[-66,-12],[-30,-68],[14,-62],[-39,-30],[-50,15],[-26,-66],[38,-49],[23,-113],[62,-89],[-38,-59],[44,-98],[-58,-85],[-66,16],[-28,-67],[-72,-68],[-37,-9],[-4,-77],[-61,-15],[-70,98],[-39,-1],[-81,-63],[-83,8],[-15,20],[-48,-65],[-33,9],[-92,-23],[-23,-32],[31,-44],[-59,-31],[-1,-79],[-52,-22],[19,-36],[-69,3],[-98,-38],[-76,20],[-45,-77],[47,-128],[-95,-9],[-28,-28],[-89,-29],[-3,54],[-52,-2],[-25,34],[-77,50],[-150,63],[-59,14],[-60,-64],[-13,-39],[-54,-48],[-60,12],[-68,40],[-91,-36],[-55,6],[-35,-103],[-66,-17],[-45,-46],[-70,-1],[-13,-35]],[[53804,24784],[-66,80],[-92,-15],[-87,26],[-69,-79],[0,-38],[-102,-41],[-43,-4],[-88,69],[-137,-120],[37,-118],[-10,-110],[-56,1],[-94,-29],[-46,21],[-22,50],[-73,-17],[-86,31],[-34,-24],[-78,42],[-66,18],[45,85],[-55,144],[-129,117],[-10,-27],[-69,-44],[-70,-20],[-72,8],[-117,109],[-28,-40],[-36,-3],[-29,-49],[-52,-30],[26,-105],[25,-161],[-91,-16],[-21,-112],[-32,-50],[6,-75],[-34,-54],[7,-57],[219,-103],[108,24],[44,-2],[97,31],[54,-6],[24,-37],[-29,-62],[-7,-64],[64,-65],[-27,-52],[-3,-54],[35,-44],[39,4],[90,-38],[-13,-86],[13,-138],[-24,-64],[26,-61],[-39,-45],[21,-174],[-87,-42],[-78,43],[-8,46],[-40,25],[-22,48],[-70,7],[-33,-28],[-55,4],[-50,-44],[-38,-78],[-113,2],[-132,45],[-40,-35],[-116,3],[-17,29],[-68,-1],[-50,40],[-66,-77],[-35,-63],[-46,-4],[-19,-34],[-106,-63],[-77,-79],[-27,15],[-93,131],[-65,-17],[-30,-33],[-18,-63],[-43,-20],[-77,5],[-136,-92],[19,-33],[110,-56],[11,-65],[-104,-52],[-25,-25],[-4,-65],[-63,27],[-83,-80],[-38,41],[-85,-13],[-15,-46],[-43,-11],[-59,30],[-72,-6],[-45,40],[-64,19],[11,-119],[-54,-70],[-29,-120],[-45,-39],[87,-21],[31,-22],[15,-64],[-21,-32],[-121,-75],[-7,-72],[-33,-65],[-47,-5],[-76,20],[-45,46],[-29,-52],[27,-40],[-76,7],[8,-60],[-80,-6],[-30,26],[-128,32],[-30,25],[-53,-26],[-77,45],[-45,-27],[-11,-102],[17,-88],[29,-18],[-14,-66],[-50,-2],[6,-29],[-42,-64],[-11,-60],[-33,-13],[-11,-70],[-29,-16],[-40,-101],[-14,-80],[81,-68],[57,11],[117,-130],[52,-85],[-66,-18],[-74,21],[-33,-24],[-7,-92],[-32,-65],[-67,-61],[-38,7],[-113,67],[-53,-24],[-62,62],[-63,20],[-70,41],[-166,-4],[-28,49],[-43,12],[-34,-28],[48,-158],[-38,-21],[23,-76],[2,-63],[155,-69],[-22,-60],[-32,7],[-46,-63],[-62,45],[-94,43],[-38,2],[-72,-57],[21,-59],[38,-10],[54,-151],[5,-77],[-64,-17],[37,-63],[94,8],[32,-24],[5,-68],[20,-27],[51,-4],[40,-79],[51,41],[87,46],[35,-53],[49,-2],[-11,-60],[45,-23],[61,36],[34,-22],[125,-3],[40,16],[122,-8],[-9,-34],[-58,-74],[-23,-4],[-7,-63],[30,20],[50,-55],[42,-2],[31,-45],[-46,-22],[1,-55],[66,-63],[-4,-36],[50,35],[82,23],[50,-59],[-56,-69],[-6,-109],[43,-36],[-29,-146],[48,-99],[-9,-28],[-73,-20],[-78,-1],[3,-28],[-38,-81],[14,-44],[72,3],[92,-24],[-22,-110],[-49,18],[-44,-11],[-121,20],[2,53],[36,59],[-34,40],[-73,27],[-31,85],[-60,-20],[-91,2],[-54,-112],[85,-87],[-62,-63],[-83,11],[-45,-113],[-139,-56],[-11,-37],[-64,-20],[-95,21],[-58,-3],[-49,22],[-15,95],[-49,27],[-3,80],[-55,-19],[-32,38],[-111,-19],[-42,20],[1,116],[13,84],[-22,39],[13,63],[-133,88],[-85,-67],[-84,36],[-69,0],[0,-29],[-50,59],[-109,72],[-74,38],[-54,-2],[-11,-116],[-100,12],[-43,-8],[-83,42],[-62,4],[-117,95],[55,68],[-4,138],[-54,18],[-2,70],[61,60],[29,5],[26,121],[-34,43],[-72,-34],[19,-51],[-163,-99],[-51,-39],[-144,21],[-27,34],[-9,69],[-36,55],[-71,-45],[-91,-29],[-90,-67],[-110,-12],[-99,-70],[-78,-34],[-45,-45],[-49,-16],[-93,3],[-3,27],[-101,-19],[-53,-37],[-7,-41],[-129,-86],[-51,-54],[-57,26],[-7,167],[-39,76],[2,228],[-64,24],[-49,78],[-36,-13],[-44,52],[-203,10],[-22,-41],[-155,-1],[-130,61],[-6,-120],[19,-62],[-20,-208]],[[45863,19890],[-10,-33],[-82,-63],[-15,-33],[47,1],[71,-47],[-62,-87],[44,-76],[1,-60],[140,30],[100,-19],[70,-47],[93,-8],[33,-32],[18,126],[26,52],[79,40],[-22,52],[65,80],[-5,83],[25,28],[69,-4],[56,19],[12,34],[64,48],[-3,37],[-118,-6],[-10,33],[-76,34],[-49,4],[-10,81],[31,32],[-7,38],[-40,-34],[-40,11],[-57,70],[-46,2],[-37,52],[-51,-76],[-34,1],[-153,-80],[-40,-73],[10,-58],[-13,-69],[-74,-83]],[[53804,24784],[-15,-37],[30,-63],[61,-60],[-7,-61],[44,-31],[33,4],[8,-96],[-23,-31],[53,-69],[-28,-52],[30,-32],[14,-62],[237,13],[79,-33],[40,-131],[-66,-20],[3,-28],[52,-29],[2,-49],[63,-41],[7,-76],[-41,-91],[-55,-56],[64,-1],[-42,-96],[13,-18],[-5,-93],[51,-20],[43,6],[62,-90],[77,9],[8,-86],[123,-67],[51,-55],[61,-11],[39,-47],[65,2],[45,-25],[74,5],[44,-19],[41,40],[42,81],[108,-55],[74,-58],[46,3],[117,-49],[14,-87],[64,-20],[-66,-162],[-42,-64],[53,-32],[48,-85],[13,-70],[-17,-57],[22,-45],[-13,-30],[30,-68],[56,-74],[109,-34],[-4,-33],[48,-118],[7,-62],[-80,-6],[-57,21],[-48,41],[-60,12],[-101,-24],[-66,17],[-73,-85],[-36,6],[-26,-45],[6,-58],[-51,-58],[24,-100],[70,-123],[-87,-4],[5,-60],[-58,-44],[-18,-42],[-8,-159],[-84,-23],[6,-68],[-59,-33],[-115,-6],[-32,-106],[-55,-18],[-20,-35],[29,-171],[27,-51],[51,-41],[-4,-41],[72,-70],[66,-28],[23,-102],[45,-42],[70,-38],[45,-83],[-59,16],[0,-30],[-52,-11],[-18,26],[-69,-46],[-46,2],[19,-89],[-11,-64],[11,-144],[-39,-54],[-5,-41],[77,-18],[84,-50],[-8,-37],[29,-84],[52,-51],[63,-34],[38,-56],[-22,-91],[72,-35],[1,-53],[34,20],[75,-45],[13,-138],[-8,-45],[54,-110],[100,-26],[39,-50],[77,37],[27,-17],[39,41],[75,-24],[20,-50],[105,-26],[135,-116],[23,-1],[65,53],[68,-71],[39,27],[35,-76],[31,-18],[19,-53],[67,-69],[41,-2],[33,48],[36,-26],[22,-82],[66,-72],[41,-3],[44,-45],[30,29],[37,-8],[68,23],[31,-29],[111,18],[17,-17],[52,-175],[50,-1],[114,56],[63,-46],[36,4],[57,-38],[13,111],[75,-5],[66,-21],[53,48],[48,2],[47,47],[64,26],[36,-41],[55,11],[18,43],[80,-9],[59,23],[13,41],[118,-29],[137,-6],[36,74],[10,62],[30,46],[44,8],[175,-29],[-16,-64],[-42,-38],[-4,-36],[39,-38],[-56,-90],[32,-100],[72,-65],[52,-95],[34,-20],[34,-63],[-10,-104],[-41,-72],[-21,-91],[-44,-5],[-67,-52],[-64,-25],[-2,-68],[40,-129],[-31,-74],[-37,-12],[-15,-75],[-41,1],[-55,-64],[-91,-57],[-45,14],[-64,-18],[-28,-44],[-55,-5],[-13,-27],[32,-50],[-25,-83],[-47,-36],[23,-103],[-58,-54],[-53,-3],[-54,-46],[-63,-7],[-12,-38],[-41,-29],[-27,-70],[-2,-56],[19,-70],[40,-26],[11,-97],[38,-158],[52,-95],[-89,-46],[-5,-37],[-88,-54],[-37,-67],[21,-52],[-55,14],[-57,60],[-42,-12],[-37,-57],[-65,-7],[-84,-94],[-15,-32],[30,-24],[-45,-43],[-78,2],[-33,16],[-40,-28],[-55,29],[-46,-49],[-67,-29],[-28,-52],[18,-85],[68,-28],[-32,-18],[-30,25],[-8,-72],[-32,-9],[-28,114],[23,58],[-48,42],[-36,-56],[8,-36],[-21,-51],[-42,7],[-44,52],[-104,3],[-67,-21],[-79,-82],[-1,-87],[-77,-82],[-9,-37],[-49,-13],[9,40],[-38,43],[-68,-14],[-55,11],[-48,-26],[-47,-55],[-45,-86],[-31,-94],[-20,-152],[20,-28],[-33,-14],[30,-32],[-21,-63],[31,-31],[36,7],[-12,-106],[37,-15],[-40,-47],[-73,6],[7,92],[-41,50],[-60,25],[-71,-9],[-84,-62],[-51,-85],[-67,-39],[-11,-43],[-23,73],[-91,31],[-2,-21],[-85,10],[-100,-22],[-76,-55],[-32,-40],[-45,-96],[-2,-46],[67,-21],[21,-36],[-27,-28],[-12,-73],[-80,-11],[-2,-60],[-31,-35],[1,-123],[-105,-49],[-43,-96],[-98,-21],[-23,57],[-38,-23],[13,-100],[-34,-30],[-45,37],[-61,14],[-159,-40],[-47,-22],[-94,102],[-82,-44],[-56,-82],[-23,-81],[20,-19],[-71,-113],[-15,-57],[23,-49],[-27,-27],[16,-34],[-95,-42],[-64,-1],[-45,-34],[-30,-70],[28,-83],[-56,9],[-65,-52],[-45,10],[-38,-29],[-7,-41],[-48,-21],[-113,-74],[-28,-34],[10,-88],[34,-11],[134,18],[68,58],[39,0],[73,-58],[33,23],[-1,50],[43,16],[87,-79],[-34,-73],[-62,-69],[-37,5],[-23,-50],[-5,-80],[8,-92],[77,-79],[-31,-22],[-81,-9],[-67,-60],[-9,-88],[-27,-2],[-73,-69],[-35,40],[-40,93],[-50,25],[-131,21],[-94,-44],[-31,-42],[24,-38],[-24,-45],[-46,17],[-128,-97],[-44,0],[-43,32],[-61,10],[-50,-15],[-67,-85],[3,33],[-47,27],[-57,-18],[-59,3],[-26,-33],[-69,-8],[-8,-26],[-57,-13],[-42,-138],[21,-33],[-20,-38],[31,-12],[-10,-112],[-24,19],[-82,-4],[-53,29],[-36,-11],[13,51],[-70,61],[-44,-15],[-11,27],[-36,-23],[-5,49],[-75,45],[-43,1],[-105,-52],[-175,18],[-78,-49],[-72,-72],[-62,-117],[-20,-101],[-2,-122],[15,-70],[73,-15],[-93,-46],[-54,29],[-11,38],[-42,-28],[-59,21],[-71,-51],[-26,53],[12,33],[50,11],[69,-19],[53,58],[4,76],[-32,123],[-52,35],[-65,-2],[-96,29],[-126,-58],[-136,-4],[-21,35],[36,53],[-25,42],[-63,39],[-140,24],[-31,-27],[-23,22],[-101,6],[-70,-36],[40,72],[-27,50],[-96,-13],[16,-25],[-54,-14],[-61,22],[-21,-45],[9,-45],[81,9],[41,-27],[2,-44],[-41,-10],[-30,-65],[67,-16],[35,43],[34,-50],[62,41],[51,-37],[8,-45],[-33,-37],[-33,35],[-110,-38],[-64,77],[-54,-4],[-82,-89],[-45,-102],[-138,9],[-32,28],[-27,66],[-43,25],[-64,8],[52,53],[36,140],[-29,11],[39,46],[-26,56],[-34,15],[-44,-33],[-11,26],[-82,0],[29,39],[-17,24],[35,27],[-9,30],[-59,28],[-62,-34],[-15,11],[-115,5],[-19,68],[-115,-20],[-14,56],[-44,22],[3,35],[52,36],[-8,57],[-36,34],[-48,-15],[-64,27],[-41,41],[-123,-7],[-50,-39],[-28,-136],[-173,95],[-87,116],[-13,42],[8,60],[-45,5],[-17,35],[-91,-73],[-72,-40],[-76,58],[-24,-12],[-95,49],[-55,-1],[41,-50],[-152,45],[27,-46],[-102,62],[-67,-6],[-97,-31],[-123,35],[38,128],[26,6],[31,66],[46,13],[16,67],[-38,60],[11,21],[-39,43],[-74,50],[55,88],[26,-2],[-9,55],[14,59],[-10,58],[-40,27],[-14,40],[-101,90],[50,-24],[9,24],[-108,93],[-42,16],[-93,-30],[-76,-77],[-127,-81],[-65,-27],[-98,4],[-48,17],[-26,-15],[-84,29],[-21,-39],[-84,-9],[-252,14],[-13,21],[-49,-27],[-97,16],[-30,-40],[-25,49],[-34,-29],[-79,77],[-26,51],[33,57],[-32,10],[-31,73],[-52,52],[5,22],[-65,85],[65,39],[-26,35],[-56,2],[-3,-46],[-40,35],[17,24],[-23,48],[5,45],[-27,40],[-83,21],[-38,-6],[-45,32],[-95,-39],[-19,-49],[-82,-50],[2,53],[66,62],[-68,-21],[-29,-48],[-45,89],[-22,-3],[-30,143],[-49,-21],[40,-60],[84,-205],[-48,-38],[-167,151],[-27,-22],[169,-155],[-52,-13],[-39,31],[-26,-36],[88,-67],[-27,-31],[8,-35],[-39,-13],[25,-31],[18,32],[34,-58],[35,16],[29,-56],[52,-17],[-7,34],[118,73],[35,60],[-2,-46],[-279,-291],[-31,7],[-43,-30],[-115,69],[-85,35],[-166,33],[-188,2],[-169,-30],[-98,3],[-97,32],[-114,18],[-125,41],[-105,80],[-33,70],[9,36],[45,17],[93,64],[24,61],[-22,84],[-28,52],[-91,83],[-68,35],[-154,43],[-221,13],[-114,-15],[-14,-24],[-74,-21],[-90,-7],[-62,30],[-357,34],[-363,23]],[[46892,14293],[1,31],[-44,50],[-68,-3],[-134,18],[-86,-40],[-54,92],[-3,61],[-51,73],[-40,-11],[-4,-66],[8,-136],[-27,-22],[-38,-80],[-8,-48],[25,-100],[-12,-76],[23,-29],[69,-8],[77,14],[64,-46],[14,-64],[-3,-86],[26,-91],[-10,-127],[27,-40],[82,-12],[133,29],[49,-1],[20,-26],[52,1],[79,50],[130,124],[50,68],[48,34],[-41,42],[14,15],[46,-47],[83,61],[16,80],[-25,105],[-27,45],[-61,26],[-84,-48],[-88,-93],[-11,9],[-53,-78],[-37,-13],[-61,90],[-38,81],[-21,86],[-30,62],[23,44]],[[55802,14296],[-143,25],[37,44],[123,-45],[-17,-24]],[[55714,14236],[-49,15],[83,6],[-34,-21]],[[48166,12057],[-35,-2],[-73,30],[34,20],[71,-28],[3,-20]],[[47750,12739],[-81,-103],[-10,30],[49,30],[30,56],[-52,10],[61,16],[-11,18],[97,5],[-83,-62]],[[47899,12286],[-45,30],[41,3],[4,-33]],[[52911,11022],[27,62],[91,33],[9,50],[50,61],[88,16],[54,28],[31,-45],[-35,-27],[-66,1],[-83,-172],[-55,-19],[-39,24],[-55,-91],[-22,22],[5,57]],[[52739,10872],[-33,31],[-91,8],[61,99],[35,-15],[82,51],[24,-24],[-12,-39],[38,27],[-10,-43],[-49,-66],[-45,-29]],[[52587,10946],[-21,32],[11,56],[10,-88]],[[52040,11051],[21,-23],[9,-111],[-137,-63],[-18,8],[-51,-62],[-45,10],[-7,43],[-77,40],[-68,13],[36,55],[65,14],[74,-52],[60,23],[39,56],[53,-6],[23,83],[23,-28]],[[49921,11378],[-13,66],[66,-15],[-53,-51]],[[62747,3518],[52,54],[-23,-56],[-29,2]],[[65830,0],[-54,10],[46,47],[8,-57]],[[65876,173],[-20,-17],[-74,40],[60,30],[34,-53]],[[66476,3418],[-8,-62],[16,-51],[9,-156],[-28,-44],[-6,-65],[-18,-9],[25,-83],[-22,-72],[40,-17],[19,-48],[-14,-41],[9,-115],[-23,-81],[17,-41],[-25,-204],[-59,-16],[-69,-77],[16,-54],[51,3],[-26,-44],[28,-56],[-47,-51],[-30,-76],[-83,23],[-27,-66],[31,-17],[11,-49],[-38,-17],[-48,27],[-37,-30],[-97,75],[-4,-78],[-86,-48],[-2,-68],[-19,-59],[58,-34],[41,35],[60,97],[73,-11],[30,-59],[61,1],[67,20],[-3,-40],[-30,-3],[-39,-88],[-24,-15],[12,-59],[-41,-49],[-79,-10],[-30,-42],[-67,-34],[-87,-109],[-38,17],[-8,-60],[47,-13],[-1,-38],[-40,-69],[-31,-22],[36,-33],[45,22],[-5,-133],[-42,-54],[-41,-9],[52,-34],[-31,-14],[-22,27],[-103,-127],[-91,-29],[13,-100],[-13,-83],[-39,-1],[38,-64],[80,94],[77,61],[32,0],[-24,-96],[-41,-25],[-48,-76],[-44,-99],[-41,-40],[-8,-64],[-99,2],[-82,-10],[-28,86],[-32,41],[-84,-2],[-101,60],[31,29],[-131,-24],[-30,-25],[-33,51],[18,83],[63,54],[-19,13],[21,47],[50,45],[5,47],[-93,-5],[-33,50],[-51,-54],[-39,3],[-33,50],[3,104],[57,78],[-27,0],[-53,-45],[-50,-75],[-59,-7],[5,69],[-23,13],[-42,-31],[-34,11],[-12,73],[-29,-29],[-52,28],[-23,44],[-42,-75],[-49,75],[-32,-16],[3,41],[-62,22],[-55,-19],[-41,41],[-21,-39],[-24,23],[-33,92],[-68,11],[-76,-24],[-7,20],[40,53],[-75,54],[-85,-44],[-67,12],[10,43],[57,53],[-20,29],[10,55],[-39,-42],[-9,40],[-96,-16],[-40,28],[-14,45],[-97,12],[-3,45],[50,51],[-35,48],[1,51],[-39,-11],[-22,48],[41,38],[20,58],[-6,62],[-21,11],[41,36],[-2,58],[40,5],[13,55],[28,-71],[39,-8],[41,56],[81,28],[18,35],[84,-12],[35,42],[19,117],[38,10],[36,41],[51,-6],[37,35],[-15,57],[-125,-10],[-20,35],[-175,13],[-102,95],[-55,16],[-11,-25],[-44,5],[-22,-62],[-43,-13],[23,61],[-73,22],[6,49],[35,33],[17,52],[-22,48],[-58,5],[-184,-80],[-18,-25],[-72,-17],[-19,28],[21,66],[-56,37],[-61,-12],[-47,25],[-60,-23],[5,61],[62,20],[51,-36],[108,68],[113,146],[-26,51],[-44,23],[0,27],[-43,19],[44,40],[16,-40],[90,5],[27,74],[49,-6],[63,15],[16,92],[35,54],[-47,9],[-38,59],[-34,-19],[-25,28],[147,15],[34,53],[-1,72],[-44,47],[22,22],[-29,44],[65,14],[42,30],[0,40],[-32,82],[-45,75],[-60,46],[-37,-29],[-42,61],[-68,-6],[5,-96],[-48,-5],[-62,-54],[-137,8],[-54,-31],[-52,21],[-105,17],[-113,-62],[-34,44],[29,108],[32,16],[-8,88],[-52,0],[-22,52],[10,30],[-43,6],[2,47],[-26,29],[85,24],[16,23],[78,-25],[77,4],[67,53],[28,39],[-3,65],[-43,-5],[-20,51],[15,73],[65,64],[92,51],[36,-14],[115,58],[-8,51],[82,-9],[25,51],[-11,69],[-42,44],[-75,-14],[2,63],[-36,80],[-29,13],[23,48],[-45,74],[1,41],[-47,19],[-54,-69],[-90,18],[-65,92],[-94,8],[-54,78],[-99,-34],[-48,0],[63,99],[-38,48],[-55,4],[-67,-40],[10,32],[50,36],[23,-8],[76,80],[-23,25],[-97,-12],[-13,43],[95,19],[-37,107],[19,7],[1,63],[-63,-9],[43,65],[-45,34],[30,55],[-18,19],[-83,-22],[-53,49],[27,33],[48,-28],[75,19],[16,31],[73,11],[111,69],[43,-26],[61,10],[21,30],[84,8],[53,29],[61,-3],[25,36],[-6,58],[-28,39],[-30,-15],[-24,28],[4,61],[-119,57],[-32,-23],[-20,32],[-37,2],[-15,50],[-93,-39],[-36,64],[19,35],[122,70],[-3,55],[-39,2],[-7,46],[-61,12],[-18,23],[-84,-30],[-39,-70],[-40,-32],[-48,3],[24,74],[-37,11],[24,44],[-3,74],[-42,24],[-10,40],[27,33],[15,-53],[71,-10],[39,30],[-20,49],[58,24],[39,-22],[61,29],[0,49],[-26,40],[43,23],[-45,42],[31,11],[-11,34],[66,6],[7,27],[86,-22],[22,-33],[43,13],[32,74],[7,53],[-71,52],[92,16],[-4,83],[56,83],[-22,41],[-117,-13],[4,30],[49,63],[26,59],[-6,96],[42,44],[37,-25],[59,38],[-3,26],[108,0],[-37,73],[57,62],[-28,25],[28,51],[-37,61],[17,30],[-42,40],[74,51],[-7,-68],[15,-82],[131,64],[30,-11],[-28,-39],[57,-52],[92,18],[73,81],[-11,69],[-20,11],[59,46],[-6,46],[-32,36],[115,24],[21,-31],[50,47],[110,-1],[30,62],[43,48],[-19,23],[109,-10],[48,20],[41,60],[54,-2],[38,-33],[91,2],[44,34],[61,12],[46,-10],[33,29],[35,-25],[47,25],[36,56],[53,1],[87,47],[12,30],[-30,32],[-5,85],[27,3],[-14,83],[60,-21],[65,87],[7,62],[50,0],[46,63],[81,47],[61,-15],[114,48],[161,-77],[105,70],[49,-93],[119,-24],[-18,-76],[29,-40],[40,9],[1,-35],[50,-49],[19,-82],[41,-13],[35,26],[-3,33],[64,37],[39,53],[0,132],[58,44],[44,83],[2,45],[-37,143],[20,33],[3,163],[-52,108],[-25,8],[-32,92],[-42,48],[30,60],[59,67],[52,83],[-38,30],[-22,48],[4,81],[-32,24],[4,43],[130,102],[41,71],[-44,16],[43,109],[-55,48],[-7,71],[16,64],[-35,47],[19,37],[-25,46],[15,38],[65,55],[82,-14],[35,34],[58,-27],[81,3],[19,27],[42,-3],[12,-43],[52,-17],[60,-85],[32,-1],[0,-63],[-32,-35],[17,-48],[-28,-27],[21,-73],[60,-94],[-18,-14],[31,-157],[-15,-34],[25,-33],[-4,-91],[20,-47],[-23,-31],[27,-17],[31,-138],[-25,-90],[27,-26],[3,-80],[27,-90],[-6,-85],[-34,-78],[-54,-77],[-29,-90],[-14,-144],[-18,-72],[-28,-186],[-22,-41],[-7,-106],[18,-89],[55,-131],[76,-129],[171,-246],[51,-111],[30,-158],[1,-153],[-19,-100],[-2,-93],[32,-142],[21,-49],[2,-186],[9,-19],[-29,-136],[-22,-157],[1,-104],[23,-166],[30,-128],[18,-35],[54,-240],[-18,-141],[-16,-182],[17,-119],[0,-88],[13,-32],[-16,-111],[-4,-214],[9,-34],[-8,-123],[-23,-127],[-93,-122],[-122,-197],[-213,-360],[-59,-61],[-87,-131],[-48,-105],[-8,-104],[19,-75],[-12,-87],[-53,-118],[-23,-148],[4,-76],[20,-29]]],"transform":{"scale":[0.00021876304001666738,0.0001521393795643218],"translate":[-5.14026,41.338699999999996]},"objects":{"in":{"type":"GeometryCollection","geometries":[{"arcs":[[0,1,2,3,4]],"type":"Polygon","properties":{"country_code":"FRA","zone_id":"11","name":"Île-de-France"}},{"arcs":[[5,6,7,8,-3,9]],"type":"Polygon","properties":{"country_code":"FRA","zone_id":"24","name":"Centre-Val de Loire"}},{"arcs":[[-10,-2,10,11,12]],"type":"Polygon","properties":{"country_code":"FRA","zone_id":"27","name":"Bourgogne-Franche-Comté"}},{"arcs":[[[13,-4,-9,14,15,16]],[[17]]],"type":"MultiPolygon","properties":{"country_code":"FRA","zone_id":"28","name":"Normandie"}},{"arcs":[[18,-5,-14,19]],"type":"Polygon","properties":{"country_code":"FRA","zone_id":"32","name":"Hauts-de-France"}},{"arcs":[[20,-11,-1,-19]],"type":"Polygon","properties":{"country_code":"FRA","zone_id":"44","name":"Grand Est"}},{"arcs":[[[21,-15,-8,22,23]],[[24]],[[25]]],"type":"MultiPolygon","properties":{"country_code":"FRA","zone_id":"52","name":"Pays de la Loire"}},{"arcs":[[[-16,-22,26]],[[27]],[[28]],[[29]],[[30]],[[31]],[[32]],[[33]],[[34]],[[35]],[[36]],[[37]],[[38]],[[39]],[[40]],[[41]],[[42]],[[43]],[[44]],[[45]],[[46]],[[47]],[[48]],[[49]],[[50]],[[51]]],"type":"MultiPolygon","properties":{"country_code":"FRA","zone_id":"53","name":"Bretagne"}},{"arcs":[[[52,53,54,-23,-7],[55],[56]],[[57]],[[58]],[[59]],[[60]],[[61]],[[62]],[[63]]],"type":"MultiPolygon","properties":{"country_code":"FRA","zone_id":"75","name":"Nouvelle-Aquitaine"}},{"arcs":[[[-54,64,65,66],[67]],[[-56]],[[-57]]],"type":"MultiPolygon","properties":{"country_code":"FRA","zone_id":"76","name":"Occitanie"}},{"arcs":[[68,69,-65,-53,-6,-13],[70]],"type":"Polygon","properties":{"country_code":"FRA","zone_id":"84","name":"Auvergne-Rhône-Alpes"}},{"arcs":[[[-66,-70,71],[72]],[[-71]],[[73]],[[74]],[[75]],[[76]],[[77]],[[78]],[[79]],[[80]],[[81]],[[82]]],"type":"MultiPolygon","properties":{"country_code":"FRA","zone_id":"93","name":"Provence-Alpes-Côte d'Azur"}},{"arcs":[[[83]],[[84]],[[85]],[[86]]],"type":"MultiPolygon","properties":{"country_code":"FRA","zone_id":"94","name":"Corse"}}]}}}