{"type":"Topology","arcs":[[[43782,31328],[0,80],[58,83],[7,113],[57,114],[17,84],[-3,65],[66,96],[26,143],[95,214],[-8,171],[44,99],[118,203],[16,239],[33,66],[52,50],[21,49],[-1,153],[41,47],[47,117],[74,1],[-33,-20],[23,-68],[59,47],[5,33],[84,14],[36,-20],[83,-8],[11,-63],[69,-60],[53,-5],[51,-42],[108,9],[91,89],[53,-55],[30,30],[85,42],[-2,42],[96,-10],[42,-28],[-1,94],[91,-58],[67,-3],[11,-90],[27,-14],[-20,-38],[34,-12],[-15,-36],[21,-69],[47,0],[42,-68],[28,22],[55,-33],[16,-40],[38,8],[78,-36],[30,28],[88,-20]],[[46123,33077],[31,-86],[30,-33],[-68,-25],[-9,-64],[-36,-13],[71,-21],[85,-78],[17,28],[68,-28],[-5,-26],[113,-72],[-66,-80],[62,-38],[-15,-76],[31,-42],[92,-41],[13,-43],[1,-146],[25,-8],[14,50],[15,184],[30,16],[63,-207],[71,14],[57,35],[37,-51],[-41,-153],[-31,-7],[-9,-105],[75,-66],[126,44],[29,-42],[49,-3],[97,39],[86,104],[16,47],[89,-6],[53,30],[24,78],[65,129],[57,7],[56,94],[27,-24],[0,-66],[-22,-39],[106,-3],[68,-49],[4,-38],[133,-14],[20,-99],[-16,-68],[42,-144],[83,38],[95,11],[268,-43],[118,-1],[50,63],[21,-41],[41,28],[72,113],[64,-18],[32,64],[15,85],[27,44],[68,-32],[81,165],[137,199],[165,134],[93,132],[19,45],[46,21]],[[49448,32879],[151,-48],[35,-62],[30,4],[102,-79],[59,-65],[39,13],[53,-85],[-39,-43],[-18,-64],[-38,-49],[-45,-20],[1,-42],[-84,-134],[10,-82],[-87,-95],[5,-41],[84,-131],[8,-47],[-66,-73],[-33,-14],[-77,60],[-65,-38],[-28,31],[-76,-94],[-54,47],[-92,-50],[-57,-69],[-42,12],[13,-41],[-66,9],[-41,-69],[18,-23],[-43,-38],[122,-61],[18,-29],[-30,-79],[-28,15],[-7,-42],[-70,-139],[4,-55],[-42,-30]],[[48972,31039],[-44,-27],[-89,0],[-16,23],[-83,-74],[-42,-4],[-38,-75],[33,-57],[-6,-68],[-37,-23],[-121,12],[-107,126],[-49,-13],[15,-44],[-34,-107],[-21,-17],[-16,-93],[29,-44],[-32,-87],[24,-128],[-30,-63],[23,-28],[-5,-130],[107,-115],[5,-136],[-17,-82]],[[48421,29785],[-37,-43],[25,-78],[0,-68],[-86,-301],[-24,-46],[-28,-159],[-34,-28],[-24,-66],[12,-46],[-33,-306],[18,-116],[-60,-19],[28,-79],[-50,-58],[-36,-74],[-35,-23],[-47,33],[-89,-16],[-61,20],[-14,-57],[38,-86],[-5,-38],[-104,-109],[19,-114],[-49,-66],[-89,1],[-38,-31],[-7,-50],[-48,-28],[-23,-68],[-35,13]],[[47505,27679],[-58,120],[-47,146],[-55,36],[-5,47],[-102,47],[-35,-18],[-2,42],[-43,60],[15,79],[60,-49],[-3,-35],[39,-14],[23,24],[-19,57],[-85,35],[7,43],[-35,30],[-77,9],[-42,98],[-159,159],[-111,171],[-50,37],[-108,146],[4,94],[57,10],[-2,37],[-70,56],[-26,81],[-128,86],[-89,85],[-57,33],[-45,-21],[-51,-110],[-89,-56],[-32,-47],[-9,-79],[-27,-50],[-22,-107],[-58,-67],[-39,-74],[-202,-136],[-59,22],[-71,-1],[-21,68],[-49,78],[-35,6],[-33,47],[-68,14],[-86,42],[-49,-1],[-5,-83],[-31,13],[-23,86]],[[45198,28975],[-166,-26],[-82,16],[-36,-25],[-34,11],[-68,-30],[-46,33],[-95,-30],[-82,36],[-85,-10],[-88,-35],[-24,19],[6,97],[-11,151],[-34,52],[-38,16],[36,118],[-111,39],[-14,111],[-38,-17],[0,58],[-84,21],[-22,40],[-189,-108],[-10,27],[34,55],[-21,82],[-77,15],[-37,81],[-37,18],[-47,-27],[-105,20],[-40,55],[79,90],[37,76],[-21,79],[-5,163],[-20,55],[12,94],[-32,94],[69,67],[29,73],[-18,55],[-42,38],[1,58],[100,119],[5,49],[111,147],[22,105],[-80,74],[-18,54]],[[36689,56158],[121,35],[78,46],[56,50],[121,-46],[0,49],[57,-17],[32,-49],[-3,-48],[37,-3],[119,39],[66,-26],[40,8],[22,61],[39,5],[6,55],[111,6],[27,-34],[68,21],[65,-59],[33,22],[32,-45],[120,3],[155,-23],[59,63],[14,46],[98,11],[11,54],[43,7],[11,46],[78,0],[170,-90],[61,-98],[122,89],[79,-58],[12,60],[-58,29],[39,6],[38,69],[149,50],[65,42],[31,-39],[62,-24],[46,-44],[123,-15],[15,-29],[94,14],[73,-59],[87,60],[52,-48],[122,-28],[54,-40],[-39,-16],[50,-34],[-10,-85],[35,40],[84,30],[40,39],[92,25],[26,-21],[142,113],[32,-20],[26,-89],[-71,-159],[6,-61],[109,16],[28,-69],[85,-22],[14,24],[99,-2],[119,-42],[3,-62],[139,42],[24,-16],[87,35]],[[40961,55948],[49,-27],[92,17],[26,-34],[81,-28],[-4,-80],[127,26],[36,-10]],[[41368,55812],[-14,-75],[-41,-58],[-16,-148],[72,-33],[-1,-31],[100,-9],[-22,-92],[14,-13],[-5,-112],[-18,-83],[-70,-54],[-14,-80],[-27,-13],[-41,-181],[54,-85],[-11,-28],[-73,-49],[28,-65],[65,13],[93,-104],[-88,-68],[-24,-123],[-79,-26],[-66,-49],[-28,-111],[-139,-45],[-46,-29],[24,-59],[-50,-15],[-45,13],[-22,-128],[15,-46],[-29,-81],[-87,-66],[-134,59],[-79,-19],[-44,24],[-14,-100],[-58,-10],[100,-141],[22,3],[44,-91],[-13,-63],[76,-33],[-6,-35],[-56,-29],[-19,-56],[-35,-7],[-7,-40],[120,-25],[7,-110],[-24,-52],[-29,44],[-39,-14],[23,-55],[-19,-29],[-74,3],[3,-230],[12,-41],[47,-48],[24,-79],[-44,3],[-56,-60],[27,-62],[-6,-78],[35,-29],[-10,-43]],[[40551,52236],[-36,-53],[-19,-243],[-101,-10],[-25,73],[-47,14],[-6,40],[-77,10],[-72,-14],[-131,152],[-28,44],[-46,-26],[-20,-57],[-64,-13],[-11,41],[-53,40],[-52,9],[-63,-35],[-145,7],[63,-36],[13,-37],[90,-32],[-16,-32],[15,-55],[-16,-55],[-34,-12],[46,-53],[-26,-59],[-127,58],[0,22],[-97,10],[-99,-45],[-10,25],[-87,-53],[-74,0],[5,-72],[-91,-5],[-89,-21],[-54,-37],[-88,-13],[-18,-32],[-77,-25],[-21,-129],[64,-33],[-26,-82],[44,-54],[-27,-43],[31,-38],[37,-116],[33,-27],[-42,-24],[-23,-63],[-47,-42],[43,-42],[85,-24],[-24,-35],[33,-15],[65,52],[27,-32],[-34,-39],[1,-40],[42,-16],[-11,-30],[93,-51],[21,32],[93,-5],[-11,-133],[-40,-1],[-163,-100],[-45,76],[-52,4],[-101,-32],[-157,14],[-8,-76],[-48,-28],[9,-41],[-51,-52],[13,-39],[39,22],[46,-82],[23,-82],[51,-74],[-27,-55],[-40,-12],[-52,17],[-41,-60],[-67,-32],[-11,-132],[11,-33],[124,-1],[69,39],[50,-18],[33,38],[59,-36],[63,-151],[-56,-54],[-111,-10],[-73,-138],[14,-19],[-24,-89],[-89,2],[-42,-39],[45,-44],[4,-62],[-43,4],[-81,-36],[-16,-156],[-29,-24],[-19,37],[-139,-31],[-89,-141],[3,-33],[-44,-97],[-76,-28],[15,-91]],[[38067,48651],[-65,-6],[-34,-73],[-77,23],[31,84],[-30,27],[-81,11],[-14,34],[-74,-26],[-29,18],[23,63],[-56,-3],[-7,-29],[-45,4],[-7,111],[-48,32],[11,75],[22,29],[-36,116],[-34,-60],[-45,-2],[-89,-60],[-76,81],[0,80],[-36,98],[-145,-73],[-52,47],[12,28],[-49,151],[-34,29],[-57,-1],[-9,76],[-88,35],[-9,44],[-42,51],[-76,29],[-58,-4],[-28,77],[84,63],[2,68],[39,9],[3,43],[-34,-1],[-25,111],[-44,54],[-58,35],[52,106],[-94,15],[-35,35],[-64,13],[-60,-13],[-58,28],[-61,1],[-40,37]],[[36243,50371],[53,22],[56,69],[-14,68],[79,-66],[13,41],[-39,56],[95,-12],[-9,22],[54,18],[43,72],[-113,-5],[-23,54],[-36,0],[39,43],[0,84],[-62,50],[-37,-60],[-32,-109],[32,-109],[-56,68],[-4,65],[30,67],[-32,60],[-77,-4],[-27,69],[-65,32],[-28,-30],[-27,55],[-47,22],[-81,-20],[-23,-29],[32,-19],[-2,-118],[46,-22],[60,54],[-2,-35],[41,-25],[13,-93],[-66,4],[-29,81],[-88,27],[-21,48],[-35,-63],[-71,49],[27,35],[-33,52],[19,58],[-38,26],[-15,56],[27,37],[171,16],[51,-33],[-50,-38],[47,-11],[41,-38],[81,90],[-38,50],[-6,103],[-27,38],[4,101],[41,21],[1,56],[-48,3],[-26,-51],[-25,14],[31,49],[-70,20],[-46,-41],[-34,29],[39,34],[-46,26],[-36,-10],[-39,42],[47,4],[5,36],[-70,65],[127,75],[37,46],[140,-56],[14,-37],[110,127],[59,24],[10,144],[39,38],[41,-4],[-19,85],[32,132],[-21,146],[32,44],[45,-6],[44,-45],[50,2],[135,57],[16,41],[-55,50],[-206,88],[20,64],[54,13],[-11,88],[-92,78],[-18,78],[101,25],[37,34],[-8,96],[25,10],[-13,56],[13,53],[-20,83],[48,9],[-31,97],[-46,91],[-118,124],[84,57],[-32,122],[-40,3],[6,39],[45,9],[2,43],[39,13],[17,-42],[29,11],[-15,97],[-39,28],[48,100],[-35,60]],[[36448,54181],[4,80],[-25,58],[-36,10],[-52,156],[30,86],[-132,5],[-41,93],[109,69],[8,72],[-35,38],[23,58],[-30,29],[-77,-15],[-24,79],[118,54],[15,21],[-26,145],[-41,44],[23,35],[41,1],[-9,-80],[112,60],[53,57],[-16,78],[32,29],[-36,50],[40,96],[139,139],[37,17],[-23,31],[39,60],[-24,22],[123,72],[55,51],[-47,32],[-83,-20],[-25,60],[-54,-22],[44,48],[32,79]],[[35883,50974],[55,53],[-22,31],[-71,-47],[38,-37]],[[36067,35331],[21,-68],[-3,-52],[57,-118],[78,-82],[78,-52],[200,-66],[49,-83],[110,-147],[171,-84],[103,74],[3,39],[139,75],[43,58],[73,-19],[65,16],[7,-80],[50,-98],[158,-25],[71,30],[43,64],[13,84],[45,16],[130,-29],[69,12],[-24,-75],[21,-48],[88,-21],[7,-95],[-41,-30],[44,-119],[96,7],[21,-18],[96,142],[43,31],[5,40],[69,34],[72,-68],[65,67],[-57,113],[0,105],[52,-38],[77,-10],[91,59],[-1,26],[-58,74],[0,33],[-40,32],[58,77],[40,4],[19,-70],[79,19],[42,-30]],[[38704,35037],[-31,-61],[57,-75],[9,-130],[61,-28],[29,-123],[55,-7],[2,-80],[116,-72],[60,-172],[53,-41],[2,-36],[-41,-52],[17,-53],[65,-6],[47,-255],[-51,-104],[46,-65],[56,-22],[64,20],[38,-19],[13,-51],[56,-4],[37,-51],[42,2],[28,33],[81,41],[46,-47],[-29,-44],[43,-29],[46,14],[21,-36],[-13,-114],[127,-70],[28,1],[20,60],[77,35],[83,-34],[90,-2],[-26,-59],[12,-29],[77,16],[117,-94],[12,-41],[-18,-54],[36,-43],[-77,-53],[35,-52],[-52,-69],[19,-51],[-51,-62],[26,-121],[38,-71],[-19,-122],[8,-42],[-19,-94],[87,-15],[-67,-29],[2,-51],[-94,43],[-42,-19],[-58,16],[16,-48],[-7,-66],[-73,-51],[-78,6],[-73,-28],[-26,-46],[37,-61]],[[39896,31970],[-97,-1],[-44,-85],[-37,12],[-108,-34],[-137,-7],[-2,-119],[-93,28],[-46,-11],[-9,-66],[69,-74],[50,-89],[-38,-32],[4,-106],[87,-136],[-4,-20],[-72,-32],[0,-77],[45,-89],[-36,-122],[40,-12],[85,-145],[-31,-22],[23,-25],[-23,-75],[-35,-51],[-1,-101],[31,-38],[-5,-65],[18,-82],[23,-23],[20,-88],[-12,-81],[-110,-23],[-45,-67],[-41,-8],[-22,29],[-42,-4],[-39,44],[-7,-67],[-31,-36],[-49,-3],[-56,38],[-62,11],[-31,-26],[16,-74],[-51,-54],[-15,-63],[13,-64]],[[38989,29735],[-50,63],[-26,59],[21,9],[-53,67],[-103,14],[-21,20],[-42,-35],[-7,82],[-35,103],[-82,116],[-16,63],[-36,43],[-68,-41],[-90,9],[-56,-38],[-38,60],[-51,-5],[8,-62],[-83,32],[-26,-25],[-79,6],[-82,-38],[-2,83],[19,23],[-27,99],[44,-5],[-53,89],[11,20],[-38,51],[-45,-27],[-43,7],[-67,84],[-56,-41],[-63,-21],[-53,4],[-3,-25],[-71,-53],[-95,-25],[-41,-31],[15,69],[-87,15],[16,28],[-80,-3],[-89,36],[-17,-30],[-91,26],[-30,-22],[-71,7],[-5,40],[-49,-19],[-31,53],[-36,-15],[-98,15],[-21,-54],[-47,-6],[-175,29],[-70,73],[-66,14],[13,61],[-46,79],[0,60],[-114,-78],[-74,-14],[-43,46],[-70,-37],[-31,22],[-27,63],[-75,61],[-70,6],[-18,-21],[-44,54],[-32,108],[5,107],[-19,51],[-39,-21],[-135,63],[36,85],[-49,81],[16,44],[59,59],[31,-5],[-9,93],[61,51],[-106,62],[-65,-13],[-70,34],[-115,-27],[-22,46],[-66,-51],[-31,16],[-51,-61],[-31,0],[-7,-63],[25,-78],[-24,-12],[-4,-101],[-36,-51],[-97,26],[-76,85],[-47,-13],[-43,62],[-71,26],[-55,-75],[7,-42],[44,-71],[-35,-26],[-5,-57],[-85,-3],[-49,-33],[-79,-25],[3,-105],[-33,-7],[8,-49],[-65,-107],[-1,-41],[-63,-38],[-83,26],[-50,45],[-41,9],[-44,-26],[-83,97],[-31,8]],[[34008,31110],[-21,81],[-4,115],[-73,15],[-76,78],[11,29],[-40,112],[17,20],[-38,79],[0,98],[-49,46],[-64,4],[-3,35],[-50,106],[16,75],[-47,46],[-34,1],[-85,44],[-50,-4],[-17,-59],[-29,-4],[-32,79],[23,19],[6,67],[-56,45],[-71,83],[-54,-15],[-12,-69],[-53,-40],[-44,97],[-84,-16],[-22,35],[-43,2],[-59,104],[16,68],[51,77],[66,-21],[-29,94],[-63,-23],[-56,24],[-27,34],[-44,-13],[-25,63],[5,52],[-27,64],[15,69]],[[32753,32906],[-18,31],[29,71],[-1,85],[59,90],[39,79],[67,-45],[40,65],[-27,75],[48,71],[75,72],[74,41],[89,-1],[126,15],[22,33],[87,-5],[36,-28],[35,29],[54,6],[57,43],[62,6],[1,-78],[67,15],[36,45],[45,-9],[-6,-40],[32,-23],[73,63],[91,36],[43,50],[138,68],[-23,24],[-1,93],[-33,64],[5,43],[-39,61],[-56,-26],[-17,95],[-41,10],[88,42],[-18,64],[55,74],[-16,61],[-105,28],[5,54],[154,77],[8,-69],[95,-7],[22,102],[-38,-13],[-22,42],[15,64],[49,13],[47,-28],[42,60],[102,52],[-28,28],[64,35],[-7,48],[73,-5],[18,120],[42,33],[18,-19],[45,44],[49,-47],[-15,-20],[34,-60],[55,-26],[8,-46],[52,36],[15,-33],[54,28],[-2,30],[42,47],[47,-9],[96,15],[34,-47],[51,-6],[-12,90],[81,90],[65,42],[-4,46],[156,83],[-16,41],[104,52],[96,-29],[32,81],[77,0],[83,-44],[92,19],[31,-38],[33,6]],[[47736,18473],[55,-20],[63,13],[49,57],[101,10],[83,61],[81,-30],[95,51],[81,-21],[65,-62],[73,-5],[97,-42],[91,3],[12,-24],[83,2],[24,84],[-145,49],[-35,47],[-8,62],[-49,51],[-4,61],[-88,55],[-59,58],[-12,106],[57,87],[-4,34],[51,24],[84,-35],[47,-43],[-10,-80],[23,-38],[146,-145],[38,-2],[-10,42],[22,76],[-51,11],[16,75],[-17,58],[45,17],[11,111],[-16,46],[-45,-32],[-69,51],[37,54],[-5,68],[46,-1],[75,98],[45,90],[2,41],[54,145],[121,96],[64,15],[110,51],[26,94],[126,82],[92,-57],[-20,78],[51,83],[-26,39],[12,40],[45,15],[53,-38],[63,23],[45,-48],[130,-40],[2,-128],[16,-46],[61,29],[38,-47],[10,-58],[58,-37],[87,-133],[48,-99],[61,22],[90,175],[-14,73],[-84,157],[-24,108],[144,16],[6,31],[109,60],[19,-38],[62,-53],[67,-22],[-2,29],[54,18],[10,112],[32,65],[-70,77],[53,26],[57,56],[36,-23],[20,-56],[30,-19],[91,-101],[48,-68],[16,-73],[51,-16],[51,48],[44,-61],[62,0],[42,-93],[59,18],[70,-34],[50,13],[46,-18],[60,26],[44,-25],[85,-17],[76,12],[44,-12],[41,20],[38,-16],[109,5],[14,124],[36,140],[37,41],[43,9],[50,74],[-4,35],[49,123],[-10,63],[89,-13],[45,14],[79,78],[17,-9],[66,56],[18,65],[73,20],[17,43],[-25,44],[66,50],[45,-16],[41,78],[43,-14],[35,36],[108,8],[46,38],[20,95],[39,-10],[68,16],[79,95],[31,73],[36,24],[35,-30],[70,-22],[39,18]],[[53351,21473],[21,-106],[67,-121],[-84,-4],[5,-59],[-56,-43],[-17,-42],[-8,-156],[-81,-23],[6,-67],[-58,-32],[-110,-6],[-31,-105],[-53,-18],[-20,-34],[28,-168],[26,-51],[49,-40],[-4,-41],[70,-68],[64,-28],[22,-100],[111,-79],[43,-82],[-56,16],[0,-31],[-50,-10],[-18,26],[-67,-46],[-44,3],[19,-88],[-11,-63],[10,-142],[-38,-53],[-4,-41]],[[53082,19571],[-123,-109],[-85,14],[-79,-89],[-44,0],[-23,-73],[-49,-34],[0,-115],[-42,-58],[17,-111],[-119,47],[-23,-33],[4,-80],[-74,-21],[-18,-37],[-63,-21],[8,-49],[-18,-50],[14,-54],[-48,-52],[9,-84],[-43,-25],[-36,-75],[20,-35],[-15,-57],[-56,-41],[59,-82],[-9,-47],[41,-32],[-12,-26],[14,-103],[48,-33],[20,-47],[57,-58],[85,-159],[-34,-90],[-8,-142],[67,-73],[67,-50],[56,-2],[31,-107],[184,-115],[-12,-38],[48,-33],[9,-154],[122,-11],[-4,-29],[44,-86],[49,-48],[78,1],[71,-118],[59,-42],[-4,-39],[-87,-23],[-65,-1],[-100,-27],[-35,61],[-54,54],[-45,1],[-5,49],[-87,5],[-5,20],[-149,-57],[8,-24],[-46,-59],[-37,-86],[-52,-35],[-52,-10],[-42,-32],[-161,59],[-171,47],[3,-42],[90,-30],[18,-45],[3,-80],[17,-10],[-109,-27],[-30,-64],[-16,-74],[63,-5],[91,-36],[41,-61],[-26,-42],[-65,-27],[-220,-56],[-23,-43]],[[51974,15866],[-37,17],[-19,86],[-94,-12],[-68,15],[-7,-31],[-57,-58],[-78,-48],[-40,-57],[-10,99],[-82,102],[-33,3],[-104,-86],[-52,-16],[-31,46],[-64,-29],[-67,5],[-29,21],[-10,-38],[-57,-14],[-40,12],[-19,-127],[14,-76],[-78,-80],[-54,-87],[-38,56],[-70,-47],[-34,3],[-27,37],[-83,32],[-15,42],[-72,64],[-51,6],[-56,61],[-61,23],[-25,31],[-38,120],[-53,12],[-39,-21],[-74,3],[-32,-17],[-83,-109],[-34,-116],[-62,-71],[-121,-87],[-52,-10],[-92,61],[-26,-60],[-114,-189],[-80,-26],[-33,-36],[-72,-23],[17,-98],[-76,-69],[-45,38],[-26,87],[-79,48],[-11,123],[-52,5],[-40,69],[-32,-42],[-74,54],[13,59],[-25,90],[-45,-1],[-22,48],[-44,-29],[-43,2],[12,-90],[-19,-45],[-74,-56],[-132,-8],[-25,-29],[-28,121],[-43,57],[-130,28],[-97,37],[-106,-170]],[[48095,15481],[-36,72],[-142,97],[-15,166],[-123,39],[-50,131],[-71,61],[-17,53],[-99,20],[-19,18],[-120,-32],[-115,28],[-66,-57],[-67,-20],[19,92],[0,122],[109,77],[46,87],[15,57],[46,83],[0,29],[47,77],[-62,13],[-56,-11],[-4,67],[-93,113],[-64,-25],[-80,55],[-63,-14],[-22,80],[20,61],[32,178],[32,76],[40,43],[35,84],[6,155],[-12,86],[10,43],[-124,-43],[-61,2],[-18,53],[8,185],[-7,100]],[[46954,17982],[43,18],[11,37],[134,55],[44,111],[80,-11],[59,62],[-82,86],[52,111],[89,-3],[58,20],[30,-84],[70,-26],[33,-40],[-35,-58],[-2,-52],[117,-20],[43,10],[46,-17],[21,109],[-88,23],[-69,-3],[-14,44],[37,80],[-3,27],[108,12]],[[50316,24530],[113,-108],[69,-8],[68,19],[66,44],[10,27],[125,-115],[52,-142],[-43,-84],[64,-18],[75,-41],[33,24],[84,-31],[69,17],[22,-49],[44,-21],[91,28],[54,-1],[10,109],[-36,116],[132,118],[85,-67],[42,3],[98,40],[0,38],[67,77],[84,-25],[88,15],[64,-79]],[[51946,24416],[-14,-36],[28,-63],[60,-58],[-7,-61],[75,-26],[7,-95],[-22,-31],[51,-67],[-27,-52],[29,-31],[14,-61],[228,13],[77,-33],[38,-129],[-64,-20],[3,-27],[51,-29],[1,-48],[61,-40],[7,-75],[-39,-90],[-53,-55],[61,-1],[-40,-95],[13,-17],[-5,-92],[90,-14],[60,-89],[74,9],[8,-84],[119,-67],[49,-53],[59,-12],[37,-46],[63,3],[43,-25],[72,5],[43,-19],[39,39],[40,81],[105,-55],[71,-57],[45,3],[113,-48],[13,-86],[62,-19],[-63,-161],[-41,-63],[51,-31],[46,-84],[13,-69],[-17,-56],[10,-74],[28,-67],[54,-72],[105,-34],[-3,-33],[46,-116],[6,-61],[-76,-6],[-56,21],[-46,40],[-57,12],[-98,-24],[-64,17],[-70,-84],[-35,6],[-25,-44],[5,-57],[-46,-50]],[[47736,18473],[46,37],[-46,97],[28,143],[-41,36],[5,107],[54,68],[-48,58],[-79,-22],[-48,-35],[3,35],[-63,63],[-1,54],[44,21],[-30,46],[-40,2],[-48,54],[-30,-20],[7,62],[22,4],[65,106],[-118,8],[-38,-16],[-121,3],[-33,22],[-58,-36],[-44,23],[11,59],[-48,2],[-34,52],[-132,-85],[-39,77],[-50,4],[-24,94],[-31,23],[-90,-7],[-36,62],[62,16],[-5,76],[-52,149],[-37,10],[-20,58],[70,57],[36,-3],[90,-42],[60,-44],[45,62],[31,-7],[21,59],[-150,68],[-2,62],[-22,75],[37,21],[-46,155],[32,28],[41,-13],[28,-47],[160,3],[129,-60],[59,-61],[51,24],[110,-66],[36,-7],[65,60],[31,64],[7,90],[31,24],[72,-20],[64,18],[-50,84],[-114,128],[-54,-12],[-79,68],[14,78],[38,100],[28,16],[11,69],[32,13],[11,59],[40,62],[-6,29],[48,2],[15,65],[-29,18],[-17,86],[11,101],[44,27],[74,-45],[51,25],[29,-24],[124,-31],[29,-26],[77,6],[-8,59],[74,-7],[-27,39],[29,52],[43,-46],[119,-15],[32,65],[6,70],[117,75],[20,31],[-14,64],[-113,42]],[[48290,21810],[42,38],[29,118],[51,69],[-9,117],[61,-19],[43,-38],[70,5],[57,-30],[41,12],[15,44],[82,13],[36,-40],[81,79],[61,-26],[3,64],[125,75],[-10,64],[-106,55],[-19,33],[131,91],[75,-5],[41,19],[46,95],[63,17],[89,-129],[27,-15],[74,77],[103,63],[18,33],[44,4],[34,62],[64,76],[48,-39],[65,0],[17,-27],[112,-4],[38,34],[129,-44],[108,-2],[37,77],[49,44],[53,-4],[31,27],[68,-7],[21,-47],[38,-25],[8,-45],[76,-43],[84,42],[-20,171],[37,45],[-25,60],[24,63],[-13,136],[12,85],[-87,37],[-38,-4],[-33,43],[3,54],[26,51],[-62,64],[7,63],[28,61],[-23,36],[-52,6],[-94,-30],[-42,2],[-105,-24],[-211,102],[-7,56],[33,53],[-6,74],[31,49],[20,111],[88,15],[-24,159],[-25,104],[50,29],[28,49],[35,2],[27,40]],[[53082,19571],[74,-17],[81,-50],[-7,-36],[28,-83],[50,-51],[60,-33],[37,-55],[-21,-89],[69,-35],[2,-53],[32,20],[73,-44],[12,-136],[-8,-44],[53,-109],[96,-25],[37,-49],[75,36],[26,-17],[38,41],[72,-24],[20,-49],[101,-26],[131,-114],[84,51],[66,-70],[37,27],[34,-75],[31,-18],[18,-52],[64,-68],[40,-2],[32,47],[35,-25],[20,-81],[65,-72],[39,-2],[43,-44],[29,28],[35,-7],[66,22],[29,-28],[108,17],[17,-17],[50,-172],[48,-1],[110,56],[61,-46],[34,4],[55,-37],[13,109],[136,-26],[51,47],[47,3],[45,45],[62,26],[35,-40],[53,11],[17,42],[77,-8],[57,22],[13,40],[114,-29],[133,-5],[34,72],[10,62],[29,45],[42,8],[169,-28],[-16,-63],[-40,-38],[-4,-36],[38,-37],[-55,-89],[31,-98],[70,-64],[51,-94],[32,-20],[33,-62],[-9,-102],[-40,-71],[-21,-89],[-42,-5],[-65,-52],[-61,-24],[-2,-67],[38,-127],[-30,-74],[-35,-11],[-15,-74],[-39,1],[-54,-63],[-88,-57],[-43,15],[-62,-18],[-27,-44],[-53,-5],[-12,-26],[31,-49],[-24,-82],[-46,-36],[22,-101],[-56,-53],[-51,-3],[-52,-46],[-61,-6],[-51,-66],[-26,-69],[16,-125],[39,-25],[10,-95],[37,-156],[51,-94],[-87,-45],[-5,-37],[-85,-53],[-35,-66],[21,-51],[-54,14],[-55,59],[-41,-12],[-35,-56],[-63,-7],[-81,-93],[-14,-31],[28,-24],[-43,-42],[-107,18],[-39,-29],[-53,30],[-44,-49],[-65,-29],[-27,-51],[18,-83],[65,-28],[-31,-17],[-29,24],[-8,-71],[-31,-8],[-26,111],[22,57],[-47,42],[-34,-55],[-13,-86],[-40,7],[-43,51],[-101,3],[-64,-21],[-76,-81],[-2,-84],[-74,-82],[-8,-36],[-48,-13],[9,39],[-36,43],[-66,-14],[-53,10],[-47,-25],[-45,-54],[-43,-84],[-31,-93],[-31,-191],[29,-32],[-20,-62],[29,-30],[35,6],[-11,-104],[35,-15],[-38,-46],[-71,6],[6,91],[-39,48],[-57,25],[-69,-8],[-81,-62],[-50,-84],[-64,-38],[-10,-42],[-23,72],[-88,30],[-2,-21],[-82,11],[-96,-22],[-74,-54],[-74,-135],[-2,-44],[64,-21],[20,-36],[-25,-28],[-11,-71],[-71,-7],[5,-28]],[[53287,13866],[-88,18],[-5,70],[-57,13],[-69,45],[31,54],[20,80],[-10,29],[-65,9],[40,153],[43,30],[24,48],[23,-6],[-2,57],[-41,57],[60,109],[-79,85],[-39,-31],[-58,5],[-30,-28],[-26,44],[-34,-36],[-58,85],[-114,84],[-45,-24],[-47,47],[9,34],[-78,134],[-46,2],[-23,40],[1,91],[16,50],[43,34],[0,66],[-29,37],[-5,82],[-46,34],[-16,89],[-28,-27],[-149,20],[6,39],[-55,52],[-82,25],[-53,-41],[-59,-18],[-23,108],[-53,21],[26,42],[-42,46],[-1,43]],[[53875,14084],[-138,24],[36,43],[119,-43],[-17,-24]],[[53790,14024],[-47,15],[81,7],[-34,-22]],[[60580,3466],[51,53],[-22,-55],[-29,2]],[[63557,0],[-52,9],[45,48],[7,-57]],[[63602,170],[-20,-17],[-71,40],[58,30],[33,-53]],[[60523,6752],[60,-17],[35,-54],[30,-9],[41,32],[43,-15],[88,13],[41,-74],[63,-25],[81,7],[-5,-55],[24,-14],[130,-19],[61,-41],[127,-9],[53,-87],[82,11],[76,-42],[94,-10],[73,58],[74,17],[5,-64],[-15,-131],[81,-43],[39,-75],[-19,-68],[100,-112],[82,25],[43,-47],[31,-86],[73,-28],[78,-2],[90,-118],[49,-11],[70,-61],[106,24],[24,-125],[-15,-35],[13,-79],[66,-21],[2,-56],[47,-147],[-20,-35],[52,-34],[44,-63],[44,9],[94,-74],[1,-41],[42,-75],[-31,-134],[25,-47],[-11,-31],[49,-41],[13,-38],[73,-111],[120,42],[37,-23],[54,12],[51,-14],[-9,-128],[-16,-92],[22,-26],[0,-90],[28,-24],[-27,-170],[-22,-24],[24,-42],[42,-21],[-37,-65],[-39,-31],[20,-26],[66,18],[69,-41],[17,-71],[-76,-127],[7,-36],[-40,-118],[41,-59],[34,26],[18,-27],[52,-7],[35,-35],[87,34],[88,-23],[5,-61],[76,17],[56,77],[24,-4],[119,123],[64,18],[72,-59]],[[64181,3367],[-8,-60],[16,-51],[8,-154],[-50,-115],[24,-83],[-21,-71],[38,-16],[19,-48],[-13,-40],[8,-113],[-22,-80],[17,-41],[-25,-201],[-56,-16],[-67,-76],[15,-53],[49,3],[-24,-43],[26,-55],[-45,-50],[-30,-75],[-80,22],[-26,-65],[31,-16],[10,-48],[-36,-18],[-47,27],[-35,-29],[-94,73],[-4,-77],[-83,-47],[-20,-125],[56,-33],[40,35],[57,95],[71,-10],[29,-59],[124,21],[-3,-40],[-30,-3],[-37,-87],[-23,-14],[11,-58],[-39,-48],[-76,-10],[-30,-41],[-65,-34],[-83,-108],[-37,18],[-7,-60],[45,-13],[-1,-37],[-39,-68],[-30,-22],[35,-32],[43,22],[-5,-131],[-80,-84],[-100,-125],[-88,-28],[13,-98],[-13,-82],[-38,-2],[37,-62],[77,93],[75,59],[31,0],[-24,-95],[-40,-24],[-46,-75],[-42,-97],[-39,-39],[-8,-64],[-96,2],[-79,-10],[-27,85],[-31,41],[-81,-3],[-98,59],[30,29],[-126,-24],[-29,-24],[-32,50],[17,82],[61,53],[3,59],[48,45],[4,45],[-89,-4],[-32,49],[-50,-53],[-37,3],[-32,49],[2,102],[56,78],[-77,-45],[-49,-74],[-57,-6],[5,67],[-22,13],[-41,-30],[-33,10],[-11,73],[-28,-29],[-51,28],[-22,42],[-40,-73],[-47,73],[-31,-15],[3,40],[-60,22],[-53,-19],[-40,40],[-21,-37],[-23,22],[-32,90],[-65,11],[-73,-24],[31,73],[-72,53],[-82,-44],[-65,12],[10,43],[55,52],[-19,29],[9,54],[-37,-41],[-9,39],[-93,-16],[-38,28],[-14,44],[-93,11],[-3,45],[48,50],[-33,48],[0,50],[-37,-11],[-21,48],[39,37],[19,57],[-5,61],[-21,11],[40,35],[-2,58],[38,4],[13,54],[27,-70],[37,-8],[41,56],[78,28],[17,34],[81,-12],[34,42],[18,115],[72,50],[49,-6],[35,35],[-14,55],[-120,-9],[-20,34],[-169,13],[-99,94],[-53,16],[-52,-21],[-22,-61],[-42,-13],[23,61],[-70,22],[5,48],[34,32],[16,51],[-21,47],[-56,6],[-178,-79],[-17,-25],[-70,-16],[-18,27],[21,65],[-54,37],[-60,-12],[-45,24],[-57,-22],[4,60],[60,20],[49,-36],[104,67],[109,144],[-24,50],[-84,68],[42,39],[15,-39],[87,6],[27,72],[107,9],[16,91],[34,53],[-46,9],[-37,58],[-32,-19],[-25,28],[142,15],[34,52],[-2,70],[-42,47],[21,21],[-27,43],[62,15],[40,29],[1,40],[-31,80],[-44,74],[-58,46],[-36,-29],[-40,61],[-66,-7],[5,-94],[-46,-5],[-60,-53],[-132,8],[-52,-31],[-51,20],[-101,17],[-109,-61],[-33,43],[28,107],[31,16],[-8,87],[-50,-1],[-12,81],[-41,6],[2,47],[-26,28],[83,24],[16,22],[75,-25],[74,5],[91,90],[-2,65],[-41,-6],[-20,50],[15,72],[63,63],[88,51],[35,-14],[111,57],[-8,50],[79,-9],[25,51],[-12,68],[-40,43],[-72,-14],[2,62],[-36,79],[-27,13],[23,47],[-44,73],[0,40],[-44,19],[-53,-67],[-86,17],[-64,91],[-90,7],[-52,78],[-96,-35],[-47,1],[62,97],[-37,48],[-53,3],[-64,-38],[9,31],[70,28],[73,78],[-21,25],[-94,-12],[-13,42],[92,19],[-36,105],[19,70],[-60,-9],[41,63],[-44,34],[30,54],[-18,19],[-80,-22],[-51,49],[26,32],[46,-27],[73,18],[15,31],[71,10],[107,68],[41,-25],[59,9],[20,30],[82,9],[51,28],[59,-4],[24,36],[-6,57],[-27,39],[-52,13],[4,59],[-115,57],[-31,-22],[-55,32],[-15,50],[-89,-38],[-35,63],[18,34],[118,69],[-2,54],[-39,2],[-7,46],[-76,34],[-81,-29],[-38,-69],[-38,-32],[-46,3],[23,73],[-36,11],[23,43],[-2,73],[-41,24],[-10,39],[26,33],[15,-52],[68,-11],[38,30],[-19,48]],[[60523,6752],[56,24],[37,-22],[59,28],[0,49],[-25,40],[42,22],[-44,41],[19,45],[64,6],[7,27],[83,-22],[22,-33],[40,13],[32,73],[7,53],[-69,50],[89,16],[-4,82],[54,82],[-22,40],[-112,-12],[76,149],[-6,94],[41,44],[36,-25],[56,38],[-3,25],[105,0],[-36,72],[55,61],[-27,25],[27,51],[-35,60],[16,29],[-41,40],[71,50],[-6,-68],[14,-80],[127,63],[29,-11],[-27,-38],[55,-52],[89,18],[70,80],[-11,67],[-19,12],[57,45],[-5,45],[-31,36],[110,23],[21,-30],[48,46],[106,-1],[71,109],[-19,22],[106,-10],[46,20],[40,60],[52,-3],[37,-32],[87,1],[43,34],[103,2],[32,28],[34,-24],[45,25],[34,55],[52,1],[85,46],[11,30],[-29,31],[-5,84],[26,3],[-13,82],[58,-21],[62,86],[6,60],[49,1],[44,62],[78,46],[59,-15],[111,47],[155,-75],[101,69],[48,-92],[114,-23],[-16,-76],[28,-39],[38,9],[1,-34],[48,-49],[19,-80],[39,-13],[34,25],[-3,33],[61,37],[38,52],[0,129],[56,44],[43,82],[2,44],[-36,141],[19,33],[4,160],[-51,107],[-24,7],[-31,90],[-40,48],[28,60],[58,65],[50,82],[-59,77],[4,79],[-31,24],[5,43],[125,100],[40,70],[-43,16],[41,107],[-52,48],[-7,69],[15,64],[-33,46],[17,37],[-23,45],[14,37],[63,55],[79,-15],[34,34],[56,-26],[78,2],[18,27],[41,-4],[12,-42],[50,-16],[58,-84],[31,-1],[0,-62],[-31,-35],[16,-47],[-27,-26],[20,-72],[58,-93],[-17,-13],[30,-155],[-14,-34],[24,-32],[-4,-90],[53,-229],[-24,-89],[25,-25],[4,-80],[26,-88],[-6,-84],[-33,-77],[-52,-76],[-28,-89],[-14,-142],[-17,-71],[-27,-182],[-21,-41],[-7,-104],[17,-88],[54,-129],[73,-127],[165,-243],[49,-109],[29,-155],[1,-151],[-18,-98],[-2,-93],[31,-140],[20,-48],[2,-183],[8,-18],[-28,-134],[-20,-155],[0,-102],[23,-164],[28,-126],[18,-34],[52,-237],[-33,-318],[29,-236],[-15,-109],[-4,-211],[8,-33],[-8,-122],[-21,-124],[-91,-121],[-117,-194],[-206,-355],[-57,-60],[-84,-129],[-46,-103],[-8,-103],[18,-73],[-11,-87],[-51,-116],[-22,-146],[4,-74],[19,-29]],[[42471,25239],[21,-27],[91,-6],[21,23],[-17,64],[88,-32],[9,-36],[41,3],[-10,51],[131,34],[74,-24],[97,68],[-3,53],[-64,44],[-1,40],[32,89],[107,12],[-37,125],[42,1],[85,52],[-21,48],[83,67],[101,62],[89,-3],[13,28],[89,34],[10,42],[134,25]],[[43676,26076],[79,-84],[-2,-40],[-51,-26],[-6,-97],[41,-74],[84,-61],[51,-54]],[[43872,25640],[39,-55],[1,-191],[-33,-78],[2,-138],[44,-147],[-34,-66],[32,-92],[-13,-58],[20,-48],[68,-44],[-20,-54],[-89,-98],[1,-73],[59,-89],[41,-39],[20,-81],[-18,-76],[17,-50],[93,-39],[36,-57],[-30,-59],[-60,-68],[21,-88],[-34,-68],[1,-45],[60,-65],[6,-98],[33,-89],[69,-69],[48,-120],[-65,-113],[-16,-65],[-46,-39],[-14,-86],[26,-59],[-5,-58],[-65,-88],[-15,-101],[-87,-25],[4,-140],[-100,-27],[-18,-124],[-57,-70],[-73,-28],[-24,-45],[38,-88],[-46,-66],[23,-114],[0,-101],[29,-45],[41,-147],[-20,-131],[15,-66],[-22,-67],[-53,-60],[-19,-55],[-76,-156],[17,-10],[-26,-90],[-124,-35],[-24,-51],[-11,-92],[-38,10],[-1,-122],[58,-47],[-25,-83],[-36,-34],[-21,-74],[8,-92],[40,-62],[7,-89],[-9,-101],[-32,-69],[-86,-40],[-20,-31],[-19,-153],[6,-53],[-68,-171],[-9,-138],[16,-138]],[[43210,19369],[-5,-119],[18,-61],[-19,-205]],[[43204,18984],[-35,26],[-14,55],[-41,7],[-56,-38],[-30,71],[-98,36],[-53,40],[-72,10],[-63,119],[8,37],[-62,-25],[-33,44],[-53,-9],[2,39],[-46,31],[-94,-12],[-29,33],[-76,-3],[-30,-58],[-11,-233],[-13,-62],[-48,-25],[-14,28],[-132,1],[-51,79],[59,218],[-53,86],[-104,-48],[-142,1],[-43,-8],[19,-29],[-37,-64],[-84,-60],[-66,-5],[13,-34],[-6,-100],[-41,-70],[-9,-47],[-89,-67],[-72,32],[-116,135],[-124,56],[-55,122],[-43,-39],[-97,8],[-12,94],[-25,5],[-35,59],[-48,-70],[-52,45],[-47,-22],[-95,-11],[-10,-24],[-80,-50],[-69,83],[78,55],[-11,55],[29,105],[-30,71],[10,28],[-41,38],[-14,44],[32,40],[38,-32],[36,13],[17,68],[-49,56],[-96,41],[48,82],[-39,84],[-64,-1],[-35,56],[-75,36]],[[40331,20210],[-6,41],[-40,43],[-15,138],[17,66],[-22,31],[-18,87],[-36,27],[-50,160],[5,24],[-53,116],[-54,6],[-31,-33],[-55,67],[11,41],[-63,47],[13,90],[-16,40],[-38,-2],[-15,68],[23,133],[-36,87],[-21,-7],[-27,117],[-41,28],[58,81],[7,44],[-64,-3],[12,55],[-48,42],[23,106],[50,25],[-12,54],[-57,21]],[[39732,22050],[31,71],[27,15],[75,-39],[34,84],[111,39],[-63,47],[50,0],[32,107],[32,10],[23,86],[-5,48],[28,52],[70,36],[16,-60],[66,-57],[29,1],[-36,89],[10,46],[36,8],[20,-80],[23,-15],[23,47],[-2,74],[36,-7],[5,-50],[63,28],[-27,89],[6,77],[28,65],[50,23],[64,1],[67,-40],[200,79],[71,-34],[115,4],[14,36],[77,43],[12,140],[152,165],[29,98],[-7,82],[58,45],[56,-28],[18,-33],[142,58],[64,1],[60,25],[6,50],[-37,53],[-51,26],[-15,36],[10,65],[24,22],[0,54],[25,-10],[-7,55],[43,-9],[-5,44],[82,-10],[55,-26],[66,50],[101,17],[12,35],[-18,85],[-80,6],[-55,59],[0,78],[56,21],[-19,33],[50,24],[-34,67],[58,46],[54,-34],[15,28],[51,-4],[3,88],[-45,29],[-55,-2],[-35,39],[31,49],[-12,50],[67,-8],[34,-23],[66,11],[50,-23],[38,-58],[-20,-77],[39,-50],[23,18],[-26,39],[93,10],[-4,48],[-32,15],[-22,78],[17,130],[47,45],[7,47],[59,28],[35,104],[-18,107],[50,28],[12,47],[-33,83]],[[41368,55812],[37,22],[123,27],[93,-11],[81,39],[79,-46],[47,-3],[56,-65],[93,-5],[46,19],[54,-37],[115,-18],[120,-54],[153,68],[127,-8],[56,24],[84,122],[97,6],[42,66],[37,21],[225,22],[146,63],[126,0],[-42,73],[10,133],[41,92],[-4,106],[-42,-10],[-27,57],[36,40],[21,79],[40,70],[217,105],[-16,68],[36,-4],[28,95],[77,33],[116,74],[73,100],[8,-49],[35,-49],[86,-7],[107,12],[23,-82],[70,-23],[-117,-85],[-15,-38],[29,-72],[-26,-70],[36,-17],[-17,-42],[-94,88],[-52,-43],[32,-75],[-37,-103],[-82,-8],[-3,-31],[46,-26],[-11,-35],[52,-30],[9,-61],[-48,-24],[-45,-53],[-10,-66],[18,-25],[-23,-58],[13,-49],[-67,-81],[-46,-4],[-10,-153],[106,-28],[67,-34],[45,12],[43,-27],[39,-95],[96,-62],[-1,-37],[42,-47],[-61,-51],[49,-18],[-44,-29],[-68,-149],[5,-25],[-52,-15],[1,-73],[27,-77],[43,1],[6,-122],[36,-24],[-52,-41],[-24,-102],[-36,-25],[45,-27],[77,24],[36,-32],[49,7],[32,-24],[71,20],[41,-11],[69,72],[46,24],[184,-13],[45,-115],[122,-66],[109,-31],[8,-32],[134,11],[110,-164],[29,-80],[3,-88],[68,4],[11,-24],[43,59],[53,-42],[-4,-118],[180,16],[57,-57],[46,22],[92,-19],[28,40],[51,16],[59,-48],[26,-47],[99,-67],[105,-121],[-67,-42],[-39,-61],[-17,-80],[38,-89],[55,36],[52,-3],[25,79],[36,17],[53,-50],[43,3],[89,-41]],[[46489,53606],[-50,-72],[-18,-84],[-72,-5],[-32,-24],[-65,25],[-48,-82],[-48,-35],[-2,-34],[-42,-41],[16,-23],[-117,-38],[-39,-59],[-60,-16],[-38,89],[-86,44],[4,45],[-119,33],[-49,-49],[-33,20],[-120,-48],[-45,93],[-8,57],[-29,34],[-134,6],[-41,-103],[34,-45],[-17,-88],[-55,16],[-35,-84],[14,-67],[40,17],[-95,-179],[-75,-13],[-10,-45],[34,-25],[33,-67],[39,-14],[-3,-89],[54,-70],[46,11],[25,-24],[-12,-66],[-37,-19],[27,-84],[-4,-41],[47,-22],[-24,-38],[-59,-9],[-25,-48],[-65,-26],[121,-86],[-24,-33],[11,-43],[-44,-45],[-78,-12],[-53,18],[-32,-29],[12,-44],[-100,-135],[-36,-24],[5,-61],[48,-69],[-56,-37],[45,-20],[18,-79],[74,-7],[13,-27],[-46,-30],[9,-73],[-77,-21],[-35,22],[-129,-65],[13,-30],[-141,-66],[-42,-71],[-31,-9]],[[44536,51144],[-4,29],[-126,69],[54,62],[-74,-8],[31,40],[-101,-27],[-37,-28],[-68,30],[25,-40],[-22,-46],[-67,-51],[24,-84],[-114,23],[-73,30],[17,41],[-56,-11],[-7,55],[-58,-14],[-51,-43],[-78,26],[-127,-24],[-77,71],[-102,-9],[0,29],[-78,8],[-69,-100],[-77,-18],[-33,-34],[-50,-9],[-69,44],[5,54],[-53,108],[1,37],[-57,9],[-23,61],[45,55],[-120,33],[-86,5],[-53,-54],[-114,-28],[-140,-7],[-107,-21],[-54,-32],[-34,49],[-75,3],[-26,46],[-35,-8],[-23,45],[-33,-8],[-97,181],[7,24],[-95,-50],[-56,-6],[21,46],[-68,31],[-106,4],[-102,173],[-29,-19],[-39,53],[-56,42],[16,26],[-72,66],[-99,25],[-30,23],[-55,-26],[-54,96],[-55,23],[-87,-7],[-60,20],[-49,-16],[-244,-1],[-15,18],[-112,8]],[[30137,12529],[54,-75],[9,-47],[-20,-47],[39,-20],[-14,-37],[89,-92],[-13,-37],[20,-44],[-50,-42],[-26,-47],[23,-81],[46,17],[87,-36],[4,-43],[159,-106],[13,-55],[41,51],[38,-9],[103,-77],[53,-7],[69,19],[-48,49],[46,35],[21,-105],[88,-11],[15,28],[4,-131],[43,-9],[13,-65],[38,51],[0,45],[53,21],[58,-26],[3,-34],[93,-20],[16,-52],[-10,-67],[23,-112],[-5,-30],[41,-75],[-106,-41],[4,-65],[44,-41],[43,25],[56,-28],[52,-87],[-1,-66],[-61,-83],[63,-33],[11,-72],[-24,-33],[23,-103],[-11,-33],[57,-39],[33,13],[-20,-45],[-54,-19],[-38,48],[-77,1],[-115,-46],[-12,-96],[207,-61],[50,-159],[-32,-14],[11,-44],[-27,-115],[26,-48],[-182,-96],[-255,-23],[-53,1],[-14,-109],[-55,-54],[-4,-48],[39,-30],[113,-38],[20,-45],[110,-162],[24,-18],[-31,-32],[-60,-15],[24,-63],[72,-18],[5,-26],[68,-35],[10,-50],[261,-25],[29,36],[49,-5],[26,49],[45,-1],[71,63],[126,-28],[5,-82],[147,-124],[83,-49],[32,-71],[57,5],[36,-39],[36,-95],[-37,-52],[-7,-62]],[[32245,8581],[-65,-12],[-82,41],[-21,25],[-70,-37],[-70,-16],[-114,15],[-42,-30],[-61,12],[-17,-39],[-69,-33],[-39,6],[-80,53],[-68,-158],[-41,-66],[-18,-65],[-79,13],[-84,-91],[-36,29],[-86,-5],[-31,41],[-32,-56],[-8,-84],[-75,-21],[1,-56],[-44,-16],[-18,33],[-103,3],[-159,-78],[-66,8]],[[30568,7997],[-22,58],[-35,-13],[-89,13],[-48,33],[-70,13],[0,68],[52,72],[-8,37],[-97,-16],[-71,53],[-77,13],[-72,-37],[-47,47],[-66,13],[-48,-13],[-124,-1],[-29,45],[-59,28],[-22,68],[-55,36],[-58,15],[-120,-43],[-14,-24],[-81,-2],[-30,52],[-66,-10],[-8,-71],[-38,-64],[36,-115],[-31,-40],[-55,-30],[-85,6],[-38,62],[6,30],[-43,48],[-19,70],[-12,129],[-47,22],[-28,59],[-40,2],[8,108],[-54,61],[-54,0],[-61,53],[27,109],[-84,-6],[-13,36],[-44,1],[-38,-36],[-107,2],[-65,-33],[-13,28],[-96,-23],[-52,67],[-54,17],[-54,-49],[-32,5],[-193,-79],[-75,81],[-69,45],[-12,74],[10,70],[-58,82],[-46,17],[0,33],[-100,50],[-40,64],[-18,-39],[-117,-10],[-36,39],[-125,10],[-21,16],[-63,-27],[-37,3],[-30,57],[-71,64],[-98,-63],[-19,-41],[-33,-4],[-181,157],[-68,21],[-50,59]],[[26474,9629],[7,81],[-51,122],[-1,54],[-37,6],[-18,65],[37,87],[-14,48],[-35,31],[3,43],[-33,36],[81,76],[67,-13],[35,30],[30,-15],[51,54],[-30,53],[-19,97],[47,10],[88,-12],[99,60],[48,-7],[103,17],[75,40],[11,38],[59,68],[36,92],[45,30],[-31,69],[-86,33],[-11,123],[38,-31],[1,57],[-45,32],[12,62],[-17,69],[62,-8],[47,63],[-69,65],[6,38],[56,59],[-13,42],[136,-94],[26,10],[61,160],[-22,61],[26,69],[29,-45],[50,4],[73,-34],[19,55],[91,15],[-6,19],[55,54],[36,-26],[59,-91],[91,-49],[39,69],[147,-141],[68,-215],[109,17],[60,20],[-8,114],[92,9],[46,87],[50,-10],[-125,137],[-2,30],[-51,-14],[-192,42],[-22,63],[35,22],[26,53],[4,83],[78,11],[14,-33],[59,20],[50,63],[98,-45],[41,37],[40,-32],[66,45],[-8,49],[78,50],[63,5],[38,-25],[26,30],[40,96],[-37,61],[-5,43],[-31,-19],[-117,16],[-20,37],[-77,8],[61,39],[-7,35],[-41,-10],[-60,20],[-47,-11],[-17,28],[39,27],[-42,113],[44,-14],[12,78],[57,-15],[26,87],[37,40],[77,3],[102,-38],[-40,-16],[7,-38],[54,-37],[-6,-49],[31,-3],[136,-121],[24,-57],[41,-41],[-19,-83],[-34,-30],[-4,-70],[42,-15],[39,-46],[65,-27],[90,-16],[37,86],[42,27],[50,-38],[25,73],[-49,33],[50,75],[-56,30],[-14,94],[34,45],[-15,39],[18,66],[42,-36],[25,45],[23,-24],[-10,-67],[15,-64],[98,58],[24,-5],[83,-156],[36,55],[-25,61],[50,25],[16,-41],[86,-18],[22,-40],[134,-28],[-10,-119],[38,0],[52,44],[5,38],[-29,73],[104,131],[65,-50]],[[37756,45662],[33,146],[-87,15],[40,14],[-30,40],[-58,-2],[24,73],[35,32],[7,84],[-55,79],[-47,96],[110,42],[37,28],[79,0],[1,47],[-50,112],[-80,86],[39,35],[114,-33],[74,8],[83,76],[45,25],[-31,34],[-20,91],[-39,39],[35,41],[52,23],[35,64],[100,-4],[-55,96],[138,38],[28,37],[71,-2],[-6,29]],[[38378,47151],[18,-11],[19,-98],[70,9],[12,-125],[44,14],[44,-51],[7,-48],[75,51],[54,-76],[-21,-41],[26,-139],[40,-29],[31,19],[37,-28],[128,33],[72,-42],[89,26],[69,-1],[6,-21],[77,-10],[32,-29],[141,7],[20,-37],[89,-48],[126,48],[63,94],[-25,36],[-6,109],[22,76],[-37,4],[-6,49],[42,-13],[149,9],[39,49],[11,94],[55,30],[125,-19],[41,126],[44,57],[37,-5],[35,145],[75,68],[95,-12],[30,-18],[124,46],[48,83],[-28,19],[49,102],[26,21],[227,-96],[79,93],[71,46],[58,5],[95,-31],[83,7],[64,-16],[44,93],[41,-52],[51,-17],[41,28],[54,-4],[61,32],[55,-22],[74,-105],[-25,-74],[33,-15],[12,-67],[-45,-46],[24,-49],[-48,-30],[55,-109],[20,-15],[-86,-105],[87,-104],[61,-27],[148,-130],[68,-78],[102,-60],[85,-31],[135,-17],[110,-55],[69,59],[78,-48],[-13,-80],[87,-18],[8,62],[93,86],[99,-2],[22,29],[135,14],[38,-19],[1,-46],[50,-14],[20,-34],[68,5],[17,-38]],[[43297,46579],[28,-94],[-67,-52],[-18,-68],[9,-38],[-40,-101],[14,-45],[-44,1],[-54,-34],[21,-58],[87,-36],[19,-30],[55,-6],[26,-31],[-3,-54],[51,-43],[-33,-51],[70,-38],[47,-69],[-36,-34],[23,-33],[52,31],[57,-22],[70,2],[63,-32],[-25,-136],[106,-67],[70,3],[62,-57],[66,-27],[40,16],[40,-43],[-83,-55],[-38,-52],[49,-69],[5,-65],[49,10],[8,-28],[51,-21],[-37,-82],[24,-52],[61,-60],[-20,-41],[-54,-18],[14,-40],[-38,-88],[37,10],[15,-80],[-56,-12],[-1,-55],[103,-35],[12,-76],[-32,-34],[-45,-91],[1,-30],[-45,-48],[0,-106],[68,-56],[-28,-5],[-24,-52],[-53,-32],[27,-91],[-2,-64],[-66,-12],[-129,29],[-118,50],[-68,-5],[-71,31],[-34,-86],[-89,-39],[9,-69],[-126,-54],[-81,-2],[7,-24],[131,-29],[42,-43],[49,-104],[54,-27],[-6,-35],[-50,-27],[-24,-55],[41,-42],[-45,-7]],[[43447,43265],[-17,23],[-120,-56],[-34,37],[-43,-21],[-36,53],[-113,-9],[-23,46],[-168,-15],[-68,-90],[-34,-11],[-27,-59],[-60,14],[0,-35],[43,-83],[41,-15],[22,-95],[-25,-25],[-100,16],[-59,-22],[-110,10],[-103,-54],[-101,-23],[-84,62],[-45,17],[-91,-40],[-122,-15],[-116,-26],[-104,23],[-30,20],[-55,-102],[10,-62],[-41,-75]],[[41634,42653],[-87,-14],[-125,41],[-36,70],[-67,59],[28,126],[-115,25],[-37,-41],[39,-45],[22,-85],[-26,-36],[-73,-5],[-16,108],[-68,18],[-45,-26],[-98,-115],[-107,-77],[-11,24],[-58,-21],[-5,106],[-141,18],[-19,-23],[10,-68],[-62,-42],[-60,52],[-25,-32],[-57,25],[4,30],[-43,34],[-56,-62],[-70,-8],[-56,31],[-64,-33],[-96,24],[-35,-43],[-58,-19],[-50,28],[42,58],[16,163],[34,79],[-56,126],[-38,42],[-52,-9],[16,-57],[-24,-79],[-80,-18],[18,51],[-70,-4],[-13,70],[-32,61],[67,-3],[38,23],[31,-26],[-10,106],[-25,2],[-68,62],[-11,30],[-56,15],[-34,43],[26,27],[-27,39],[24,30],[-106,159],[-33,28],[7,67],[26,23],[-61,111],[-52,20],[-12,51],[-41,34],[-49,-55],[-70,39],[8,75],[53,47],[-13,72],[-51,54],[-96,37],[-19,-31],[30,-53],[2,-46],[-73,-71],[-53,67],[-9,-63],[-102,-37],[-32,127],[-60,97],[-24,66],[-79,52],[-130,-85],[-84,64],[109,88],[50,62],[46,89],[-30,39],[-45,-12],[-20,46],[67,90],[40,24],[-33,108],[-66,30],[-6,23],[-72,11],[-27,38],[34,20],[10,69],[-35,34],[-60,9],[-14,91],[-86,-11],[5,96],[-48,27],[-91,138],[-70,62],[-100,-2],[-20,35],[-87,-5],[-103,-103],[-25,88],[-37,30],[6,91]],[[30137,12529],[45,24],[45,94],[33,24],[-54,47],[52,42],[88,32],[-7,57],[-46,44],[113,98],[10,30],[91,-81],[0,26],[46,33],[63,-36],[73,6],[14,51],[-55,55],[14,95],[-26,24],[43,36],[-38,34],[2,35],[40,19],[32,-24],[30,20],[-44,67],[31,75],[53,11],[31,-22],[26,69],[-23,44],[70,73],[71,-51],[-7,-46],[101,-67],[34,-62],[-36,-79],[51,-20],[33,47],[-20,33],[49,50],[-13,43],[70,32],[67,-36],[21,44],[42,-24],[10,-49],[27,37],[72,-86],[41,36],[74,10],[28,55],[46,-25],[29,47],[-38,67]],[[31641,13587],[106,-43],[35,-98],[47,-57],[-24,-8],[37,-68],[53,27],[100,-28],[21,28],[70,7],[130,101],[47,8],[70,-138],[124,-79],[55,84],[13,99],[-28,30],[2,103],[23,-2],[55,63],[15,42],[52,30],[8,49],[105,-122],[93,43],[37,-41],[103,-29],[29,-31],[43,-3],[53,-47],[62,-8],[30,-31],[57,-13],[44,17],[-16,36],[64,18],[48,53],[104,-25],[54,25],[143,8],[23,-52],[43,6],[33,-41],[144,9],[39,-30],[22,17]],[[34009,13496],[62,-68],[60,1],[-3,-56],[-29,-32],[-74,9],[-62,-78],[-17,-64],[21,-83],[-33,-33],[-35,-94],[47,-75],[22,21],[128,-27],[29,-100],[39,-70],[2,-59],[74,-69],[41,9],[23,61],[28,-22],[70,-5],[88,53],[5,77],[52,19],[0,35],[40,-27],[7,-99],[39,-57],[-36,-88],[26,-40],[45,15],[101,-61],[64,-83],[88,21],[13,42],[54,53],[-4,85],[23,48],[117,108],[-53,39],[28,50],[119,-6],[29,21],[98,25],[20,63],[-17,130],[-59,69],[6,45],[39,32],[15,-45],[92,-63],[-10,-72],[15,-83],[-32,-41],[12,-33],[121,-66],[31,41],[62,-37],[52,-54],[54,3],[92,33],[107,17],[9,-73],[-7,-153],[36,-22],[-10,-51],[54,18],[-3,33],[63,7],[76,-18],[108,-119],[28,15],[116,-69],[41,52],[95,-13],[26,-43],[-16,-36],[60,-31],[79,8],[52,47],[61,-12],[12,-47],[105,-130],[57,-58]],[[36987,12136],[-53,-48],[-137,-154],[-122,-148],[-114,-170],[-65,-122],[-53,-77],[-107,-212],[-64,-152],[-63,-171],[-6,-53],[-52,-161],[-32,-147],[-20,-141],[5,-78],[61,-25],[25,-62],[-34,-200],[-38,-305]],[[36118,9710],[-297,208],[-127,37],[-132,57],[-47,71],[-117,36],[-22,56],[-45,54],[-55,-28],[-80,-12],[-75,-77],[-126,-28],[-119,-144],[-34,-141],[-46,-81],[-31,-25],[-90,-10],[-24,13],[-60,-36],[-76,1],[-67,39],[-118,-17],[-46,17],[-132,1],[-113,42],[-93,22],[0,-18],[-93,-4],[-67,14],[-62,35],[-83,-40],[-33,-31],[-99,-19],[-167,26],[-143,48],[-197,-47],[-60,-48],[16,-30],[-37,-33],[57,-23],[6,-120],[46,-5],[-4,-167],[42,-82],[-9,-32],[25,-82],[5,-94],[-51,-35],[-115,-121],[-63,-4],[-66,-37],[-79,24],[-34,35],[-1,-50],[-42,-23],[1,-29],[-39,-80],[-33,-32],[-100,-30],[-110,-87],[-1,-39],[-63,-19],[-48,95]],[[32428,21219],[58,49],[-38,53],[-16,81],[33,44],[81,31],[74,-23],[66,60],[35,-3],[50,39],[96,-26],[88,45],[49,-84],[-24,-40],[97,-67],[54,7],[59,65],[63,-33],[55,5],[43,-28],[29,10],[52,-34],[60,63],[86,-37],[20,60],[28,-21],[55,55],[-14,83],[26,40],[27,89],[61,19],[25,52],[57,64],[33,4],[43,51],[47,11],[-14,45],[-56,-20],[34,54],[11,73],[-19,74],[47,20],[16,87],[-9,34],[48,46],[57,-6],[59,58],[9,97],[-22,80],[57,36],[7,44],[-39,68],[40,29],[83,163],[105,-21],[20,46],[-4,66],[31,21],[50,89],[49,12],[13,-23],[45,13],[31,44],[38,117],[35,-29],[11,58],[52,50],[15,-75],[44,27],[89,-103],[19,-58],[-19,-44],[21,-88],[-27,-57],[-14,-92],[29,-70],[30,16],[43,65],[77,44],[50,-14],[142,-1],[36,17],[-21,-155],[48,-44],[-28,-14],[38,-53],[19,-97],[48,-135],[42,-72],[55,-17],[66,68],[23,-20],[55,-105],[-31,-85],[-59,32],[-26,-32],[24,-35],[41,6],[33,-48],[-6,-76],[-40,-62],[52,-153],[-5,-49],[46,-83],[-22,-45],[68,-64],[6,-52],[85,-97],[28,-1]],[[35845,21407],[77,-73],[72,-95],[1,-27],[77,-114],[75,-41],[45,-71],[69,-43],[35,-81],[-34,-130],[-8,-79],[10,-63],[-38,-101],[147,-151],[55,-17],[48,-101],[38,-13],[17,-75],[-10,-42],[31,-19],[-1,-77],[-50,-28],[-16,-53],[46,-19],[14,-121],[-82,-23],[-17,-29],[29,-26],[-19,-114],[52,-35],[-20,-66],[33,-87],[86,-24],[-36,-103],[35,-36],[-34,-30],[-58,-92],[-43,-32],[7,-78],[-22,-70],[46,-6],[34,21],[36,82],[26,-14],[34,-104],[-12,-54],[30,-43],[111,26],[13,-44],[81,-42],[88,-26],[-27,-53],[1,-66],[-57,-107],[-34,-37],[149,2],[64,46],[66,28],[98,-8],[5,34],[46,7],[96,-39],[54,23],[47,-22],[76,6],[-24,-26],[14,-63],[33,-6],[30,-49],[-5,-55]],[[37575,18339],[-72,-18],[-52,-57],[-49,-3],[-19,-108],[-44,-40],[15,-58],[-3,-111],[-49,-35],[-81,3],[-71,-55],[-64,-15],[140,-170],[56,8],[49,65],[46,0],[35,-80],[0,-44],[66,-63],[68,52],[19,-57],[41,45],[41,8],[15,-62],[33,-31],[72,-11],[114,-109],[30,-9],[-2,-75],[-45,-89],[-95,-35],[-55,-138],[-29,-23],[-95,-5],[-6,-71],[-73,-32],[-38,-109],[34,-132]],[[37507,16675],[-80,-78],[11,-49],[-105,-23],[-112,33],[-44,-20],[-37,37],[-53,-36],[-12,-64],[-27,-40],[-50,-10],[-28,-48],[-10,-66],[26,-57],[49,-35],[-10,-90],[-87,-30],[-29,-46],[-69,-34],[-31,13],[-84,-11],[-102,31],[-32,-25],[-116,30],[-51,59],[-117,54],[-95,-2],[-23,-34],[-5,-84],[20,-52],[-46,-17],[-13,-52],[26,-37],[15,-87],[28,-44],[47,-27],[-33,-76],[-44,-10],[-26,-61],[28,-50],[-31,-38],[29,-36],[-16,-77],[63,-51],[-31,-30],[-9,-60],[-66,28],[-52,-34],[-54,16],[-125,90],[-34,2],[-73,-31],[-58,-48],[-79,-39],[-9,27]],[[35641,15256],[-38,53],[-14,146],[-25,38],[16,27],[-84,44],[-144,-22],[-19,46],[-92,34],[-25,-10],[-56,40],[-11,40],[-46,-2],[-114,-63],[-29,-97],[-122,-25],[-70,-26],[-57,58],[-71,32],[-119,3],[-109,98],[-18,48],[-57,39],[-62,73],[2,30],[-71,69],[-9,67],[-33,13],[-16,52],[-25,-8],[-36,44],[-39,85],[-57,44],[15,58],[1,93],[58,33],[1,50],[-94,46],[-30,31],[26,167],[-82,42],[2,52],[-23,24],[-110,41],[-1,32],[-39,-18],[16,59],[70,28],[29,120],[-18,35],[-84,20],[-45,117],[16,50],[-51,94],[-92,56],[-13,109],[-72,20],[-27,-13],[-103,15],[-10,97],[-43,83],[-116,99],[-44,1],[-109,94],[-39,69],[-39,10],[-74,-44],[-15,27],[-67,1],[39,67],[3,36],[-57,47],[-57,18],[-168,-92],[-43,32],[-73,-9],[-70,17],[-46,-10],[51,69],[23,-37],[65,15],[3,40],[83,17],[23,26],[-57,50],[-83,31],[-62,-59],[-51,60],[11,41],[-33,22],[-56,-17],[-38,26],[28,42],[-34,7],[-15,68],[-74,-3],[-19,-28],[-59,2],[-52,-23],[18,-73],[-59,-36],[19,36],[-25,49],[-51,-57],[-50,28],[-15,38],[-67,-17],[42,-94],[-89,-31],[-46,4],[5,-69],[-180,-56]],[[31469,18201],[46,62],[-106,19],[-15,62],[30,31],[-26,33],[-53,19],[-76,-12],[-18,-83],[-33,31],[0,88],[-98,-17],[5,30],[-41,17],[19,52],[-75,44],[2,38],[60,-25],[62,66],[2,36],[61,101],[4,32],[42,11],[28,-33],[56,-1],[9,153],[28,68],[-57,26],[-64,-7],[-9,20],[-175,-22],[-144,84],[57,79],[-98,105],[23,46],[77,81]],[[30992,19435],[43,84],[75,-19],[14,44],[-14,47],[-70,44],[-8,58],[-106,115],[38,62],[-17,23],[6,86],[-103,75],[4,99],[-12,45],[23,33],[-61,84],[12,39],[85,35],[82,-23],[23,15],[-5,80],[27,48],[70,-39],[9,-76],[26,-17],[31,39],[-42,53],[6,35],[74,2],[31,63],[86,21],[63,68],[9,32],[71,112],[58,35],[82,-7],[61,34],[-2,52],[105,91],[45,-47],[-33,-22],[2,-44],[32,10],[49,121],[31,-7],[85,-86],[35,4],[41,44],[25,-5],[19,-54],[71,7],[47,56],[39,74],[46,24],[9,-43],[61,-16],[33,70],[-33,17],[16,32],[43,-12],[15,50],[-16,39]],[[46503,11878],[-105,28],[33,20],[70,-28],[2,-20]],[[46101,12550],[-78,-101],[-10,29],[48,30],[28,55],[-50,9],[59,16],[-10,18],[94,5],[-81,-61]],[[46245,12104],[-43,29],[39,3],[4,-32]],[[43601,16741],[365,-73],[138,-9],[142,-73],[75,-79],[104,-9],[88,-55],[91,-41],[40,-34],[91,-132],[148,-118],[51,-109],[16,-117],[22,-27],[545,-323],[65,-24],[185,81],[114,-7],[86,-34],[185,-35],[105,-105],[290,-156],[137,-90],[56,-14],[166,-77],[59,-8],[133,-48],[128,17],[120,-2],[85,-17],[29,33],[79,23],[72,55],[43,64],[71,51],[140,-24],[53,23],[87,146],[73,56]],[[48078,15450],[102,-14],[-5,-24],[53,-18],[-24,-59],[51,-94],[53,6],[33,-28],[-41,-56],[-27,-128],[-118,3],[-116,-28],[-106,-49],[-49,-53],[-33,-8],[-38,-57],[-31,-78],[-31,-29],[14,-91],[40,-103],[-158,-46],[47,-74],[107,-15],[107,-78],[44,-2],[-31,-85],[-3,-113],[-26,-100],[2,-53],[-41,-6],[-16,-70],[73,-58],[55,-61],[83,-188],[92,-85],[58,-33],[34,4],[-9,-41],[-94,-60],[-67,-21],[-112,48],[-124,-11],[-60,-52],[28,-57],[24,-171],[46,-52],[-82,-102],[18,-57],[-32,-83],[34,-36],[157,29],[38,-90],[93,-126],[29,-11],[-8,-97],[-115,-37],[-10,-26],[-94,-28],[-43,-43],[3,-49],[-81,-20],[-26,-105],[2,-95],[-29,-168]],[[47718,11918],[-52,17],[-40,41],[-119,-8],[-48,-38],[-27,-134],[-167,94],[-84,114],[-5,101],[-43,4],[-16,35],[-88,-72],[-71,-40],[-72,58],[-24,-12],[-91,48],[-54,-1],[40,-49],[-147,45],[26,-46],[-99,61],[-64,-5],[-94,-31],[-118,34],[36,126],[25,6],[30,66],[44,13],[16,65],[-37,59],[11,21],[-109,91],[53,87],[25,-2],[-8,55],[14,58],[-10,57],[-52,65],[-98,89],[49,-23],[7,23],[-104,92],[-40,16],[-89,-29],[-74,-77],[-123,-80],[-62,-26],[-167,5],[-80,30],[-21,-39],[-81,-9],[-244,14],[-12,21],[-48,-27],[-92,16],[-30,-40],[-24,49],[-33,-29],[-76,76],[-25,50],[32,57],[-32,10],[-29,71],[-50,51],[4,22],[-63,83],[63,39],[-24,34],[-55,2],[-3,-45],[-38,35],[17,24],[-23,46],[5,45],[-26,40],[-81,20],[-36,-6],[-43,31],[-92,-38],[-19,-48],[-79,-50],[2,53],[64,61],[-66,-20],[-27,-47],[-44,87],[-22,-3],[-29,140],[-47,-20],[39,-59],[81,-202],[-46,-38],[-161,149],[-26,-21],[163,-153],[-51,-13],[-37,31],[-25,-36],[85,-66],[-19,-65],[-37,-13],[23,-31],[18,33],[33,-58],[33,16],[29,-55],[50,-17],[-7,34],[114,71],[34,59],[-2,-45],[-269,-287],[-72,-22],[-111,68],[-82,35],[-160,32],[-181,2],[-164,-30],[-95,4],[-93,30],[-110,18],[-121,41],[-101,78],[-32,69],[8,36],[44,17],[90,63],[23,60],[-48,134],[-88,82],[-66,35],[-148,41],[-214,14],[-110,-15],[-13,-24],[-72,-21],[-87,-7],[-60,30],[-344,34],[-351,22]],[[41355,13737],[2,121],[39,97],[1,35],[83,54],[57,3],[108,42],[57,65],[70,24],[-74,110],[49,77],[15,-33],[-20,-57],[72,-50],[66,46],[5,27],[66,3],[72,37],[26,60],[58,-17],[39,10],[32,66],[-61,11],[100,79],[109,-11],[46,37],[64,124],[-37,44],[-54,-24],[-65,-5],[-56,65],[49,153],[58,128],[29,25],[78,20],[0,87],[51,95],[73,20],[91,-1],[69,33],[57,-38],[128,-32],[49,-58],[57,-9],[48,18],[47,-22],[-18,89],[-45,98],[2,100],[53,125],[17,83],[96,132],[17,164],[-15,68],[-41,86],[48,58],[58,29],[-27,55],[-66,-22],[10,45],[-25,69],[84,54],[7,-32],[34,43],[97,43],[75,90],[-38,2],[101,49],[73,89],[-4,28]],[[45273,14081],[1,31],[-42,48],[-66,-2],[-130,17],[-82,-39],[-53,91],[-3,60],[-49,72],[-38,-11],[4,-199],[-27,-22],[-44,-126],[24,-99],[-12,-74],[23,-29],[66,-8],[75,14],[61,-46],[14,-62],[-3,-85],[25,-90],[-9,-125],[26,-40],[79,-11],[128,28],[48,0],[18,-26],[51,1],[76,50],[125,121],[50,67],[46,34],[-27,56],[45,-46],[79,60],[16,78],[-23,104],[-27,44],[-58,26],[-82,-48],[-84,-91],[-12,9],[-51,-77],[-35,-12],[-59,88],[-37,79],[-49,147],[22,43]],[[17744,51912],[8,32],[114,126],[98,68],[183,-5],[110,44],[65,6],[183,-10],[101,-22],[75,-70],[164,-88],[119,-48],[201,-43],[130,-14],[197,-33],[71,7],[108,-11],[195,-7],[65,-29],[112,-5],[201,41],[167,-7],[261,-59],[183,-2],[80,-17],[127,-51],[183,-103],[105,-70],[90,-33],[125,-21],[125,-53],[67,28],[152,-2],[194,32],[161,48],[37,-2],[41,40],[245,94],[96,45],[166,126],[28,12],[142,125],[73,96],[87,93],[79,49],[168,57],[25,-1],[221,107],[146,0],[179,11]],[[23997,52393],[1,-114],[52,-164],[-32,-74],[17,-96],[89,-131],[-56,-112],[-66,-56],[78,-20],[-4,-46],[35,-55],[-59,-63],[16,-38],[58,-14],[71,114],[88,10],[95,-75],[-14,-21],[9,-119],[-73,-27],[-7,21],[-86,-55],[-110,-13],[80,-142],[78,-43],[46,-52],[99,2],[26,-50],[-29,-82],[-4,-70],[26,-48],[-32,-154],[23,-23],[68,-5],[22,-23],[67,6],[-8,-108],[-73,-11],[6,-41],[-48,-150],[71,-25],[-78,-30],[9,-23],[75,8],[4,-96],[-42,26],[-74,3],[-50,-40],[-5,-78],[-50,-47],[38,1],[65,-117],[165,-14],[15,-57],[49,8],[14,-70],[-51,-58],[-18,-114],[-23,-14],[36,-39],[-7,-77],[-81,-108]],[[24508,49290],[-56,14],[26,69],[-84,17],[-43,42],[-24,-60],[-68,-89],[-103,-44],[-40,10],[-64,62],[-88,-33],[-54,8],[0,99],[-63,-4],[-74,-30],[-32,-52],[14,-50],[-43,-32],[-67,46],[-133,-35],[-34,-74],[-113,-34],[-26,30],[-9,75],[-45,66],[-36,9],[-103,-78],[-16,-37],[-88,23],[-43,-38],[-57,-144],[-9,-53],[-77,-32],[-57,-6],[-157,-78],[13,-74],[-25,34],[-47,2],[-34,-27],[-31,-63],[-93,-68],[-22,-63],[-50,-21],[-33,29],[-138,-36],[-45,52],[4,-51],[-44,-32],[-57,-1],[15,-41],[68,-77],[-88,42],[-19,-16],[-121,58],[3,40],[-57,33],[-17,-15],[-40,53],[-38,-41],[-130,60],[-80,1],[-1,24],[-154,-6],[-13,-20],[-30,59],[-102,-4],[-32,-84],[27,-59],[-73,-88],[-119,92],[63,47],[-20,37],[-101,-25],[-33,62],[-46,39],[-7,54],[-83,-10],[-34,46],[-78,-36],[-61,14],[-55,-82],[-90,-3],[11,-63],[-64,-19],[-28,29],[-73,1],[-81,-18],[-43,-85],[-66,-26],[-27,50],[-109,-25],[-66,-40],[-111,-5],[9,89],[-56,-22],[-109,20],[-53,43],[-57,-61],[67,-92],[37,-12],[-98,-72],[-36,-65],[-67,-11],[-82,-49],[-151,-31],[-61,-63],[-4,-36],[-111,-117],[-91,-7]],[[18974,48005],[24,51],[47,23],[9,53],[-42,-42],[-95,-9],[-75,-53],[-52,3],[-31,54],[-65,28],[-65,6],[-75,35],[-66,91],[-70,-20],[-18,-86],[-65,31],[-91,-2],[-28,-36],[-109,71],[-33,3],[-61,-64],[-105,29],[-84,90],[37,5],[6,47],[-46,94],[-84,11],[-94,47],[-45,-6],[-30,25],[11,66],[68,8],[31,69],[60,0],[-3,46],[31,43],[68,41],[4,50],[35,19],[56,-72],[82,61],[44,109],[92,46],[66,91],[0,45],[-40,32],[-85,-34],[-35,15],[-71,-25],[69,44],[80,71],[90,19],[28,-37],[54,40],[11,59],[109,55],[28,37],[79,33],[135,153],[26,116],[31,-11],[31,59],[46,36],[80,13],[1,53],[-50,36],[-48,-10],[-30,59],[64,48],[34,82],[-6,81],[-45,67],[18,33],[2,106],[-67,47],[-95,-81],[-52,-29],[50,81],[24,-8],[72,52],[22,50],[-84,22],[-10,41],[-65,13],[-81,73],[42,35],[-113,15],[31,49],[57,-41],[57,31],[12,78],[46,51],[-22,22],[127,77],[-48,1],[-44,71],[-59,56],[-20,70],[-31,-104],[-34,15],[-5,-41],[-45,-32],[-10,-44],[-85,-56],[-64,22],[-88,60],[-72,-2],[-10,53],[-48,66],[-48,-12],[-9,49],[-51,4],[-72,34],[-72,116],[-42,4],[-48,77],[-22,-7],[-70,52],[9,48],[43,-28],[11,47],[-58,34],[-24,69],[3,80],[115,109],[-28,187]],[[33756,26807],[40,27],[117,-24],[-25,-69],[-8,-76],[40,39],[104,10],[16,-48],[53,-43],[37,17],[46,-18],[60,90],[29,16],[4,-145],[52,16],[73,-33],[43,-47],[36,25],[78,-1],[5,-50],[-43,-48],[4,-100],[55,-8],[-8,-41],[55,-5],[-12,-49],[49,-57],[39,7],[29,40],[64,23],[99,-50],[89,-6],[4,32],[78,25],[46,52],[34,-8],[7,-51],[33,-18],[96,18],[21,-64],[73,-46],[3,36],[39,20],[56,-45],[21,-41],[58,-29],[39,12],[-7,-57],[21,-108],[38,-109],[53,-64],[10,-44],[88,-11],[130,-87],[4,-21],[97,-19],[4,49],[95,23],[66,56],[36,74],[-18,65],[45,57],[40,-11],[65,103],[31,15]],[[36382,26003],[42,-18],[-15,-42],[29,-73],[-12,-44],[-95,-4],[30,-62],[69,-37],[-41,-71],[-90,-7],[-6,-63],[97,11],[27,-44],[159,23],[27,38],[62,-49],[-11,-112],[165,88],[39,-6],[39,-62],[30,0],[10,-46],[-24,-25],[18,-38],[-30,-68],[47,-26],[15,-38],[1,-95],[35,-29],[46,2],[-7,-31],[67,14],[27,-31],[-14,-34],[4,-87],[-42,-36],[-4,-86],[59,-123],[0,-31],[62,-173],[50,31],[56,-43],[70,-25],[-4,-18],[110,-2],[11,-72],[-59,2],[-67,-37],[-90,39],[-37,41],[-65,-28],[33,-106],[35,23],[65,-42],[-17,-101],[-39,-48],[22,-101],[-30,-35],[9,-55],[48,-71],[71,67],[45,-35],[-54,-100],[21,-13],[77,41],[11,-81],[96,3],[-31,-77],[-84,-29],[11,-77],[59,-16]],[[37520,23523],[-30,-107],[-73,7],[-137,-96],[-92,-95],[-63,6],[-45,30],[29,61],[-87,-12],[-25,-26],[31,-125],[-103,-41],[5,-89],[33,-61],[-107,-87],[-51,9],[-53,-86],[-97,109],[-107,162],[-56,2],[-30,-57],[-28,-5],[-53,-61],[16,-32],[-17,-60],[21,-25],[-64,-80],[25,-34],[1,-104],[-61,1],[-56,29],[19,-86],[-65,-34],[-24,-59],[-38,-36],[8,-165],[-32,-43],[28,-61],[-43,-25],[-36,-61],[-2,-80],[-19,-53],[36,2],[20,-92],[-56,12],[-43,-16],[-35,-131],[-34,-41],[-7,-82],[-78,-150],[0,-48]],[[32428,21219],[-75,88],[-96,61],[2,60],[23,23],[-55,78],[29,5],[47,66],[-115,166],[-65,-42],[-37,33],[6,66],[78,86],[15,88],[-8,32],[20,72],[-34,74],[14,44],[55,7],[29,41],[9,80],[-30,91],[13,46],[-143,104],[-39,96],[-41,42],[-68,121],[-49,56],[-32,74],[11,109],[54,5],[40,36],[-22,61],[-82,81],[-21,2],[-10,61],[18,74],[-45,60],[-34,90]],[[31790,23556],[50,8],[76,47],[47,-31],[53,35],[71,-9],[53,104],[-6,41],[-110,101],[-37,137],[-36,28],[-19,54],[40,70],[151,95],[8,33],[35,-24],[40,22],[44,-35],[33,9],[25,82],[-16,47],[17,67],[42,9],[-26,36],[-24,109],[68,-10],[63,58],[16,59],[-18,38],[99,22],[6,52],[-42,1],[-69,62],[-23,0],[-7,117],[-44,40],[55,148],[83,68],[20,46],[69,31],[-14,67],[31,48],[59,20],[14,84],[43,45],[71,-23],[56,79],[34,94],[44,63],[149,31],[36,56],[-40,73],[56,36],[18,74],[-20,89],[28,52],[-26,70],[-39,27],[-21,67],[87,28],[80,-27],[35,-30],[9,-43],[155,-49],[40,-57],[77,9],[70,-29],[-21,-48],[28,-23],[40,56],[67,16],[24,-20],[75,46],[20,40],[-100,123],[-52,18],[-25,42],[36,103],[-1,63],[32,30],[-16,66],[33,24],[7,94]],[[22231,29987],[122,70],[56,8],[19,33],[67,23],[10,53],[-72,3],[41,35],[12,100],[64,14],[41,45],[-72,97],[-8,60],[33,18],[118,-5],[46,28],[63,-43],[39,33],[20,57],[132,38],[-52,44],[69,76],[53,21],[81,-36],[16,22],[-34,70],[20,17],[43,-57],[38,-4],[89,50],[121,-97],[30,-52],[35,15],[60,76],[26,3]],[[23557,30802],[98,-8],[88,-83],[75,-9],[19,-49],[65,-36],[-12,-26],[114,-25],[69,39],[52,-24],[14,34],[115,-17],[21,17],[84,-29],[45,36],[59,-30],[47,-90],[51,-6],[33,24],[41,-11],[65,27],[56,46],[1,43],[50,-18],[-37,49],[27,77],[-62,29],[-74,-26],[-13,38],[22,35],[-28,32],[77,56],[27,43],[24,86],[68,-17],[22,54],[71,-25],[-20,-59],[16,-44],[46,-2],[20,-58],[68,-74],[8,-63],[63,36],[41,-5],[50,-68],[83,8],[9,-55],[62,31],[-4,80],[38,18],[118,-3],[33,22],[158,11],[-15,51],[-38,42],[57,74],[98,42],[8,66],[70,-30],[68,33],[64,-12],[14,-42],[37,17],[76,-32],[7,24],[55,-13],[46,47],[53,-64]],[[26320,31016],[-58,-26],[34,-76],[11,21],[59,-67],[3,-61],[-71,-123],[38,-81],[-50,-40],[9,-69],[56,-22],[97,-69],[30,-49],[-5,-51],[35,-2],[86,90],[45,-33],[-8,-27],[143,-87],[-39,-77],[72,-27],[-8,-98],[63,-26],[-25,-56],[9,-52],[-56,-31],[-42,-53],[2,-42],[-70,5],[-12,-38],[-112,-75],[-13,15],[-64,-37],[-33,42],[-69,-11],[-63,61],[-44,-5],[-13,-63],[29,-24],[2,-100],[-16,-35],[52,-51],[13,-42],[-88,-82],[59,-18],[-17,-60],[-92,-187],[-61,-52],[-9,-33],[25,-55],[-40,-14],[31,-88],[-43,-26],[-50,38],[0,34],[-58,-17],[-37,62],[-26,-24],[-79,25],[-43,-71],[15,-77],[-23,-35],[41,-37],[-1,-57],[-108,-12],[-32,-49],[-75,-36],[-6,-58],[-39,17],[-35,-55],[13,-45],[-36,-69],[-44,35],[-14,-43]],[[25465,28335],[-36,-102],[-32,0],[-18,-45],[-27,15],[-3,-85],[-52,-41],[37,-9],[-62,-36],[14,-41],[-98,-53],[37,-79],[-75,-57],[-62,9],[-26,-31],[-21,46],[9,42],[-37,-5],[-75,-69],[-12,-74],[-35,-15],[48,-54],[28,-65],[-30,-14],[27,-56],[-69,-97],[20,-25],[-29,-29],[45,-31],[-39,-96],[-61,-15],[0,-29],[-90,9],[-28,-89],[-43,-15],[7,-27],[-61,-91],[-23,-10],[-2,-118],[-48,-5],[-51,49],[-81,-46],[-41,6],[-22,-66],[-77,-7],[-1,-58],[-57,-34],[-58,-9],[-11,-100],[-100,110],[-34,-57],[14,-47],[65,-53],[-20,-25],[-84,9],[-86,-56],[-119,-365],[16,-69],[68,-174],[13,-175],[-11,-40],[-81,-64],[-56,26],[-73,-20],[-27,-36],[-16,-87],[-31,-53],[-62,-18],[-63,12],[15,-45],[-26,-18],[1,-73],[-62,-95],[-51,-5],[-10,-73],[-38,14],[-23,-52],[-67,37],[-76,89],[-28,2],[-59,-48],[-55,3],[-57,40],[-66,-69],[-16,-48],[-63,-32],[-49,-5],[-22,-74]],[[22705,24949],[-26,21],[3,91],[30,73],[-10,56],[-96,0],[-80,53],[-17,63],[-176,-6],[-142,9],[-22,23],[23,41],[-5,160],[19,46],[-69,36],[-58,-5],[-34,-36],[5,47],[-61,66],[-59,20],[-73,0],[-34,-24],[-19,43],[-47,1],[-44,32],[0,37],[-37,-5],[-7,-46],[-46,3],[-81,-54],[7,-51],[-70,23],[-41,48],[4,34],[-31,91],[48,49],[-21,15],[36,60],[48,-60],[59,16],[24,63],[0,61],[-27,-20],[-94,10],[-39,-26],[7,63],[-63,7],[15,32],[-64,7],[-31,32],[9,66],[82,2],[64,26],[-6,48],[89,21],[33,-6],[3,56],[60,-1],[15,65],[-84,-15],[-13,86],[34,22],[-33,59],[-51,32],[-4,47],[-31,22],[-53,-15],[23,116],[71,-23],[36,70],[-7,47],[39,28],[33,57],[-50,-4],[-64,48],[48,41],[8,40],[-65,29],[-42,-3],[-53,41],[-58,-22],[-76,44],[16,63],[33,-6],[62,135],[-79,95],[-44,11],[-31,43],[-35,-8],[-32,58],[-62,17],[-20,43],[-53,31],[-13,83],[-32,29],[-28,-28],[-89,-40],[-82,57],[65,104],[5,45],[35,53],[49,-24],[67,20],[-1,28],[-123,152],[-55,15],[35,73],[-25,50],[9,145],[41,9],[26,36],[-55,50],[-194,-16],[-8,78],[55,95],[75,7],[20,-23],[62,52],[47,-5],[6,103],[57,-20],[156,-5],[66,27],[76,-16],[59,17],[51,69],[-13,28],[46,28],[195,-6],[29,-11],[-24,-49],[37,-7],[10,-41],[52,-88],[93,23],[40,72],[74,3],[36,-17],[15,31],[31,-21],[-40,-53],[38,-10],[34,62],[-31,48],[40,37],[50,108],[-48,118],[39,63],[66,19],[-12,42],[59,99],[-67,7],[-21,35],[2,84],[-49,-13],[-32,75],[52,19],[7,45],[-29,43],[-37,-22],[20,70],[-21,14],[47,31],[47,-28],[82,17],[63,-8],[-6,42],[42,60],[-26,117],[-52,-22],[15,69]],[[17701,32193],[26,74],[33,-29],[90,-34],[12,29],[81,11],[-27,21],[72,91],[49,88],[4,-42],[100,57],[3,-16],[67,43],[4,-42],[58,36],[20,-28],[90,5],[46,93],[58,-33],[41,51],[55,21],[-61,-226],[-87,-90],[87,-28],[65,-49],[151,40],[32,63],[75,-29],[43,20],[-11,-40],[60,-9],[20,44],[-17,52],[39,51],[41,7],[23,-34],[126,19],[-46,-52],[20,-38],[40,-2],[40,-39],[42,-4],[29,-38],[47,-8],[33,-45]],[[19374,32154],[-22,-14],[31,-122],[55,-106],[-83,-90],[14,-51],[268,-168],[20,-36],[6,-85],[21,-22],[-61,-3],[-17,-29],[45,-9],[-37,-29],[35,-51],[29,32],[52,10],[67,-101],[43,-28],[77,-3],[-5,-23],[68,4],[51,-34],[-24,-23],[-74,5],[-44,-33],[78,-76],[15,31],[57,13],[74,-25],[16,56],[67,-42],[49,20],[88,-34],[16,-56],[53,-26],[35,-61],[-30,-33],[65,-39],[47,12],[89,-37],[75,-4],[59,-48],[1,65],[78,56],[0,-125],[93,-63],[47,72],[34,17],[108,-98],[-18,-47],[140,45],[121,-32],[52,64],[53,-58],[27,-65],[3,-72],[115,-43],[150,-43],[90,66],[-18,-63],[20,-26],[13,-93],[104,73],[23,-5],[-50,-90],[40,-4],[-9,-74],[24,-36],[64,-3],[25,-34],[10,-133],[91,-9],[58,-51]],[[22705,24949],[-10,-46],[-86,-95],[-4,-53],[78,-15],[19,-45],[-111,-42],[-69,-44],[35,-60],[-53,-99],[4,-79]],[[22508,24371],[-33,-31],[-70,10],[-36,60],[-57,50],[-13,34],[-45,-2],[-76,-46],[-65,-65],[-4,-47],[-48,-43],[-55,-6],[-31,21],[-113,18],[-102,33],[-77,57],[-87,-2],[-90,117],[-36,95],[-101,46],[-43,3],[-25,-72],[-23,46],[-7,73],[-82,70],[-109,21],[-69,-93],[-17,-66],[-21,33],[-38,121],[-3,55],[-32,92],[-71,106],[33,83],[-3,43],[39,76],[-10,52],[-76,3],[40,136],[-44,61],[-249,101],[-148,-50],[-9,17],[-234,66],[-22,105],[29,103],[-79,79],[-31,-58],[-3,-88],[-89,15],[-39,-31],[-93,-23],[1,45],[-348,32],[-130,-34],[-94,307],[-296,427],[-105,118],[-272,277],[-438,509]],[[18159,27430],[144,16],[17,27],[-20,105],[-85,13],[18,47],[-50,95],[-101,-26],[-96,86],[-102,72],[-31,-14],[-30,36],[-60,8],[-43,44],[-161,136],[-57,28],[-95,81],[-58,36],[-93,-23],[1,-27],[50,-94],[-50,17],[-32,186],[-23,490],[51,48],[94,33],[57,-28],[51,6],[131,76],[53,-34],[50,51],[-33,121],[-56,56],[-10,77],[-59,6],[14,49],[-24,21],[90,-13],[-15,54],[140,-38],[91,101],[9,63],[78,110],[33,100],[-14,146],[-84,34],[-5,41],[144,10],[-3,39],[-51,23],[-26,42],[-4,80],[-56,36],[-57,96],[70,-44],[54,30],[79,-13],[33,31],[13,77],[-38,114],[23,35],[-39,96],[-106,32],[-19,54],[-3,96],[-30,108],[-63,55],[-73,-2],[-52,42],[84,23],[-18,94],[-77,3],[-34,65],[-87,6],[9,55],[45,14],[7,36],[-122,-5],[-91,-48],[-92,24],[-60,50],[22,56],[58,-1],[24,92],[53,30],[32,62],[-32,65],[33,58],[69,54],[37,3],[77,89],[65,53],[9,59],[52,4],[47,48],[32,1],[-54,210],[16,9],[-43,98]],[[17768,29871],[-23,63],[37,-1],[25,-45],[-39,-17]],[[16150,31544],[7,32],[54,12],[39,76],[200,10],[-40,-78],[-68,-7],[-8,-44],[59,-33],[95,-13],[183,23],[36,-4],[147,-122],[68,22],[58,-21],[50,-111],[-1,-36],[60,-32],[50,8],[-74,-64],[-26,-48],[-26,14],[-86,-19],[-74,14],[-32,26],[-108,35],[-78,84],[-91,63],[-309,161],[-57,5],[-130,-59],[-84,46],[-52,13],[-60,144],[-57,79],[-1,53],[90,-12],[59,35],[59,56],[61,3],[82,-71],[33,-90],[-33,-30],[-42,3],[-15,36],[-50,-52],[-28,35],[-3,-61],[29,-52],[58,-11],[-4,-49],[60,31]],[[17497,30235],[-14,30],[19,75],[28,10],[60,-48],[-74,2],[-19,-69]],[[17168,29186],[-40,145],[-47,87],[-47,40],[-56,78],[-50,6],[-61,63],[-101,53],[-43,40],[-154,177],[-1,70],[-42,89],[38,131],[-59,123],[-53,206],[98,-38],[88,-18],[-8,-46],[85,-82],[74,-39],[54,-65],[9,-37],[67,-43],[112,-17],[152,11],[48,-56],[13,-66],[-40,-90],[70,-104],[-33,-93],[45,-90],[56,-62],[40,-18],[23,-59],[40,-33],[-27,-40],[-11,-106],[-33,-33],[-18,-55],[54,-136],[-43,-31],[-118,-148],[-33,40],[-28,87],[-20,159]],[[32568,40680],[223,52],[6,-34],[53,-26],[96,-79],[78,-15],[77,-99],[56,-28],[37,40],[66,5],[21,45],[162,67],[56,-27],[11,-58],[171,-184],[73,-1],[174,46],[70,-20],[47,-82],[88,-8],[101,-112],[-21,-94],[108,-70],[33,6],[53,-40],[8,-150],[118,-28],[84,40],[53,-7],[15,46],[38,25],[-33,38],[34,13],[-24,94],[46,108],[26,-62],[33,-24],[93,2],[86,-70],[-9,-27],[52,-30],[-14,-50],[64,-22],[78,19],[41,75],[55,31],[84,20],[37,24]],[[35372,40029],[61,-71],[51,-190],[62,-60],[29,-94],[50,-109],[-2,-45],[-51,-74],[-2,-90],[-82,-143],[-25,-84],[-96,-154],[-17,-55],[31,-116],[42,-40],[96,-31],[91,-89],[47,-69],[154,-109],[40,-58],[-23,-164],[17,-87],[57,-106],[66,-173],[28,-129],[21,-38],[-15,-89],[48,-67],[14,-237],[-56,-141],[20,-52],[139,-97],[40,-11],[50,-108],[-8,-117],[-31,-58],[-16,-150],[74,-156],[-66,-122],[-10,-55],[-38,-70],[-14,-70],[47,-51],[26,-106],[-7,-118],[19,-68],[-66,-93],[19,-81],[-78,-86],[-41,-117]],[[32753,32906],[-116,17],[-22,22],[-73,-26],[-84,5],[-74,33],[-54,-32],[-77,5]],[[32253,32930],[-59,65],[16,41],[-30,51],[23,85],[162,57],[49,90],[0,42],[-40,26],[2,69],[-54,24],[-10,129],[-22,15],[-54,103],[-22,67],[69,45],[-33,159],[7,37],[75,52],[-1,95],[-26,69],[43,91],[-44,2],[-16,54],[-57,-29],[0,50],[-105,66],[-5,92],[44,-9],[33,98],[-68,24],[-39,63],[-57,30],[-72,-16],[-66,31],[26,76],[-34,50],[-58,20],[-27,48],[5,58],[128,26],[49,63],[8,72],[26,-18],[0,59],[-69,84],[-73,65],[-45,20],[-95,120],[-26,59],[96,-15],[45,22],[86,115],[-59,86],[105,23],[29,51],[57,0],[56,56],[70,149],[-36,38],[-111,-8],[-51,-19],[-59,35],[-115,99],[-2,132],[80,39],[12,49],[-17,39],[40,72],[-18,19],[74,59],[-24,62],[-45,58],[-32,3],[-48,61],[-50,15],[-54,92],[-80,5],[1,41],[33,105],[64,40],[0,53],[-36,86],[26,67],[-20,21],[-107,-15],[25,-49],[-36,-19],[-83,2],[17,86],[24,25],[-55,17],[-15,84],[-118,-41],[-44,14],[-150,-105],[-12,-30],[-81,47],[-48,-38],[-50,-9],[-150,48],[-96,81],[-147,-6],[-17,35],[-67,28],[41,54],[86,66],[29,45],[13,65],[46,50],[83,24],[-21,136],[7,134]],[[30802,38079],[47,-8],[14,27],[68,-62],[21,-47],[136,64],[56,134],[-31,51],[-76,32],[11,38],[118,52],[-4,50],[97,133],[23,-33],[151,-78],[73,-63],[41,29],[74,-22],[5,18],[103,59],[124,57],[123,2],[29,-43],[75,2],[46,37],[-9,37],[29,31],[64,17],[-38,130],[-18,-21],[-68,53],[-4,60],[-43,3],[37,75],[-20,17],[-41,145],[-74,-21],[26,167],[62,114],[-9,72],[101,-99],[225,206],[72,-211],[111,15],[59,47],[18,172],[-27,60],[-30,7],[46,42],[-37,85],[26,36],[22,96],[-46,29],[-86,-5],[-84,-54],[21,91],[41,77],[11,59],[-38,53],[-49,118],[-134,4],[-85,18],[-65,-11],[-32,47],[19,65],[-39,100],[99,46],[41,68],[59,3],[143,38],[60,27],[79,61],[47,3]],[[31065,28230],[24,34],[44,0],[-10,31],[47,35],[47,-50],[68,-1],[-35,30],[33,73],[38,19],[45,-18],[53,18],[18,-34],[38,9],[33,74],[11,107],[71,43],[80,-2],[50,57],[36,-7],[14,-54],[61,-45],[52,-10],[3,-116],[54,39],[73,-60],[35,49],[54,20],[7,-41],[41,-39],[53,-10],[20,92],[68,-26],[29,-72],[80,-12],[29,-21],[-40,-22],[-32,-66],[60,-23],[33,33],[67,-52],[78,-1],[60,-46],[54,22],[-10,-183],[91,15],[82,69],[57,-50],[30,48],[61,46],[30,61],[-20,90],[87,41],[46,-1],[39,-33],[121,13],[113,-67],[35,55],[53,11],[34,54],[43,20],[-13,45],[96,64]],[[33684,28485],[108,-160],[29,-10],[-19,-89],[30,-28],[-8,-81],[-49,-72],[28,-68],[37,-29],[-41,-57],[-7,-45],[-108,-8],[-38,10],[-17,-79],[3,-101],[-84,-97],[49,-62],[40,-104],[44,-19],[-7,-40],[49,-53],[61,4],[17,-54],[-17,-26],[21,-62],[-34,-46],[38,-31],[-56,-112],[27,-70],[-24,-89]],[[31790,23556],[-46,0],[-31,47],[-96,-34],[-79,-3],[-89,-22],[-86,-82],[-43,-14],[-32,-47],[-39,2],[6,89],[-12,43],[-134,34],[-42,-39],[0,-31],[-52,-32],[1,-40],[-84,-16],[-23,-41],[-81,-30],[-37,-37],[1,51],[-25,1],[-8,-77],[-24,-38],[-55,7],[-40,-20],[-73,73],[2,-39],[-50,-47],[-34,65],[-79,25],[26,34],[-19,84],[-45,31],[-30,-7],[-40,56],[-61,-6],[-37,133],[-68,56],[-13,41],[-57,10],[-5,29],[-76,61],[-23,60],[-79,40],[-29,-20],[-79,31],[-67,2],[-62,33],[-27,-8],[-80,-71],[-30,2],[-23,116],[-52,-9],[-33,-35],[-79,-10],[-112,-74],[-2,-55],[-76,-31],[-51,36]],[[29077,23833],[-17,5],[-80,99],[-39,94],[-43,21],[25,51],[-61,1],[33,57],[-75,130],[15,48],[-67,56],[79,5],[69,45],[5,73],[-111,56],[-47,11],[-96,-19],[-15,59],[-62,-24],[-63,32],[-62,-52],[-48,45],[-21,-18],[-67,79],[-103,49],[10,53],[52,-14],[70,68],[30,73],[-87,99],[-40,-22],[-137,-5],[-20,54],[26,105],[95,31],[86,71],[17,79],[-18,45],[-87,-14],[-68,36],[12,31],[-60,45],[18,122],[34,7],[6,55],[-25,139],[104,-12],[88,96],[26,117],[135,50],[9,64],[32,61],[-129,98],[-27,-54],[-44,-20],[-26,58],[29,59],[-38,-31],[-54,5],[-11,27],[9,114],[55,-9],[30,-37],[52,36],[-8,84],[25,19],[-46,23],[-36,-25],[-54,65],[-45,3]],[[28216,26585],[16,52],[25,-13],[18,60],[-17,55],[34,62],[70,18],[-4,64],[113,-46],[75,-64],[98,-41],[70,135],[50,50],[54,4],[4,61],[36,38],[36,94],[63,36],[47,-26],[35,-46],[47,59],[21,109],[-13,45],[104,0],[21,82],[52,-33],[5,-72],[65,6],[44,32],[-8,55],[74,-47],[61,-15],[46,-33],[77,44],[35,-8],[32,60],[18,84],[78,18],[29,-22],[84,51],[67,60],[24,-1],[11,93],[92,112],[136,106],[23,-24],[53,6],[77,50],[33,57],[99,20],[41,157],[47,-14],[-1,-36],[85,40],[40,-94],[102,-32],[31,69],[64,-53],[56,22],[0,93],[28,-20],[101,12],[-8,74],[-33,-2],[-14,42]],[[43447,43265],[69,-73],[130,-30],[176,23],[18,-73],[75,-52],[-67,-26],[-38,-131],[98,-18],[161,-1],[56,-60],[36,-75],[-164,-164],[23,-54],[100,-72],[11,39],[75,120],[90,16],[28,-11],[49,-100],[6,-50],[58,-75],[-5,-95],[80,-35],[38,4],[41,-95],[-13,-83],[35,-48],[72,-20],[40,-103],[-51,-83],[-82,-32],[-32,-33],[-170,-84],[26,-11],[-5,-106],[86,23],[11,22],[63,-27],[5,-66],[27,-72],[-41,-52],[58,20],[3,-51],[-32,-36],[11,-44],[-53,-54],[1,-36],[79,-64],[-13,-37],[102,16],[55,84],[89,52],[39,-9],[-20,-68],[16,-33],[123,16],[-36,-44],[-9,-51],[-30,-23],[43,-54],[70,2],[74,-77],[79,14],[22,-59],[35,15],[25,-32],[90,56],[78,122],[6,39],[72,2],[-20,-183],[66,-20],[100,-49],[123,-167],[50,39],[36,0],[-91,-166],[42,-44],[40,-85],[53,31],[41,0],[0,54],[71,53],[18,41],[66,11],[41,41],[74,-18],[28,-31],[-21,-55],[66,-31],[50,86],[31,-1]],[[46403,40574],[52,-23],[21,-44],[39,16],[29,79],[36,35],[16,66],[35,49],[70,-14],[26,-46],[133,-91],[47,-206],[-36,-74],[50,-14],[25,-59],[-1,-65],[-46,-112],[-64,2],[-17,-47],[-91,-154],[-68,-35],[10,36],[-155,17],[-51,-109],[88,-32],[-137,-81],[-41,-1],[84,-36],[-31,-47],[46,11],[76,55],[40,-24],[10,-60],[91,10],[8,-32],[-42,-62],[-3,-94],[62,-112],[-38,-9],[-9,-62],[79,-65],[113,79],[87,-36],[-10,-92],[-24,-32],[-3,-89],[28,-85],[-10,-76],[-25,-36],[-37,35],[-28,-96],[114,-9],[90,-74]],[[47041,38629],[-50,-84],[-10,-52],[-74,40],[-5,-157],[-31,-57],[28,-84],[-54,-91],[26,-77],[-69,-68],[-82,-48],[42,-44],[17,-66],[-36,-131],[-47,-39],[-8,-95],[-62,-29],[-71,-68],[10,-81],[-55,-56],[3,-63],[-57,-89],[-71,-30],[-144,5],[-67,-33],[-47,-96],[-25,31],[-43,-61],[-54,-37],[-38,-136],[189,-74],[-60,-22],[-16,-65],[-117,-23],[1,-45],[-85,-75]],[[45879,36529],[-147,58],[-43,-56],[-31,33],[-49,-53],[7,-43],[-62,28],[-18,-34],[-40,-2],[-10,-35],[-85,14],[-29,-27],[-65,12],[-87,-40],[-1,-47],[-36,-35],[16,89],[-28,-25],[-16,37],[-76,-5],[-3,48],[-39,11],[-67,83],[-115,-28],[-28,-57],[-60,24],[-34,-62],[30,-30],[-67,3],[-96,41],[-221,20],[-91,-10],[-16,-58],[11,-42],[-77,1],[-63,-41],[-37,6],[-163,-64],[-35,-33],[-89,8],[15,-38],[-76,-59],[-88,-1],[-45,50],[-72,-33],[-43,3],[14,-43],[-19,-34],[-134,-51],[-67,45],[-32,46],[64,104],[-80,24],[-48,48],[-85,-12],[-63,13],[1,43],[-70,12],[-50,37],[12,81],[-82,34],[-34,77],[5,48],[-52,-18],[-35,50],[36,11],[10,57],[-13,77],[-116,-55],[-91,6],[-36,41],[-4,44],[-41,51],[-80,-20],[-15,34],[-47,12],[8,28],[-114,-6],[-26,-23],[-24,63],[-34,-2],[-61,51],[33,64],[-14,32],[48,54],[-46,26],[-99,8],[-55,-23],[-51,-114],[-58,85],[16,142],[-37,39],[-152,2],[-42,64],[-72,-35],[-119,62],[14,55],[-63,46],[6,53],[-51,9],[-28,30],[-57,-18],[8,65],[-23,6]],[[41265,37665],[-7,55],[23,72],[-11,38],[81,81],[12,35],[-47,136],[-128,94],[-58,131],[-191,-110],[-46,65],[3,74],[-37,99],[-14,119],[85,88],[-45,-20],[-42,31],[72,80],[-31,63],[25,70],[36,26],[27,61],[-59,-2],[-25,-67],[-51,-61],[-30,33]],[[40807,38856],[-5,91],[-31,54],[36,7],[3,88],[-33,-33],[-26,41],[-24,-34],[-52,65],[59,59],[-64,55],[-36,-9],[-7,56],[25,-1],[12,52],[48,36],[6,60],[-31,50],[35,15],[52,-62],[43,46],[-32,41],[29,19],[24,-36],[48,57],[26,82],[-19,97],[-37,10],[-2,48],[30,26],[-49,83],[20,59],[97,69],[52,60],[-21,52],[33,16],[14,56],[68,-9],[67,131],[0,74],[45,97],[-2,50],[29,-26],[48,6],[-10,173],[46,19],[17,59],[101,132],[-104,68],[16,54],[93,-18],[6,47],[92,-22],[51,14],[-52,24],[-46,50],[25,73],[-48,8],[-17,61],[-62,14],[3,40],[82,9],[11,106],[77,-19],[66,-41],[72,119],[22,-15],[80,49],[-15,87],[29,26],[-37,76],[58,90],[-90,76],[24,62],[-6,71],[-21,36],[49,1],[-3,56],[-127,16],[-131,-65],[-45,33],[15,30],[-8,113],[18,16],[-26,47],[-64,-11],[0,22],[99,69],[43,77],[77,-2],[67,28],[-23,107],[-55,34]],[[40851,37458],[-40,43],[55,40],[-40,43],[21,22],[50,-23],[245,51]],[[41142,37634],[27,-109],[-75,-87],[15,-45],[-60,55],[-59,-51],[-64,49],[-27,59],[-48,-47]],[[9435,48550],[-40,5],[10,50],[-22,34],[69,10],[-64,34],[90,25],[-18,-145],[-25,-13]],[[6869,48276],[-6,67],[79,24],[21,-32],[-33,-38],[-37,9],[-24,-30]],[[6828,48286],[-40,17],[40,18],[0,-35]],[[13313,47048],[-11,-48],[20,-58],[55,-27],[63,-83],[64,-19],[97,15],[60,-40],[-2,-44],[-31,-12],[35,-92],[35,57],[62,37],[69,66]],[[13829,46800],[88,-100],[-10,-34],[60,-2],[14,-68],[-42,-47],[-17,-102],[74,13],[-7,54],[26,29],[45,-29],[28,109]],[[14088,46623],[72,78],[44,-46],[-21,-38],[32,-16],[37,-116],[-2,-73],[-50,-8],[10,-84],[28,-11],[23,-56],[-79,-31],[-13,-36],[26,-66],[-22,-57],[-87,-38],[-15,-111],[67,-59],[2,-87],[-29,-40],[44,-32],[-30,-17],[6,-65],[-28,-8],[-11,-97],[20,-41],[42,2],[18,-88],[-80,-32],[-87,4],[57,-176],[-11,-56],[-52,-23],[52,-45],[-36,-39],[-46,73],[-102,-31],[-30,-34],[12,-72],[-99,3],[-13,23],[-102,41],[-11,48],[-116,-35],[20,-52],[-24,-51],[-132,-12],[4,-49],[60,-5],[-47,-97],[-78,50],[-115,-5],[-19,16],[-57,-50],[-85,-37],[-17,-167],[22,-12],[5,-64],[-77,-17],[-47,41],[-63,-18],[33,-116],[-16,-125],[-24,-58],[-89,-36],[1,-42],[57,-24],[-2,-29],[-80,-1],[-23,43],[-53,1],[-53,-40],[-18,-74]],[[12591,44001],[-40,-10],[-50,29],[-59,-24],[0,-63],[-68,-26],[-5,39],[-62,-1],[-26,-90],[-39,29],[-40,72],[4,86],[-108,88],[-33,91],[-53,33],[-136,1],[-18,-61],[-81,-24],[-33,48],[-38,-6],[0,-72],[-94,31],[-113,-24],[13,-39],[67,-54],[12,-62],[-18,-47],[-97,-143],[-62,-32],[22,-20],[-14,-88],[20,-28],[-60,-20],[-4,-38],[-67,17],[-59,-98],[-85,-60],[-80,-82],[-17,21],[-59,-10],[7,43],[-45,-29],[-33,8],[10,38],[-36,3],[8,73],[-33,52],[36,31],[14,87],[33,31],[-11,33],[28,35],[-27,36],[18,99],[-90,91],[-131,-91],[-7,-42],[-92,12],[2,20],[-89,-27],[-46,15],[-22,-110],[-47,-76],[-21,2],[-16,78],[11,35],[-31,42],[7,65],[-33,64],[-74,64],[11,25],[-61,15],[-106,-40],[-41,3],[-104,51],[-75,101],[-50,-13],[-34,19],[-177,38],[-87,-28],[-74,-49],[-59,27],[12,49],[-53,-5],[-7,75],[-41,67],[25,35],[-60,-14],[-39,53],[-29,-9],[-56,28],[-57,-12],[-38,38],[-33,-45],[-131,18],[-22,-41],[-43,0],[-30,-66],[6,-67],[23,-19],[-41,-86],[-69,-33],[-13,61],[-76,-59],[-72,38],[-100,-66],[4,-76],[-67,44],[-55,13],[-109,-37],[-29,-38],[-47,10],[-44,75],[-103,15],[-8,-43],[-32,9],[8,68],[-63,65],[-53,-39],[-101,0],[-13,-26],[-87,-55],[-31,31],[-26,-53],[-41,-20],[-84,63],[-8,46],[76,77],[-75,63],[-65,-44],[-45,23],[-30,-21],[-31,53],[-202,-47],[-145,8],[-41,38]],[[6953,44337],[-8,28],[107,25],[101,-29],[-7,83],[-82,28],[-80,142],[21,37],[-13,51],[60,9],[8,64],[72,24],[-7,115],[28,48],[-82,30],[-75,44],[11,37],[52,-2],[55,114],[43,8],[-30,35],[-86,-71],[-32,30],[-1,83],[-20,37],[7,61],[-35,19],[20,30],[31,121],[-12,50],[-142,14],[-33,35],[-60,12],[38,109],[-7,107],[66,73],[129,67],[26,29],[-13,39],[-63,-9],[-64,80],[-48,-6],[-30,95],[-34,-1],[28,42],[-14,71],[90,56],[115,158],[68,66],[-43,10],[-24,46],[-53,45],[-102,-1],[-26,18],[64,110],[-19,55],[-128,48],[-51,-15],[-50,53],[3,104],[-42,-13],[-28,64],[-28,181],[-16,19],[29,54]],[[6537,47403],[21,32],[85,46],[-10,60],[45,31],[47,-8],[13,-77],[81,-23],[61,9],[37,32],[18,73],[-69,30],[20,39],[-20,122],[12,50],[70,18],[15,31],[39,-12],[18,50],[-3,73],[-52,69],[-80,-3],[-20,74],[34,130],[28,0],[16,52],[40,-39],[101,66],[-8,61],[-45,-12],[34,48],[6,50],[56,-13],[-1,47],[112,51],[-45,-54],[109,-20],[-24,36],[61,32],[46,-91],[60,-46],[50,27],[67,-18],[-69,-79],[8,-43],[190,16],[45,26],[-8,70],[69,6],[49,33],[44,-7],[13,31],[58,19],[63,63],[81,-13],[47,-39],[42,78],[85,-51],[84,151],[46,29],[-3,35],[70,-6],[39,-76],[-12,-99],[-21,-27],[69,-2],[-16,-126],[-53,-85],[-38,-24],[-12,-45],[74,74],[62,83],[-2,61],[73,119],[41,-12],[38,77],[30,-14],[104,43],[21,39],[80,19],[108,-7],[-28,-35],[41,-87],[-59,-96],[60,6],[55,-18],[-59,-32],[-16,-92],[-45,-43],[6,-58],[-23,-51],[16,-28],[-96,-69],[5,-92],[15,37],[82,29],[-29,74],[40,6],[7,98],[44,107],[48,48],[78,13],[12,-46],[54,25],[117,19],[25,-26],[-40,-50],[53,-74],[-70,-10],[-19,-39],[-91,-25],[9,-27],[56,4],[95,-22],[-80,-11],[-7,-21],[59,-60],[43,6],[73,-30],[110,-1],[57,59],[6,-54],[75,-38],[6,-28],[-43,-50],[33,-54],[-58,-89],[27,-29],[48,4],[15,-67],[100,-62],[42,9],[51,-68],[-17,-36],[28,-69],[65,-17],[31,23],[23,-51],[53,-19],[25,-59],[35,6],[8,-127],[27,-54],[-13,-26],[40,-90],[-43,-84],[114,-69],[84,-12],[17,-83],[46,-33],[231,-82],[-55,-47],[30,-47],[-13,-54],[47,11],[-28,-55],[136,-202],[46,99],[-29,151],[55,24],[66,-68],[60,-11],[47,17],[-16,29],[29,70],[95,60],[112,140],[77,77],[67,87],[72,-2],[169,80],[88,83],[23,87],[-72,15],[-18,36],[51,4],[41,36],[63,-15],[69,34],[65,-33],[7,-50],[111,17],[47,65],[90,13],[74,62],[91,58],[45,100],[14,-95],[55,-37],[72,-4],[-57,-110],[-42,-36],[-18,-73],[-105,-90],[66,-14],[26,-51],[78,107],[21,-15],[24,49],[59,31],[0,24],[117,38],[19,-14],[-58,-53],[57,-80],[-10,-53],[74,-26],[27,-57],[-7,-49],[45,-12],[26,-126],[74,122],[-16,108],[46,-20],[7,-94],[-22,-49],[49,-49],[87,78],[-51,31],[21,92],[52,18],[-3,34],[39,26],[6,-53],[84,-44]],[[34008,31110],[-30,-34],[13,-29],[-32,-35],[17,-22],[-48,-75],[20,-58],[-7,-116],[30,-110],[32,-27],[28,-114],[140,-90],[-21,-115],[12,-25],[-31,-81],[1,-61],[60,-68],[8,-82],[-85,-39],[-89,-12],[-26,-21],[28,-54],[-81,-39],[9,-35],[-42,-22],[-1,-108],[51,-13],[-49,-40],[-13,-43],[-56,-8],[-62,-63],[-2,-28],[-53,19],[5,-67],[-49,-92],[-55,4],[-4,37],[-37,13],[-22,-26],[-98,-11],[-3,-63],[31,-21],[-8,-51],[-50,8],[-37,-77],[-54,-9],[-54,30],[-69,-71],[19,-36],[89,-89],[1,-37],[64,-50],[24,-52],[12,-127],[40,-57],[30,21],[77,-33],[25,-69],[46,18],[32,-70]],[[31065,28230],[-33,28],[-39,79],[45,22],[-20,52],[-65,-6],[14,61],[44,68],[-53,68],[16,21],[79,3],[28,65],[-36,-17],[-37,126],[10,26],[-31,48],[-36,5],[-78,89],[-38,-15],[-23,75],[-42,24],[-15,-100],[-66,36],[-21,46],[-50,23],[1,35],[-43,-22],[-50,31],[-15,82],[37,49],[-47,99],[-66,-13],[0,-69],[-67,-23],[-43,-66],[-71,-12],[-100,30],[-75,-60],[-27,32],[-41,-43],[-22,76],[-80,1],[-151,77],[26,64],[-18,94],[-59,8],[30,43],[95,-10],[2,72],[26,3],[4,-49],[42,-25],[23,22],[-10,80],[-61,58],[-2,41],[55,42],[-51,1],[16,35],[-220,-1],[-12,-78],[-66,-26],[-15,44],[-49,-34],[-50,48],[-24,49],[-74,-7],[-21,62],[39,-2],[6,73],[38,-6],[61,32],[8,38],[51,22],[50,-8],[22,71],[27,22],[-44,99],[-40,45],[-34,-26],[-55,13],[-26,87],[17,89],[53,75],[-51,55],[-21,79],[39,61],[12,66],[-65,1],[-11,76],[-60,31],[-34,-36],[-28,71],[0,48],[-61,-2],[30,87],[54,-6],[16,39],[-18,44],[-38,-2],[12,75],[-55,-51],[-54,95],[-56,-3],[-38,23],[64,93],[-24,7],[-23,84],[-80,-45],[-19,40],[-71,-26],[-13,37],[-50,4],[-37,48],[5,60],[-47,0],[7,42],[-60,67],[91,122],[15,36],[95,4],[11,50],[-52,18],[-23,54],[49,74],[37,-30],[53,33],[-16,40],[-76,16],[31,24],[24,95],[58,9],[22,33],[-36,45],[15,89],[23,54],[-93,7],[-59,59],[19,17]],[[28931,32432],[24,25],[87,34],[-24,54],[36,3],[15,64],[84,-1],[54,123],[67,29],[18,-24],[16,76],[39,41],[8,51],[69,41],[76,-50],[10,-167],[143,111],[74,-12],[14,68],[47,26],[47,-10],[10,-38],[-35,-68],[0,-37],[53,-36],[2,-36],[69,-21],[56,63],[33,70],[93,81],[38,-61],[35,-22],[47,-87],[72,-12],[53,72],[50,28],[-8,48],[51,92],[-24,70],[18,15],[-50,63],[30,13],[195,18],[21,-51],[58,-50],[2,-46],[101,-42],[66,53],[127,-8],[19,58],[65,-24],[30,37],[59,-37],[7,-38],[47,0],[77,37],[130,15],[50,-59],[120,-10],[40,-31],[81,-25],[117,-6],[27,-51],[101,-16],[39,71],[66,-8],[83,34],[97,-2]],[[25465,28335],[46,-108],[40,13],[27,-73],[63,-18],[71,10],[38,31],[39,-32],[35,44],[62,10],[38,-38],[37,6],[33,-64],[63,-82],[55,-6],[-16,-110],[-38,-52],[-3,-88],[-49,-77],[36,-68],[27,-1],[39,-88],[135,19],[24,-126],[137,42],[74,196],[44,71],[33,-16],[26,-84],[68,-54],[38,59],[40,-31],[47,33],[100,31],[50,-41],[48,15],[29,-42],[38,7],[47,69],[34,-30],[82,-4],[17,-54],[38,-9],[-9,-53],[37,-39],[-43,-42],[58,-144],[77,-22],[55,-56],[22,-73],[28,22],[76,-4],[10,50],[59,19],[210,-146],[-87,-59],[-59,-68],[-26,-75],[-37,-38],[2,-84],[17,26],[48,-60],[118,43],[63,-31],[0,-86],[47,-19],[102,52],[115,-53],[-8,-98],[41,-23],[43,51]],[[29077,23833],[-17,-33],[-155,-53],[23,-72],[-12,-53],[26,-24],[-23,-61],[41,-32],[-21,-41],[49,-102],[24,-3],[-2,-57],[40,-106],[-1,-32],[-73,26],[-51,-43],[-5,-31],[39,-15],[-15,-36],[55,-60],[41,-16],[0,-90],[-38,-24],[-88,6],[-26,-58],[-13,-85],[-72,-18],[-40,-36],[-26,36],[-45,-50],[-4,-94],[18,-88],[-111,-39],[-37,10],[-128,-59],[-36,-53],[50,-4],[-38,-73],[88,-85],[30,2],[-30,-160],[-70,25],[-21,-53],[14,-66],[-41,-34],[-7,-38],[-75,52],[-32,-79],[-65,-16],[-24,-28],[-6,-70],[-53,-10],[-24,-46],[-78,-5],[-39,-19],[-73,16],[-56,-20],[-42,-50],[-55,-9],[14,-102],[-15,-15],[30,-97],[-98,-127],[-91,-73],[-71,-94],[36,-39],[-16,-42],[19,-53],[-69,-6],[-55,42]],[[27431,20971],[13,64],[-23,59],[-75,9],[-47,52],[-109,39],[-52,37],[-53,93],[-72,78],[-55,-59],[-81,41],[-106,-43],[-19,-44],[-140,-85],[-55,9],[-20,-100],[-69,-15],[-36,17],[-66,-5],[21,39],[-6,65],[-35,-21],[-12,44],[-43,48],[74,54],[16,35],[-10,81],[40,7],[-8,77],[45,18],[-85,9],[-28,20],[21,70],[-20,49],[-130,64],[-28,-18],[-51,-101],[-67,40],[-7,-71],[-72,25],[-74,-41],[-115,14],[-97,-18],[-102,29],[-13,89],[-36,61],[-74,19],[-39,-33],[-9,-63],[-51,30],[-26,-10],[-77,30],[-46,-51],[-15,-101],[-73,-39],[-5,-22],[-59,-6],[-18,58],[-30,20],[-83,7],[-70,-64],[-108,-1],[-64,-70],[-69,-39],[-58,-5],[-52,-31],[-122,59],[-54,-14],[-28,54],[-26,4],[-50,-44],[-13,56],[6,85],[42,88],[-20,41],[-64,41],[33,48],[0,60],[-32,39],[-8,53],[-54,41],[-36,76],[-94,67]],[[23998,22169],[-85,85],[-29,64],[15,97],[-39,80],[-10,89],[102,-22],[62,112],[41,0],[21,33],[-101,101],[-58,39],[-104,3],[-50,28],[-28,-16],[28,-56],[-81,-95],[-56,-19],[-43,-52],[-46,-92],[-87,39],[-55,-5],[-60,21],[-111,-16],[-32,-45],[-27,4],[-9,79],[-74,-1],[-40,-21],[-15,-55],[-33,-7],[-35,39],[-66,-8],[-42,41],[6,51],[-67,65],[-74,-21],[-181,43],[5,25],[97,11],[16,69],[30,11],[17,74],[39,18],[10,47],[89,156],[-72,80],[-27,86],[-39,40],[30,42],[-4,57],[38,116],[41,-34],[28,34],[30,83],[-21,132],[24,54],[16,88],[43,23],[14,66],[22,7],[46,118],[-33,80],[-10,98],[-36,24],[-46,99],[-212,28],[-98,-29],[-17,-48],[-47,-35]],[[52727,40303],[43,-96],[195,-3],[100,51],[28,-34],[52,-1],[65,-122],[-39,-34],[51,-31],[60,-13],[75,-67],[-19,-23],[6,-114],[-51,-12],[-22,95],[-95,-33],[33,-115],[-34,-20],[53,-39],[7,-38],[47,-48],[1,-96],[34,-45]],[[53317,39465],[5,-113],[-15,-64],[-83,4],[-26,-111],[-39,-46],[-94,-65],[-20,-95],[17,-34],[94,46],[89,-27],[38,20],[183,9],[88,21],[76,63],[98,-21],[4,-40],[60,-8],[20,-69],[-13,-24],[55,-23],[-71,-112],[-55,10],[-106,-27],[28,-69],[-30,-74],[-64,-44],[-77,7],[-16,-33],[-110,1],[-35,-32],[48,-106],[-24,-106],[40,-69],[-54,-33],[-21,-47],[-48,-16],[-29,-51],[-62,-38],[-118,-93],[-26,-96],[-146,-92],[5,-20],[71,-25],[-36,-50],[-101,-72],[-95,-97],[-177,-64],[-85,-70],[-26,-2],[23,-87],[-21,-32],[-67,4],[-102,-66],[21,-14],[-33,-63],[-37,-20],[40,-48],[79,-54],[-97,-87],[-93,-18],[-74,-52],[-81,-154],[-102,-72],[-106,1],[-128,-79],[-210,-60],[-51,-29],[-37,54],[-91,-90],[-71,-109],[-59,-60],[-62,-36],[112,-180],[29,-69],[-20,-249],[-77,-126],[-8,-106],[-43,-23],[17,-71],[105,-83],[-28,-94],[-61,-48],[-37,-64],[-155,-55],[-28,-31],[14,-33],[-34,-48],[-61,-3],[6,-41],[-50,-7],[-36,-54],[-119,-54],[-123,-79],[-68,-23],[-56,-52],[6,-25],[-166,-157],[-112,-122],[-124,-102],[-4,-29],[-78,-36],[-30,-36],[-124,-96],[-68,-85],[121,-121]],[[49775,33795],[-29,-26],[-159,143],[-119,131],[-88,76],[34,42],[13,77],[81,59],[99,53],[24,46],[-70,123],[-87,130],[118,65],[72,53],[119,113],[48,21],[135,89],[11,83],[103,64],[-62,124],[-84,110],[-75,49],[-23,78],[-70,30],[-100,71],[-34,58],[-65,-22],[-17,52],[-97,67],[-40,-64],[-102,-7],[-45,22],[44,118],[-47,29],[-6,-47],[-66,32],[30,64],[-18,82],[-37,4],[-83,76],[1,69],[69,96],[-179,98],[103,97],[-31,37],[12,43],[-31,29],[-109,-3],[25,52],[-42,-37],[-59,9],[-60,38],[24,167],[-33,-102],[-61,-24],[-64,25],[-4,35],[-115,24],[-75,1],[3,41],[-47,-20],[-66,34],[2,104],[16,46],[-34,40],[-58,-29],[9,-75],[-50,-65],[-117,-33],[-52,11],[-38,89],[24,-2],[31,55],[-72,69],[-1,33],[40,14],[77,-80],[95,66],[-27,128],[-45,95],[48,55],[27,-18],[25,62],[45,35],[18,59],[79,146],[-43,53],[-20,67],[11,57],[-81,36],[-25,-13],[-17,59],[12,41],[-25,32],[-84,2],[-4,57],[-30,26],[-41,-28],[-64,89],[-43,28],[4,73],[-32,31],[24,29],[-80,156],[-12,3]],[[47836,38375],[67,37],[94,-47],[41,7],[10,39],[44,37],[64,5],[66,93],[52,-13],[64,47],[139,22],[41,70],[62,36],[29,-16],[44,49],[61,-72],[21,33],[-25,88],[37,33],[70,-43],[46,8],[-27,52],[6,52],[121,-28],[75,-41],[38,-53],[30,32],[29,-14],[28,76],[84,-59],[55,36],[35,56],[67,23],[62,1],[56,36],[3,104],[85,4],[8,-66],[31,-6],[45,52],[-64,60],[-4,43],[41,18],[31,55],[42,-50],[98,-12],[15,24],[67,1],[10,57],[76,22],[-85,43],[21,52],[45,-17],[54,38],[9,59],[27,14],[49,-57],[39,-5],[28,-51],[39,-20],[-1,56],[-37,57],[26,23],[31,-36],[47,-8],[35,144],[69,-21],[28,107],[65,48],[-9,99],[15,54],[75,-39],[71,136],[53,-8],[90,53],[109,-37],[3,57],[79,37],[131,-49],[56,3],[60,-90],[17,-91],[21,60],[32,7],[69,85],[34,-61],[60,-31],[45,27],[12,36],[101,-102],[10,41],[68,-8],[25,82],[20,11],[-21,98],[-50,41],[60,82],[68,-13],[63,-76],[60,-9],[110,52],[91,136],[-80,94],[36,48],[-4,-41],[131,-18],[-1,-66],[118,-50],[55,50],[61,-30],[59,-88],[59,-30],[64,0],[10,37],[52,36],[19,87],[25,2]],[[43872,25640],[257,69],[-1,-68],[93,-10],[78,51],[25,42],[99,60],[18,24],[139,33],[14,31],[53,13],[53,50],[95,-11],[45,-143],[35,-21],[117,14],[93,-241],[39,25],[120,19],[32,17],[9,45],[57,1],[20,-37],[-30,-39],[-5,-125],[-23,-34],[-18,-93],[47,-28],[44,26],[51,58],[36,-65],[67,14],[28,-44],[8,-68],[76,-89],[-102,-3],[-50,-44],[-14,-81],[20,6],[28,-110],[60,-67],[14,-105],[-46,-47],[40,-46],[-17,-37],[4,-91],[-97,-142],[-50,-127],[-72,14],[-14,-43],[48,11],[50,-61],[63,12],[8,48],[46,55],[109,-4],[79,-33],[19,-43],[62,-36],[1,-41],[95,-5],[19,-36],[41,44],[50,16],[63,-17],[13,-48],[53,-12],[67,71],[34,-19],[12,-76],[120,-28],[56,-58],[48,22],[-69,85],[25,36],[19,-65],[38,-22],[58,8],[57,76],[42,-14],[6,49],[58,61],[50,99],[37,14],[60,-31],[49,-79],[-52,10],[-33,-18],[-38,-108],[-4,-66],[56,-64],[-9,-56],[34,-14],[-14,-64],[58,-109],[-23,-42],[-48,-148],[27,-288],[-15,-165],[-45,-115],[21,-83],[-39,-162],[-10,-99],[93,-18],[-35,-48],[-3,-57],[-78,-42],[25,-52],[71,2],[-15,-25],[80,-40],[109,-35],[66,-8],[88,-55],[-10,83],[-36,56],[2,43],[74,-42],[22,-32],[69,-41],[8,-81],[110,-65],[77,-13],[43,-133],[35,-8],[14,-48],[64,-22],[7,31],[157,-22],[24,46],[20,-54],[68,-58],[55,12],[42,-83],[44,-33],[69,6],[132,65]],[[46954,17982],[-110,18],[-56,-2],[-47,22],[-15,94],[-47,25],[-3,80],[-53,-19],[-31,37],[-108,-18],[-40,19],[13,197],[-21,39],[13,62],[-128,86],[-83,-66],[-81,36],[-66,0],[0,-29],[-49,59],[-176,108],[-52,-2],[-11,-114],[-97,11],[-41,-8],[-80,42],[-60,4],[-113,94],[53,66],[-3,136],[-53,19],[-2,68],[59,59],[28,5],[25,120],[-32,42],[-70,-34],[18,-50],[-157,-97],[-49,-39],[-139,21],[-26,33],[-9,68],[-35,54],[-68,-44],[-88,-28],[-87,-66],[-106,-13],[-96,-69],[-76,-33],[-43,-45],[-47,-15],[-89,3],[-3,26],[-98,-18],[-52,-37],[-6,-40],[-125,-85],[-49,-53],[-55,26],[-6,165],[-39,74],[3,225],[-62,23],[-48,77],[-35,-12],[-42,51],[-195,10],[-22,-41],[-150,-1],[-126,61]],[[44280,19595],[-10,-32],[-80,-63],[-13,-33],[44,2],[69,-47],[-60,-85],[43,-75],[1,-59],[135,29],[96,-19],[68,-46],[90,-8],[32,-31],[17,124],[25,51],[76,40],[-21,51],[63,79],[-5,81],[25,28],[66,-4],[54,19],[12,33],[61,47],[-2,37],[-115,-6],[-9,33],[-73,33],[-48,4],[-10,80],[30,32],[-6,37],[-39,-34],[-39,12],[-55,68],[-44,2],[-36,51],[-49,-75],[-33,2],[-147,-79],[-39,-72],[9,-57],[-12,-69],[-71,-81]],[[23997,52393],[192,29],[-7,43]],[[24182,52465],[131,20],[157,45],[120,52],[259,159],[54,10],[99,-47],[177,-214],[62,-63],[72,-36],[106,14],[102,82],[18,-22],[-44,-27],[-30,-70],[51,11],[20,-79],[28,41],[34,-36],[-46,-46],[66,-48],[115,31],[64,-28],[53,61],[94,-23],[18,32],[76,11],[16,27],[55,-9],[42,-44],[56,45],[31,-39],[-9,102],[35,-147],[70,-62],[82,-20],[69,22],[6,-20],[65,26],[-14,-35],[50,-46],[-7,-58],[41,-17],[13,49],[99,37],[0,-101],[27,-71],[-13,-42],[47,-48],[-50,-44],[-57,11],[-38,31],[-84,18],[-41,-36],[-47,28],[-5,-43],[-50,-23],[22,-30],[-49,-13],[15,-34],[75,12],[132,-77],[6,-82],[76,-19],[-14,60],[95,40],[40,59],[65,-188],[48,3],[-63,-99],[31,-29],[84,26],[1,-44],[97,-68],[-21,-54],[56,-15],[122,64],[25,-17],[47,35],[59,-29],[10,25],[-57,66],[73,21],[-90,140],[143,70],[54,8],[181,-1],[3,96],[46,33],[2,37],[38,0],[47,48],[101,-11],[-12,-20],[70,7],[-6,78],[45,8],[40,-25],[236,-15],[0,70],[42,-2],[37,123],[-20,80],[34,45],[66,2],[9,99],[18,30],[-20,87],[90,15],[29,-22],[-3,64],[50,-19],[15,23],[-42,29],[18,35],[100,15],[86,82],[-29,-84],[52,-6],[34,50],[156,-11],[57,-33],[126,8],[82,-32],[37,-54],[112,28],[34,-79],[44,70],[128,-6],[80,-142],[88,-53],[61,34],[-1,-29],[139,-76],[38,52],[56,-6],[60,-72],[45,102],[42,-9]],[[30250,52260],[9,-34],[82,21],[26,-10],[-90,-68],[45,-29],[71,-85],[5,-36],[59,-38],[-6,-82],[35,-87],[30,-19],[-30,-108],[35,-96],[-13,-94],[53,14],[58,-31],[-19,-92],[41,-6],[-56,-127],[-3,-31],[-98,20],[-8,73],[-27,-4],[-2,62],[-24,-28],[-73,15],[-45,-36],[-76,-2],[-7,-61],[-39,-54],[25,-94]],[[30208,51113],[-26,-49],[-31,-7],[-73,-78],[8,-54],[-34,-106],[12,-38],[-24,-37],[17,-37],[-42,-82],[16,-22],[-50,-57],[21,-82],[-71,-100],[-54,-42],[-8,-45],[-45,-59],[26,-51],[-64,-53]],[[29786,50114],[-24,35],[-132,-31],[-68,-60],[-74,29],[-88,-35],[-31,72],[-19,-80],[-30,-51],[-70,-49],[-39,5],[-74,76],[-64,-69],[-4,-46],[51,-75],[-1,-55],[89,-81],[12,-82],[-83,-79],[40,-91],[19,30],[102,-2],[43,30],[46,-35],[-96,-59],[-21,-32],[33,-25],[7,-51],[44,6],[-42,-81]],[[29312,49228],[-50,-32],[-42,28],[-85,-19],[-7,-63],[-52,-20],[50,-65],[9,-97],[44,-12],[-26,-131],[-21,-34],[-85,-47],[-41,8],[-36,-33],[-77,-1],[-50,-71],[-149,-106],[-22,-115],[71,-113],[22,-60],[-12,-52],[-39,18],[-112,-81],[-33,-56],[-52,-14],[-107,49],[-40,-25],[-76,-11],[-2,-34],[-70,8],[7,47],[-43,24],[-105,-15],[45,-26],[-43,-34],[-67,54],[-95,43],[-103,-24],[-56,41],[4,66],[-71,-4],[-60,26],[-13,-21],[17,-98],[-18,-31],[2,-74],[-37,-33],[-64,-5],[-41,55],[-74,-55],[-24,69],[-134,-130],[17,-51],[-38,-18],[-38,39],[-17,-41],[-83,0],[-57,-17],[-34,28],[-70,-28],[-24,-55],[-154,-52],[-5,21],[-90,-13],[-40,64],[-79,-46],[-17,-93],[-37,-42],[15,-31],[-102,-60],[-41,19],[-73,-72]],[[26282,47474],[-86,33],[-58,-57],[-60,22],[-32,66],[0,46],[28,38],[-78,75],[-81,-9],[-13,24],[65,65],[69,21],[6,52],[64,60],[-61,97],[-52,53],[40,47],[-76,53],[-41,61],[-190,59],[-105,99],[-97,41],[-22,33],[-134,72],[40,73],[84,64],[-117,-2],[12,27],[-43,32],[13,51],[43,48],[-112,-33],[-13,57],[39,43],[-77,36],[-54,-42],[-64,-82],[-134,41],[-62,-23],[-76,17],[-60,45],[-57,11],[-26,-57],[-63,10],[-7,27],[-90,9],[2,77],[-68,12],[-17,30],[-71,34],[23,115],[75,99],[20,46]],[[29312,49228],[43,-36],[-17,-51],[30,-37],[20,22],[87,-18],[31,-75],[-27,-39],[108,-92],[-77,-118],[55,-53],[8,23],[104,-47],[-30,-105],[91,-34],[-18,-35],[-66,-28],[54,-94],[-52,-39],[3,-58],[-21,-57],[23,-88],[31,-25],[-21,-73],[113,-10],[80,-83],[-28,-78],[-19,1],[-65,-101],[-18,4],[-42,-68],[18,-19],[-65,-33],[23,-42],[131,-43],[-46,-137],[8,-38],[80,-83],[97,11],[-22,-40],[54,-50],[-4,-33],[38,-30],[-13,-32],[48,-59],[71,13],[21,-29],[122,23],[18,-58],[-74,-134],[32,-46],[80,-35],[82,23],[51,-7],[35,-37],[-12,-27],[68,-81],[40,7],[-50,-168],[32,-178],[33,-22],[-22,-44],[48,-38],[-22,-19],[52,-56],[-8,-43],[155,7],[37,-136],[56,5],[62,-46],[144,-7],[12,43],[61,16],[6,64]],[[31169,46098],[59,-110],[18,-137],[-33,5],[-28,-49],[30,-13],[-2,-47],[63,19],[140,-28],[-18,-80],[-33,-60],[43,-1],[26,-35],[-19,-39],[49,-34],[-69,-51],[9,-71],[-22,-38],[52,-69],[-34,-33],[-5,-47],[-63,-47],[27,-87],[76,2],[-43,-47],[94,-11]],[[31486,44990],[3,-24],[-46,-122],[-83,-55],[-15,-103],[20,-29],[-18,-81],[22,-17],[19,-77],[34,-27],[-38,-90],[-37,29],[18,49],[-41,10],[-26,-91],[86,-42],[0,-78],[-115,23],[-17,-45],[-70,44],[-48,-45],[-48,-95],[8,-42],[67,0],[-34,-111],[-47,12],[-53,-164],[-25,-52],[-48,9],[-38,-25],[4,-74],[-124,21],[2,-40],[-112,26],[-50,30],[-15,-82],[-79,4],[-38,-48],[-45,3],[-28,-37],[-44,-6],[-28,34],[-57,9],[-29,-28],[-47,15],[-86,61],[-44,-78],[-38,-23],[-25,80],[-40,10],[-96,-56],[-44,16],[5,-78],[-28,-39],[2,-58],[-31,15],[-66,-14],[-14,-81],[-122,36],[-93,54],[-28,-39],[52,-21],[-17,-37],[-108,33],[-44,-42],[24,-49],[3,-63],[35,-23],[-42,-67],[37,-27],[-24,-68]],[[29394,43020],[-75,37],[-19,-18],[-78,78],[-105,69],[-78,26],[-26,-83],[28,-101],[-12,-46],[-107,-42],[-67,25],[-48,48],[-42,-60],[-33,-118],[-37,38],[-69,35],[-10,-49],[-60,3],[-95,-26],[-40,92],[-163,-33],[-31,83],[-39,24],[-138,-43],[-26,-29],[-60,-2],[-20,25],[49,35],[-50,43],[-18,119],[-76,27],[-46,86],[34,1],[-3,48],[-100,9],[-93,46],[-26,97],[-47,60],[38,106],[-39,35],[-157,-41],[-6,62],[-132,0],[-58,21],[-77,-34],[-43,18],[-35,71],[55,55],[109,55],[79,24],[9,40],[-33,52],[-117,6],[-82,-35],[-64,-51],[-114,-131],[-45,-4],[-4,89],[-62,-2],[-56,-48],[-116,-17],[-51,11],[-16,37],[-153,-41]],[[26398,43802],[63,126],[-22,68],[142,4],[122,15],[28,19],[-32,32],[10,32],[-99,66],[-129,56],[-72,-19],[-74,73],[-60,31],[-17,35],[-61,12],[9,42]],[[26206,44394],[49,20],[-14,50],[41,3],[68,55],[-58,105],[-69,94],[2,32],[-57,75],[-14,62],[47,104],[39,24],[-53,14],[-66,66],[-76,-31],[-24,9],[58,87],[0,56],[67,76],[6,44],[146,58],[44,-45],[61,27],[-10,39],[53,-26],[43,15],[43,57],[54,-20],[76,111],[36,-23],[32,28],[56,103],[66,59],[26,-1],[-27,69],[7,52],[49,59],[88,75],[-80,24],[-85,118],[-15,96],[80,30],[7,81],[-61,39],[55,33],[61,130],[-153,55],[-45,39],[70,79],[-186,130],[-73,22],[-49,-10],[-86,76],[-11,163],[-121,3],[-11,36],[43,98],[-23,89],[15,28],[-28,62],[-40,27],[23,50]],[[6953,44337],[-70,-21],[-36,-32],[-111,-29],[-76,-34],[-91,-73],[-68,-27],[-121,-9],[-13,-36],[-79,-21],[31,-41],[-59,-42],[20,-51],[-76,-57],[24,-53],[-18,-52],[35,-10],[48,24],[85,-33],[-41,-45],[25,-116],[-42,5],[40,-46],[113,-27],[-9,-69],[20,-66],[31,-4],[20,-143],[50,-52],[35,-138],[90,-22],[54,48],[78,0],[38,-25],[19,33],[72,5],[9,19],[55,-50],[67,14],[50,-81],[124,-8],[30,-52],[-2,-47],[32,-70],[62,-12],[12,81],[23,-18],[154,70],[37,43],[44,-90],[43,-12],[2,-42],[-40,-57],[15,-56],[50,-60],[-28,-47],[-69,-13],[-3,-78],[32,-112],[4,-86],[-29,-69],[-18,35],[-56,7],[-119,-67],[12,-82],[-38,-61],[-78,-8],[-54,-76],[-107,54],[-44,51],[-5,60]],[[7138,42158],[-40,48],[-45,0],[47,-33],[17,-49],[-48,-39],[-13,-43],[-2,-64],[30,-5],[-3,-50],[49,-20],[15,-71],[-46,-58],[2,-123],[-32,-54],[-57,2],[-58,38],[-132,-4],[-117,22],[-24,-10],[-101,75],[-29,-16],[-62,12],[-20,-30],[-57,21],[-105,90],[-53,31],[3,33],[43,26],[70,76],[-14,4],[-108,-94],[-46,-7],[-30,53],[-29,192],[-42,-40],[47,-51],[3,-79],[38,-102],[-97,-60],[-126,4],[-53,-25],[-91,63],[-78,4],[-63,-36],[-7,76],[-60,50],[-113,136],[-34,10],[14,81],[42,13],[-90,10],[-45,39],[65,26],[-30,40],[-84,27],[0,52],[-120,117],[-68,-13],[-24,94],[-9,-94],[-52,7],[53,-43],[-43,-42],[22,-43],[-4,-57],[39,-87],[-213,-22],[-63,-38],[-137,155],[-126,-39],[-18,55],[-30,3],[-35,47],[6,33],[-91,92],[-32,73],[26,107],[15,-7],[22,11],[0,25],[54,0],[37,39],[-1,32],[3,56],[40,9],[25,66],[-8,59],[-86,44],[15,-34],[48,-3],[-34,-51],[-23,14],[16,-191],[-29,-32],[-58,0],[-5,-34],[-40,0],[-34,-96],[13,-91],[-113,-18],[59,-11],[77,21],[83,-89],[-14,-27],[45,-43],[5,-62],[-43,18],[-78,-34],[-100,-67],[-36,163],[-50,33],[-8,-27],[-48,5],[17,-60],[-23,-28],[5,-20],[-44,27],[73,-79],[-3,-38],[33,-51],[66,-12],[38,-27],[-36,-84],[-34,-41],[-7,-47],[-71,-58],[-77,34],[-30,70],[18,-91],[-19,-34],[-69,6],[-156,-22],[-50,17],[-73,-1],[-12,49],[-60,3],[-51,-19],[-86,11],[-84,-24],[-53,13],[12,68],[-34,88],[55,36],[34,-9],[45,35],[12,56],[-9,70],[-64,232],[-93,220],[-37,69],[-71,73],[-64,127],[-95,75],[-30,46],[-110,32],[-30,50],[-79,54],[-113,28],[-46,34],[33,157],[122,2],[-37,19],[-91,-12],[-21,-37],[1,-81],[-33,-51],[-59,-11],[-39,-63],[-105,49],[-39,49],[-112,20],[-45,74],[-45,-40],[-60,-5],[-32,28],[-147,-4],[-56,45],[-55,5],[-79,36],[119,14],[34,50],[-47,87],[22,13],[77,-29],[24,15],[73,-16],[29,81],[41,-31],[108,-3],[8,33],[35,-26],[74,49],[45,-3],[54,40],[68,3],[69,-38],[44,32],[5,41],[54,-12],[114,31],[58,-28],[52,45],[121,34],[75,-7],[89,63],[85,-17],[79,34],[59,-3],[45,-47],[75,-30],[34,15],[20,-44],[70,-24],[90,89],[27,103],[-21,49],[67,32],[-21,158],[-84,11],[-23,66],[27,1],[8,51],[-53,127],[-41,11],[-16,44],[-51,-13],[-30,33],[-152,-12],[-41,88],[-94,8],[-215,102],[-54,-2],[-15,27],[-111,-21],[-56,-38],[-9,-34],[41,-22],[-12,-32],[-55,-26],[-37,-132],[-98,-76],[-8,-79],[-53,-4],[-24,60],[39,35],[5,76],[-21,120],[-26,46],[-6,103],[72,30],[-15,93],[-53,26],[-96,-53],[-88,60],[-70,5],[-16,-48],[-14,40],[44,85],[-64,54],[80,-6],[19,38],[58,-66],[68,12],[55,64],[-27,70],[-7,96],[-39,42],[51,69],[69,53],[93,23],[9,-16],[-57,-96],[-11,-96],[-36,-37],[14,-63],[52,-26],[23,-41],[62,47],[62,126],[29,-29],[-74,-84],[67,-80],[155,47],[28,41],[67,-22],[119,14],[-8,-47],[48,-64],[63,-9],[126,20],[60,52],[69,-1],[136,77],[153,-10],[37,-52],[-23,-25],[-59,31],[-28,-50],[18,-34],[129,-80],[-57,-32],[61,5],[48,-63],[54,4],[62,51],[12,-63],[49,-23],[76,11],[143,-19],[67,-47],[98,49],[24,-18],[-25,-51],[1,-97],[35,178],[28,49],[-50,-37],[-93,-40],[-79,39],[-175,21],[-52,-11],[-55,78],[-117,-29],[-23,55],[-140,88],[81,5],[135,80],[23,-27],[133,26],[33,34],[-95,6],[-52,-12],[-75,23],[-10,52],[63,39],[-74,-23],[-25,-52],[-43,46],[-57,-4],[-45,26],[25,26],[116,47],[-5,20],[-114,-38],[-72,-62],[-92,28],[-96,0],[70,41],[8,48],[40,-14],[14,37],[-52,11],[86,21],[89,45],[-50,31],[82,23],[28,32],[-131,-33],[-48,9],[13,-69],[-74,-7],[-49,-27],[-4,51],[55,102],[-123,-129],[-42,18],[41,53],[-94,-66],[2,-49],[-35,-60],[-130,-17],[-50,10],[66,108],[-89,-58],[-118,-47],[-9,69],[46,32],[-26,54],[37,67],[82,57],[49,77],[50,38],[124,55],[39,46],[75,9],[158,116],[133,108],[-76,-26],[-91,-92],[-67,-14],[-62,-37],[-17,-32],[-59,18],[-37,-54],[-63,-33],[-37,8],[-44,-52],[-103,52],[-39,-8],[-7,-84],[-33,-9],[-53,35],[-55,-41],[-28,15],[-121,-36],[-163,-134],[-64,33],[-26,-45],[-59,-39],[-58,-9],[-105,-65],[-86,-2],[-55,54],[-43,-5],[-62,47],[-71,21],[-87,-34],[7,-84],[-40,-35],[-66,-14],[-62,19],[-111,-33],[-52,17],[16,112],[-48,44],[18,43],[90,-12],[16,31],[-154,-8],[9,25],[72,-10],[37,50],[-20,74],[-45,36],[0,111],[-33,-13],[-54,64],[18,19],[23,107],[45,61],[-10,33],[72,130],[29,-22],[21,37],[58,-3],[78,32],[-175,-34],[-72,120],[-10,103],[50,29],[25,91],[-15,50],[27,22],[45,-42],[-22,104],[61,26],[38,54],[67,20],[49,-36],[15,86],[-18,13],[91,17],[41,-20],[20,37],[56,-22],[50,7],[91,43],[20,-27],[109,-19],[27,-111],[24,33],[116,-4],[106,-36],[-25,45],[-203,14],[-38,80],[-59,4],[22,77],[-17,66],[40,68],[51,-51],[-38,-45],[151,32],[12,-23],[66,24],[90,-38],[7,-51],[85,14],[49,-75],[31,-18],[-67,113],[-73,-10],[-52,52],[-102,50],[-43,0],[29,45],[-67,-5],[-3,40],[49,44],[75,7],[-29,53],[97,-20],[55,32],[17,-72],[38,-15],[34,29],[79,-10],[80,39],[47,61],[67,-26],[-7,42],[58,-27],[94,-10],[-25,34],[-50,0],[-74,40],[-17,47],[41,-16],[129,22],[212,135],[105,-14],[7,-54],[49,24],[75,-34],[-11,-66],[-76,-91],[20,-33],[65,-16],[-17,49],[103,29],[13,31],[175,7],[85,-10],[90,30],[-68,24],[-43,-8],[30,77],[73,59],[40,55],[58,8],[111,38],[158,14],[82,-9],[2,-29],[61,26],[54,-85],[53,-28],[-41,63],[37,26],[4,73],[87,38],[3,37],[48,-10],[57,25],[23,34],[28,-51],[44,42],[22,61],[41,-36],[26,33],[26,-36],[-38,-76],[-10,-71],[47,-48],[-23,-38],[-5,-76],[95,-9],[-24,-22],[16,-81],[-19,-66],[27,-41],[-19,-149],[47,-10],[-30,50],[10,93],[-10,98],[47,32],[43,0],[35,115],[66,-40],[71,10],[-1,-28],[-54,-14],[-5,-49],[53,-91],[141,-66],[16,-42],[-11,-76],[74,89],[-22,19],[-35,124],[-4,72],[-34,58],[39,22],[9,-77],[34,-1],[-18,141],[-20,38],[62,48],[-2,68],[44,30],[15,-54],[29,-14],[18,67],[-18,42],[67,-46],[22,12],[42,-65],[36,-11],[76,51],[66,-12],[75,10],[78,-33],[-8,-23],[73,-67],[57,12],[55,-29],[89,62],[56,-5],[-51,-88],[68,-58],[-70,-52],[-17,-40]],[[5068,47903],[-8,27],[-51,-4],[-39,26],[-37,-35],[-58,23],[60,70],[71,-1],[11,-31],[54,-27],[-3,-48]],[[1299,43339],[-45,46],[-65,11],[15,22],[74,-24],[21,-55]],[[5045,41199],[-7,58],[35,-47],[-28,-11]],[[4246,42170],[-68,85],[51,20],[17,-105]],[[799,45656],[-36,55],[37,21],[23,-54],[-24,-22]],[[1227,45344],[20,61],[43,37],[28,-9],[-91,-89]],[[1085,45546],[-68,5],[52,17],[16,-22]],[[5375,47535],[-29,80],[43,-50],[-14,-30]],[[166,45958],[-38,-2],[9,49],[50,12],[26,33],[-30,39],[-183,-53],[31,68],[115,45],[2,41],[68,29],[37,-25],[73,61],[28,-39],[42,-5],[-36,-53],[107,-23],[-14,-32],[-46,0],[-82,-61],[-57,12],[-41,-67],[-61,-29]],[[37575,18339],[97,-14],[4,-48],[38,4],[27,-55],[50,-4],[36,-31],[8,-82],[31,-41],[58,-15],[82,3],[57,-20],[90,14],[82,-37],[40,10],[60,-50],[90,58],[140,-27],[23,-21],[131,35],[3,94],[21,41],[66,25],[-114,55],[42,142],[56,29],[36,-49],[48,26],[5,59],[60,-38],[47,-66],[54,-37],[85,-3],[41,-46],[60,-12],[62,-42],[12,-49],[26,17],[47,-58],[67,-48],[69,9],[43,48],[111,-2],[40,-38],[21,16],[56,-17],[69,97],[49,32],[39,-17],[15,83],[63,8],[5,52],[-22,85],[159,-79],[49,-36],[27,42],[-48,-3],[-33,69],[7,64],[-37,21],[-66,3],[31,61],[37,116],[-17,26],[-9,104],[38,47],[51,-11],[35,39],[-23,81],[-58,37],[-45,-35],[-52,58],[28,57],[-15,60],[-61,74],[87,70],[11,54],[32,26],[-15,43],[-64,6],[-46,76],[8,28],[-40,47],[-42,105],[-65,35],[-30,48],[13,30],[31,-23],[54,86],[81,20],[79,-40],[30,12],[-10,72],[37,-8],[70,100],[-3,63],[24,57],[27,1],[63,93]],[[43204,18984],[22,-104],[91,-102],[16,-59],[-25,-82],[17,-28],[78,19],[54,-7],[15,-41],[-24,-48],[6,-51],[72,-34],[-26,-139],[13,-114],[-33,-89],[-19,-201],[50,-72],[17,-83],[143,56],[26,-13],[-13,-59],[133,-79],[5,-83],[119,-130],[22,-101],[73,-10],[25,-33],[5,-133],[-30,-27],[-111,16],[-11,-69],[22,-61],[-31,-49],[-48,-21],[-80,-122],[-45,-27],[-83,-10],[-48,-53]],[[41355,13737],[-157,35],[-128,41],[-123,65],[-47,49],[-47,122],[24,17],[6,67],[46,10],[24,59],[-54,77],[-114,68]],[[40785,14347],[37,92],[-60,84],[-68,56],[28,10],[54,-42],[110,24],[88,-27],[28,5],[-2,82],[84,70],[110,214],[2,81],[-66,131],[-72,81],[17,78],[-15,50],[-51,67],[-31,107],[-62,46],[-74,-21],[-32,61],[-58,34],[-4,69],[-33,34],[-90,-7],[-7,32],[-41,0],[-2,87],[-154,139],[-76,38],[-119,-75],[-61,35],[5,63],[74,87],[-26,47],[30,37],[-93,5],[-9,65],[-81,-1],[-70,31],[-19,65],[8,83],[-37,41],[-35,-54],[-205,-14],[-22,-61],[-61,20],[-32,-28],[-37,54],[-82,29],[-19,75],[87,127],[43,91],[-24,32],[14,47],[-28,37],[-109,-1],[-30,53],[-7,106],[-34,-11],[-43,25],[-60,-4],[-18,28],[-37,-39],[-54,34],[-57,-67],[-59,3],[-102,-96],[33,-47],[-63,-67],[15,-21],[-32,-108],[-129,34],[24,-81],[-38,-39],[-29,19],[34,97],[-73,17],[-105,-160],[6,-25],[-70,-54],[-43,-95],[37,-43],[68,-26],[7,-34],[-56,-5],[-42,-33],[-48,59],[-43,26],[-19,-32],[-69,9],[-46,48],[-33,68],[17,34],[-5,78],[-31,4],[-12,47],[-35,7],[-10,-38],[-89,3],[-89,-129],[-73,-16],[-62,-43],[-47,61],[43,2],[29,185],[-59,68],[-67,24],[-51,-10],[-7,-27],[-56,6],[-75,41],[-36,-20]],[[26896,15856],[52,16],[25,-29],[40,8],[49,69],[136,26],[15,-22],[46,41],[46,-36],[55,0],[96,84],[11,31],[59,-59],[61,-11],[-24,-27],[43,-24],[55,83],[64,30],[12,46],[58,-25],[14,-66],[64,-25],[43,-71],[139,-9],[7,-64],[-56,-48],[32,-45],[38,29],[226,81],[34,37],[-55,17],[46,64],[14,-40],[133,25],[68,55],[72,9],[29,42],[52,18],[-20,92],[-45,27],[-83,0],[-63,-39],[-18,50],[-66,57],[109,61],[48,-45],[151,28],[-73,89],[34,36],[2,59],[40,37],[43,-34],[80,-25],[39,33],[56,-47],[15,-45],[59,-16],[70,34],[7,-25],[52,116],[62,90],[4,34],[44,-23],[29,-107],[30,38],[108,68],[41,59],[0,56],[69,-28],[32,8]],[[29551,16704],[-40,-96],[16,-86],[53,-72],[-27,-26],[35,-21],[-39,-22],[77,-127],[88,-40],[-24,-63],[26,-42],[-23,-35],[11,-42],[103,-42],[74,-56],[64,6],[23,-38],[-35,-46],[-6,-55],[48,-22],[18,-73],[-26,-80],[36,-54],[66,-51],[36,6],[38,-53],[45,-20],[32,-83],[-107,-39],[-5,-37],[-74,17],[-6,-60],[148,-9],[104,-28],[-2,-90],[38,-38],[7,-72],[-135,-52],[-34,-49],[-17,-88],[71,-66],[15,30],[73,-44],[13,-39],[106,-48],[56,7],[40,-28],[-4,-42],[30,-38],[135,-58],[15,30],[115,-48],[46,-49],[14,-74],[-9,-45],[132,-58],[-40,-39],[36,-25],[15,-78],[151,-109],[69,4],[37,-51],[50,-25],[16,24],[95,-50],[54,-58],[24,35],[59,-18],[33,49],[-13,43],[10,99],[62,-24],[9,-41],[43,16],[-3,71],[30,-63],[-21,-73],[24,-40],[-33,-52],[-55,-7],[-45,-41],[10,-84],[-30,-45],[39,-21],[30,-66]],[[26474,9629],[-65,23],[-47,-5],[-98,66],[-67,9],[-72,-27],[-77,42],[-114,41],[-4,36],[-118,46],[-77,-42],[-58,1],[4,-46],[-65,-38],[-23,-35],[14,-52],[35,-28],[-23,-65],[22,-79],[-42,-24],[-34,-69],[-31,-27],[24,-35],[71,-18],[-69,-62],[-17,-92],[55,5],[48,-140],[41,-47],[-27,-45],[37,-49],[-38,-59],[12,-57],[-36,-10],[-88,28],[-46,-5],[-143,41],[-36,42],[-36,-71],[-88,12],[-105,30],[-70,8],[-49,-70],[-113,8],[-67,45]],[[24794,8815],[30,66],[-134,118],[-22,41],[60,29],[-11,72],[14,60],[-39,80],[6,56],[32,62],[1,93],[-33,38],[14,128],[37,107],[-32,33],[55,48],[-5,54],[25,69],[85,-12],[44,-47],[84,-10],[38,-41],[69,22],[19,-29],[55,27],[42,42],[2,65],[37,58],[5,71],[54,83],[-7,46],[41,89],[91,48],[39,63],[29,8],[13,63],[-40,41],[-75,23],[-29,105],[51,11],[16,63],[-58,94],[9,39],[-36,84],[-66,12],[-6,-85],[-48,-22],[-68,9],[-66,-84],[-46,-39],[-53,22],[22,56],[8,153],[54,51],[79,-61],[-22,76],[6,76],[-36,47],[46,52],[-32,26],[-110,31],[3,67],[-76,-4],[-63,19],[8,72],[-50,12],[-10,42],[-45,-19],[-113,-6],[49,44],[-47,59],[-52,27],[149,194],[36,11],[124,135],[51,65],[-78,38],[51,82],[72,-30],[49,36],[63,-17],[65,62],[-8,84],[-16,-9],[-66,38],[59,94],[52,10],[-8,34],[88,95],[76,22],[20,86],[72,20],[4,50],[-127,63]],[[25364,12771],[21,31],[55,0],[98,-25],[89,70],[59,78],[37,89],[26,27],[87,160],[88,-41],[38,66],[50,53],[-39,39],[29,50],[34,10],[-45,103],[41,-40],[54,16],[163,-111],[21,69],[37,43],[105,-46],[25,25],[70,12],[31,-32],[57,-4],[40,-31],[99,7],[48,-41],[22,-81],[61,-15],[77,8],[22,-60],[-10,-51],[48,-43],[83,39],[-3,49],[41,22],[-33,23],[19,50],[-40,120],[30,27],[101,-13],[31,58],[-38,40],[4,72],[51,42],[30,118],[-102,71],[27,44],[65,45],[60,-2],[-26,55],[46,-13],[12,77],[63,4],[-102,63],[33,73],[54,-26],[28,26],[-41,58],[-34,6],[54,61],[71,4],[42,-61],[-1,-28],[84,60],[-17,93],[57,-16],[138,16],[31,111],[55,-25],[39,21],[65,-27],[15,56],[-6,120],[-57,59],[-36,59],[-34,-46],[-62,-15],[-73,125],[24,63],[-32,50],[-43,5],[-21,-26],[-122,15],[-46,26],[60,101],[-28,29],[-89,-22],[-49,64],[-66,24],[23,79],[45,99],[-41,14],[-75,56],[-43,-22],[-34,57],[10,26],[-72,40],[-90,95],[30,14],[-161,179],[-10,89]],[[23021,17124],[17,-13],[65,31],[47,-9],[51,22],[44,90],[66,-49],[-17,-113],[87,-26],[26,20],[15,135],[60,24],[40,92],[59,-13],[13,54],[36,13],[47,-25],[30,24],[16,-33],[-24,-43],[105,-56],[12,36],[61,-29],[16,-31],[133,-40],[62,13],[-5,100],[46,-18],[137,63],[59,-57],[44,-12],[43,87],[49,20],[39,-14],[32,57],[29,-22],[77,17],[12,69],[64,103],[108,-17],[5,34],[76,-3],[6,-38],[37,76],[39,-40],[152,-16],[43,29],[58,91],[-11,17],[112,14],[27,-55],[57,-23],[49,-66],[1,-41],[99,-45],[-7,-61],[45,-58],[75,34],[-1,49],[28,60],[49,-5],[49,83],[37,-6],[52,27],[47,-3],[14,27]],[[25960,17655],[43,8],[16,-89],[19,-13],[-13,-60],[20,-67],[218,114],[41,49],[33,-6],[61,-62],[46,1],[43,-33],[-15,-38],[-28,10],[-38,-73],[-33,-4],[-45,34],[-56,-35],[33,-57],[33,-123],[-49,-37],[10,-28],[-61,-64],[-38,-6],[-14,-67],[-42,-71],[-49,-7],[-57,-67],[9,-68],[34,-62],[76,7],[52,46],[48,8],[147,-116],[42,53],[51,6],[46,-66],[63,-24],[12,-46],[54,-31],[-85,-45],[-2,-101],[98,-100],[31,-73],[-80,11],[3,-67],[49,-31],[78,-21],[-15,-52],[-64,-78],[-14,-92],[-27,-24],[3,-48],[30,-21],[21,28],[34,-18],[33,53],[27,-29],[82,22],[22,-29]],[[25364,12771],[-47,32],[-24,-12],[-67,55],[-55,-11],[-47,55],[-50,-15],[-163,42],[-45,-54],[-52,45],[-41,2],[-123,54],[-9,-83],[-96,-2],[-113,39],[-2,105],[-15,37],[-59,-1],[-60,-37],[-75,-4],[-71,-38],[-16,37],[6,90],[-22,76],[-47,-49],[-57,29],[-13,108],[-87,-13],[-129,-60],[-21,-34],[-52,-25],[-54,17],[-62,-17],[-30,48],[-77,-26],[-36,205],[-92,-22],[-27,82],[-64,78],[22,64],[126,67],[-70,132],[-67,6],[-25,87],[-9,82],[14,20],[-80,146],[-99,-47],[-42,89],[-56,-31],[-71,-4],[-37,103],[-60,68],[-56,-11],[-35,112],[-52,37],[10,61],[-18,17],[-8,97],[-39,79],[-80,-9],[-49,59],[-45,-45],[-85,1],[-14,-105],[-90,-5],[4,-45]],[[22259,14529],[-39,-7],[-71,35],[-73,-44],[-44,38],[-73,-20],[-53,91],[-61,-58],[-63,-27],[-26,62],[-142,-53]],[[21614,14546],[-24,75],[-29,17],[32,50],[2,58],[-135,0],[-15,71],[-1,104],[78,-46],[-3,102],[94,19],[-7,65],[22,43],[-81,16],[5,61],[54,30],[24,40],[-50,90],[147,88],[102,101],[-14,69],[-86,13],[2,36],[39,5],[-33,175],[-31,29],[18,69],[-39,42],[2,28],[152,7],[-24,134],[40,12],[-34,86],[-57,76],[45,31],[10,60],[31,-58],[14,40],[-19,77],[-92,42],[-48,45],[-52,-20],[-24,46],[27,6],[39,95],[30,-46],[78,52],[45,83],[39,18],[8,49],[60,-67],[51,31],[2,48],[78,-24],[49,54],[98,-111],[32,14],[-18,35],[27,88],[54,-38],[48,15],[5,40],[46,66],[52,-3],[28,56],[19,93],[77,-85],[89,-70],[23,-40],[-5,-66],[-67,-33],[-47,-54],[25,-38],[38,-2],[44,-46],[61,-33],[58,-72],[55,18],[69,-42],[45,49],[16,154],[-19,69],[-51,67],[-6,79],[47,21],[4,58],[39,62]],[[23998,22169],[-73,-58],[-129,-20],[-29,15],[-21,69],[-61,8],[-73,-155],[38,-85],[-10,-24],[-65,-3],[-43,166],[-34,-1],[-37,-55],[-3,-42],[-47,13],[-61,-27],[-39,37],[-16,-28],[7,-122],[-28,-61],[-67,54],[-46,-15],[-16,-162],[117,-16],[-3,-67],[31,-42],[47,-2],[64,29],[67,-21],[24,-39],[-63,-93],[-14,-91],[-45,-7],[-61,62],[-21,-60],[82,-110],[-19,-42],[-68,-5],[-57,-74],[-48,-40],[-129,-40],[17,-50],[-20,-86],[-23,3],[-35,-99],[-136,38],[-56,-39],[-18,-43],[-76,59],[-22,-15],[86,-120],[-43,-53],[-64,-26],[-40,-71],[-12,-85],[25,-134],[-12,-29],[23,-60],[64,-14],[12,-63],[-54,-33],[-18,-53],[12,-64],[-35,-34],[39,-5],[-16,-36],[93,-110],[31,-51],[-54,-36],[73,-29],[-39,-70],[-38,4],[-40,37],[-41,-6],[-74,-77],[-113,-5],[-17,13],[-49,-55],[-41,5],[-31,-104],[85,-98],[31,-7],[109,-160],[-38,-20],[28,-47],[18,-95],[-56,-9],[-34,-29],[-58,-123],[-35,36],[-59,-76],[-89,-62],[-67,62],[-17,-48],[-60,-44]],[[22065,18699],[-112,97],[-56,128],[-67,69],[-38,-46],[-104,0],[-10,-56],[22,-325],[-215,-78],[-173,61],[-231,19],[-115,21],[-30,176],[58,322],[-95,7],[-68,78],[-50,10],[-1,140],[-208,15],[-171,92],[-46,165],[-145,67],[-44,49],[-276,113],[-39,2],[64,35],[10,44],[-10,196],[-56,43],[-157,51],[-30,-42],[4,-43],[-54,-21],[-157,47],[-4,-12],[-173,-41],[-47,1],[8,-68],[-85,-13],[-54,-49],[-155,-7],[-294,116],[-32,42],[-222,-91],[-263,-43],[95,90],[119,300],[-31,164],[-16,23],[-156,-30],[-259,162],[-94,-190],[-379,-140],[-271,-88]],[[17152,20261],[11,138],[-2,168],[-37,159],[7,50],[78,90],[81,139],[78,206],[3,169],[56,131],[49,19],[75,3],[105,-65],[-67,-63],[48,-28],[19,48],[96,-4],[162,-43],[69,46],[65,-19],[51,61],[15,-32],[71,-39],[23,47],[48,-11],[-7,38],[-60,66],[1,35],[-56,65],[-82,14],[-85,92],[140,-25],[-61,87],[-73,52],[-80,79],[-45,70],[-46,38],[-51,10],[-20,44],[-37,9],[-53,60],[-36,16],[-47,70],[-25,7],[-47,-131],[19,-68],[-71,-54],[-4,-39],[-60,-61],[0,-25],[-87,-63],[10,-9],[-47,-88],[-34,-159],[6,-69],[-32,-103],[13,-84],[-39,-72],[-37,51],[-6,143],[18,195],[26,222],[65,472],[62,502],[25,271],[42,375],[58,655],[61,729],[45,417],[38,384],[14,375],[-7,344],[42,200],[-8,117],[-19,69],[13,74],[68,168],[88,101],[56,101],[21,4],[22,111],[38,48],[120,51],[154,18]],[[17217,21071],[-20,-54],[-27,1],[47,53]],[[18140,21437],[-12,13],[28,73],[54,-75],[-46,13],[-24,-24]],[[17487,21749],[-43,31],[36,11],[7,-42]],[[40785,14347],[-131,18],[-149,-5],[-135,-30],[-170,-76],[-151,-78],[-213,-137],[-154,-131],[-75,-81],[-69,-102],[-96,-112],[-98,-62],[-103,-39],[-116,-62],[3,-95],[-43,-2],[-107,-60],[-79,-8],[-39,19],[-83,-55],[-192,-190],[-197,-237],[-143,-199],[-44,-86],[-27,-20],[-46,23],[-71,-9],[-69,19],[-66,36],[-35,-3],[-62,54],[-112,-14],[-80,-26],[-159,-71],[-173,-121],[-200,-154],[-114,-115]],[[34009,13496],[72,5],[65,59],[41,-11],[-1,64],[43,-24],[135,142],[-36,39],[44,28],[67,-48],[21,51],[-50,79],[-8,94],[25,43],[-7,88],[76,-23],[-41,64],[-53,25],[-74,111],[-48,52],[-1,30],[-50,62],[68,102],[-16,71],[-26,-6],[-30,49],[62,66],[-14,53],[26,11],[41,126],[24,135],[26,-14],[1,-59],[80,2],[63,29],[5,-17],[152,-37],[23,-53],[57,-37],[25,-76],[46,-37],[56,20],[71,60],[51,-13],[84,108],[64,-24],[81,55],[46,-16],[73,11],[24,79],[125,-20],[54,52],[-10,46],[18,60],[-10,58],[72,46]],[[13313,47048],[-56,55],[-10,78],[-51,14],[-2,50],[41,-21],[110,47],[80,-5],[13,-27],[171,39],[47,-22],[-40,-59],[34,-22],[52,8],[28,-67],[-22,-31],[40,-79],[24,-1],[32,-74],[74,-24],[-76,-77],[27,-30]],[[14088,46623],[-90,-18],[35,85],[-11,44],[-61,1],[20,52],[-41,54],[-24,78],[66,-10],[50,-49],[29,24],[-51,44],[13,45],[-45,-22],[-18,21],[-71,11],[-14,-23],[-40,67],[-35,-11],[54,102],[-55,-13],[2,67],[-41,72],[-36,22],[46,12],[-39,45],[149,86],[57,83],[-37,63],[41,-7],[74,36],[14,-41],[74,27],[-50,49],[79,12],[60,-15],[31,24],[57,-38],[65,60],[68,-28],[121,88],[15,-40],[-29,-19],[16,-64],[42,-67],[-61,-53],[-52,-24],[-7,-80],[-34,-50],[14,-59],[59,-96],[57,-54],[90,-32],[213,-42],[318,24],[78,21],[88,-2],[411,106]],[[15752,47191],[26,-78],[91,-53],[-11,-30],[43,-18],[-30,-74],[5,-45],[50,5],[56,-95],[-34,-5],[2,-60],[-37,-40],[21,-40],[62,-40],[-14,-21],[105,-180],[23,-114],[74,-25],[85,15],[83,-67],[-23,-33],[55,-67],[157,-6],[55,-32],[65,67],[90,43],[-21,56],[122,117],[20,-25],[73,20],[25,38],[75,34],[38,90],[-12,64],[44,41],[58,22],[46,-38],[93,-6],[59,29],[23,-60],[72,-26],[56,20],[60,-70],[41,-19],[59,30],[77,-3],[56,-56],[148,-29]],[[17963,46427],[-24,-49],[-11,-81],[36,-10],[-40,-34],[33,-80],[33,-15],[-5,-100],[-58,-52],[-24,-63],[27,-79],[-13,-30],[75,-113],[46,-120],[-50,-71],[40,-40],[-20,-94],[66,-136],[-63,-105],[-101,-88],[-37,-60],[-14,-106],[-37,-67],[12,-72],[43,-79],[30,-159],[-20,-34],[61,-63],[-13,-19],[-18,-138],[25,-23],[4,-81],[42,7],[18,-67],[4,-154],[24,-61],[19,-171],[40,-79],[84,-66],[-24,-18],[-30,-85],[33,-43],[-38,-77],[81,-164],[-27,-91],[-69,-19],[-32,-36],[-79,-3],[-36,-22],[-88,39],[-97,6],[-49,-13],[-15,-37],[12,-61],[-39,-23],[-62,1],[-36,-26],[-23,-79],[7,-88],[-32,-18],[19,-52],[-22,-69],[-34,-34],[-2,-93],[-25,-34],[-65,-19],[-2,-74],[35,-70],[-64,-61],[-54,0],[-35,-44],[39,-25],[-5,-102],[-31,-79],[-40,9],[-27,-67]],[[17221,41904],[-10,-108],[-24,-107]],[[17187,41689],[-320,101],[-26,-2],[-180,46],[1,48],[-58,22],[6,32],[-55,84],[-41,8],[-25,-31],[-85,53],[-70,-14],[-178,32],[-13,-29],[40,-52],[29,-100],[-28,-35],[-116,-23],[-17,20],[-75,-51],[-38,-57],[-92,-13],[-16,15],[-52,-40],[-94,6],[-52,-63],[20,-11],[-49,-38],[-80,6],[-60,-136],[-15,-108],[-91,-108],[-39,22],[-182,-26],[-3,-53],[-82,-6],[-23,30],[-72,22],[-89,-59],[-109,16],[-138,63],[-62,-33],[-55,18],[-107,-83],[-60,6],[-213,-73],[-60,-83],[-68,10],[1,103],[-24,28],[-57,-82],[-97,-64],[-16,-35],[-115,23],[-48,-51],[-7,-79],[-131,4],[-41,-50],[-29,-72]],[[13431,40747],[-27,51],[40,3],[-10,50],[-26,-21],[-54,35],[51,113],[-4,60],[-83,42],[-11,51],[25,130],[-53,75],[108,62],[-8,32],[93,14],[128,-4],[-16,84],[-97,-9],[-2,83],[-193,-5],[20,61],[60,0],[1,47],[57,-3],[102,70],[21,106],[-5,39],[103,46],[49,97],[-53,18],[-28,90],[15,41],[-16,80],[-43,-54],[-19,-55],[-79,-43],[-67,-8],[-34,31],[16,58],[45,25],[-93,122],[6,71],[41,12],[22,45],[64,21],[4,66],[30,35],[-100,132],[6,57],[-43,29],[-4,45],[-40,8],[-108,149],[-128,-29],[-59,20],[-4,39],[-105,42],[-22,-15],[-100,44],[-65,-11],[-129,-45],[-19,53],[52,69],[-30,42],[12,65],[81,99],[86,73],[112,-14],[122,11],[81,71],[8,83],[-55,45],[-28,-14],[-142,-1],[-72,-32],[7,-82],[-96,-2],[-8,65],[43,80],[-34,74],[3,82],[-128,152],[-14,6]],[[28541,37865],[52,60],[55,-12],[90,39],[133,83],[87,108],[163,70],[103,-5],[95,-26],[95,-60],[16,-43],[27,54],[-39,92],[25,45],[-32,42],[187,41],[109,-27],[16,15],[-9,110],[109,-26],[35,17],[120,-42],[-34,-29],[103,-48],[15,24],[146,28],[7,43],[44,33],[99,-133],[66,-74],[100,-87],[66,1],[21,41],[58,-25],[84,-76],[49,-19]],[[28931,32432],[-19,18],[-8,73],[-112,87],[-27,53],[-95,112],[-52,9],[-77,-38],[-47,2],[30,-68],[-52,-13],[-16,-30],[34,-32],[-53,-19],[-50,25],[-139,25],[-41,-11],[-45,-61],[-94,-10],[-35,83],[20,24],[-28,47],[-81,-85],[-41,-4],[-22,51]],[[27881,32670],[87,112],[-21,27],[91,173],[-45,12],[-29,-31],[-56,0],[12,77],[-75,34],[-76,15],[-72,144],[97,-6],[-80,110],[-26,69],[69,30],[-105,123],[-94,79],[-72,31],[-41,-20],[-56,30],[-66,-26],[-55,12],[-68,-11],[-13,33],[22,55],[-45,118],[-78,-13],[-59,8],[-7,41],[-81,-14],[-28,45],[-71,18],[-16,88],[-96,14],[-38,71],[-4,75],[-55,61],[55,130],[50,12],[-49,98],[18,75],[-38,8],[64,75],[50,17],[-13,47],[-75,122],[23,45],[-45,32],[-5,36],[-103,16],[-49,62]],[[26514,35029],[76,43],[94,25],[83,-11],[43,-34],[44,-98],[64,7],[30,68],[62,39],[16,64],[125,-41],[-3,60],[-53,90],[25,35],[-10,53],[-30,-4],[-53,63],[49,21],[37,46],[31,4],[-14,56],[15,91],[54,53],[-26,68],[22,35],[15,121],[38,177],[15,119],[-5,95],[105,61],[14,43],[-17,112],[-41,44],[26,13],[0,84],[82,51],[15,80],[27,34],[117,52],[21,-24],[79,16],[125,76],[59,11],[42,-20],[64,-66],[107,-25],[40,-65],[93,49],[66,91],[42,30],[-38,57],[78,62],[32,87],[66,-12],[35,94],[-29,60],[34,64],[45,7],[18,-36],[50,6],[54,51],[42,88],[-7,85],[-55,111],[-34,139],[-74,81]],[[25397,41154],[64,95],[61,-9],[5,-48],[46,-8],[-46,-89],[46,-6],[91,96],[85,-78],[80,-33],[33,58],[84,35],[45,-33],[48,-2],[47,-45],[79,-25],[81,-4],[22,19],[72,-35],[142,64],[-1,-139],[-29,-21],[-43,-107],[70,-52],[-2,-75],[-39,-9],[11,-75],[20,-3],[20,-89],[158,35],[-24,48],[62,29],[-4,28],[46,31],[18,49],[45,-24],[106,-27],[50,31],[25,-50],[92,-12],[-28,-45],[6,-145],[74,-41],[38,126],[52,32],[41,-11],[115,-189],[18,-75],[56,40],[7,-64],[-62,-66],[-81,-135],[48,-52],[61,-4],[-13,-49],[30,-21],[-36,-44],[58,-72],[46,-134],[23,-26],[-33,-49],[114,26],[58,-94],[33,-16],[-87,-136],[-38,25],[-88,-12],[76,-76],[29,-57],[22,-88],[42,-25],[-9,-62],[-36,-16],[-39,-63],[53,-45],[29,-62],[-69,-107],[-5,-39],[-50,-17],[18,-108],[40,-87],[63,-34],[22,31],[55,-72],[99,-93],[62,101],[80,-32],[42,37],[51,2],[29,33],[89,-45],[5,-87],[75,-60],[22,-54],[49,4],[16,-57],[64,-69],[40,-125],[80,-141],[22,-65]],[[26514,35029],[-37,78],[-49,3],[-62,88],[-26,16],[7,52],[-59,19],[-18,73],[22,29],[-31,32],[-4,125],[-62,31],[-36,76],[42,30],[-27,22],[-95,-10],[14,64],[-22,33],[-57,-40],[-30,63],[-60,43],[-31,70],[-99,107],[17,77],[-19,60],[10,76],[-44,133],[-16,114],[-46,18],[-90,6],[-23,48],[-49,19],[-38,-20],[-69,76],[-10,67],[-226,-7],[27,-70],[-5,-53],[25,-49],[67,-14],[34,-29],[2,-92],[-15,-14],[-149,-8],[-111,30],[-51,-28],[-63,-2],[-37,28],[-153,-76],[-113,-45],[-27,-75],[-87,51],[-60,-9],[-172,87],[-26,-9],[-57,-75],[-105,-33],[-56,42],[-44,116],[29,45],[-42,55],[43,40],[-71,76],[54,9],[39,48],[-35,30],[9,54],[-37,56],[51,40],[-20,82],[16,37],[-18,55],[-31,8],[-133,-72],[-13,77],[-23,6],[34,77],[-98,25],[-54,-47],[-111,-70],[-70,79],[-13,-30],[-60,-1],[-6,69],[118,130],[-73,87],[-6,62],[-76,-47],[-15,-42],[-123,47],[-5,46],[30,57],[-58,-25],[-15,54],[-74,3],[-10,-52],[-65,9],[-26,-23],[-34,35],[22,51],[-13,94],[-57,-22],[-18,77],[-34,57]],[[22923,37719],[43,81],[14,88],[-61,45],[86,150],[7,110],[-27,68],[43,40],[-12,55],[23,62],[38,24],[5,49],[-49,7],[31,38],[66,128],[38,25],[40,83],[-4,39],[91,25],[41,60],[-31,106],[40,3],[148,117],[-68,34],[9,65],[-69,20],[55,34],[36,70],[28,9],[19,55],[-19,186],[42,51],[20,89],[66,127],[45,47],[-4,49],[30,111],[-37,17],[-9,-34],[-55,26],[11,43],[-50,19],[23,24],[42,107],[-11,21],[38,77],[85,32],[-21,44],[19,34],[-17,120]],[[23701,40599],[93,31],[74,-30],[0,-39],[34,-27],[152,-23],[53,2],[72,-66],[6,-36],[101,-28],[70,-42],[68,58],[38,6],[-36,103],[-48,102],[-41,15],[-44,52],[0,31],[82,115],[59,-14],[51,-51],[8,-43],[64,-55],[114,9],[31,59],[-1,68],[70,54],[32,-25],[82,9],[66,53],[134,22],[70,64],[-3,30],[90,-20],[78,33],[48,62],[31,2],[18,70],[-20,4]],[[47505,27679],[8,-78],[26,-20],[97,-177],[93,-76],[3,-42],[-24,-93],[28,-48],[70,-20],[-3,-38],[41,-24],[3,-64],[54,-12],[-16,-26],[41,-120],[77,-78],[-3,-89],[-17,-34],[31,-48],[5,-55],[87,-10],[13,25],[88,20],[63,-39],[49,-67],[51,-31],[56,0],[97,-29],[18,-39],[100,-25],[39,-35],[7,-69],[80,-2],[24,71],[57,92],[-6,17],[-81,-66],[-21,0],[-9,70],[13,89],[40,19],[34,53],[-6,30],[23,122],[-43,60],[168,55],[56,48],[72,-36],[39,-75],[87,-13],[-11,-125],[179,-103],[62,41],[147,-14],[-4,-67],[121,46],[49,-41],[47,-122],[45,-28],[100,-105],[39,-130],[24,-24],[-51,-58],[-44,-5],[25,-29],[83,-19],[-10,-91],[-33,-52],[9,-57],[-89,-52],[-57,-13],[1,-45],[-98,-104],[5,-115],[28,-26],[-1,-65],[-47,-78],[-4,-87],[62,-57],[-17,-57],[84,-55],[13,-25],[5,-125],[-32,-84],[-39,-23],[-5,-69],[61,-24],[51,21],[52,70],[41,-5],[112,-76],[38,-73],[109,55],[73,-65],[-21,-82]],[[43676,26076],[15,111],[-16,88],[-52,81],[-8,56],[76,93],[-16,93],[5,61]],[[43680,26659],[36,11],[47,-21],[25,40],[3,77],[132,72],[67,84],[65,30],[117,146],[19,51],[-37,39],[-107,38],[-41,31],[-76,137],[-32,25],[-107,49],[-22,44],[231,4],[124,-75],[10,93],[64,31],[35,40],[46,-1],[36,30],[118,-3],[37,20],[108,8],[46,20],[119,-63],[18,68],[-55,30],[67,29],[141,-66],[31,55],[-38,46],[0,56],[24,65],[78,39],[-18,44],[123,116],[32,-5],[22,37],[62,33],[-15,81],[63,-5],[53,52],[53,-50],[25,40],[24,-23],[22,82],[-67,31],[-22,71],[-58,45],[-138,10],[-23,66],[7,82],[20,44],[-50,-24],[-74,-1],[-35,112],[-1,61],[133,-50],[51,188]],[[47041,38629],[51,-53],[2,-64],[49,-32],[78,-26],[-17,-30],[64,-17],[22,-106],[29,-3],[92,54],[97,-56],[79,22],[43,52],[35,1],[54,46],[-12,20],[99,-15],[30,-47]],[[49775,33795],[81,-79],[-35,-40],[22,-16],[-44,-59],[-25,20],[-111,-137],[-70,-184],[-107,-101],[8,-78],[44,-40],[7,-42],[-47,-56],[-50,-104]],[[46123,33077],[6,36],[50,27],[0,39],[107,-12],[17,15],[97,-19],[47,72],[62,-30],[87,61],[19,158],[-54,-3],[-72,43],[-51,62],[-49,-2],[-55,25],[15,96],[3,113],[-28,64],[52,33],[-22,70],[30,17],[134,-4],[25,12],[4,62],[32,40],[-60,107],[74,10],[89,89],[17,54],[-123,108],[61,38],[-37,50],[15,34],[-84,40],[-34,38],[55,70],[1,45],[-56,32],[8,60],[-43,91],[-116,-1],[25,139],[29,-9],[75,109],[-21,47],[-72,23],[-67,90],[-62,-11],[-32,31],[-6,95],[-18,31],[68,47],[39,-57],[73,76],[178,50],[17,-33],[157,-16],[76,99],[-35,29],[17,57],[-63,41],[-45,-18],[60,-8],[-25,-31],[-60,54],[-98,29],[-16,97],[-23,13],[18,53],[-58,31],[-89,-41],[-38,-34],[-46,68],[-100,-37],[0,53],[-72,92],[-18,177],[-43,-5],[-68,23],[-61,-80],[-33,-2],[9,65],[-53,42],[40,17],[15,79],[-36,57],[-5,80]],[[21614,14546],[-50,-15],[-22,40],[-61,-31],[-44,10],[-35,-114],[-46,21],[-11,-71],[-105,-30],[-37,-31],[-47,27],[-31,43],[-63,5],[-117,44],[-28,-39],[-23,32],[-80,-71],[-122,-46],[-52,106],[35,18],[-15,-46],[49,28],[2,43],[65,31],[3,57],[-76,62],[-52,-61],[-30,18],[-162,-111],[-29,-64],[-63,-32],[-26,-33],[-114,-64],[-44,100],[-23,-39],[-105,-67],[-1,-23],[-84,2],[-2,38],[-79,63],[-42,-9],[-67,50],[77,93],[-132,-53],[-26,-42],[-75,-18],[-61,17],[-8,-121],[-35,-5],[-50,30],[-24,68],[-117,101],[-34,53],[-52,-11],[-8,-88],[-54,-2],[-44,-49],[-63,33],[-47,-10],[-60,-41],[-1,-66],[-59,-10],[-94,26],[-67,32],[-56,-2],[-76,-50],[-18,-69],[-60,42],[-27,-40],[-53,7],[-133,52],[-55,-21],[49,-31],[4,-96],[-15,-95],[-122,15],[-16,-30],[-34,54],[-57,-8],[-9,36],[-100,-38],[-16,65],[-40,24],[-27,-71],[-86,20],[-47,-83],[-96,-26],[4,-46],[-39,-16],[-11,49],[-30,8],[-42,-37],[-24,90],[31,22],[55,-6],[22,24],[51,-12],[26,43],[-36,51],[-79,44],[-16,53],[-50,45],[-109,3],[-96,-100],[-86,-61],[-131,-72],[-99,-74],[-157,41],[-191,-66],[-83,13],[-137,0],[-59,115],[-28,-10],[-99,38],[-23,-16],[14,105],[-44,7],[-28,38],[-70,-72],[-33,-10],[-103,18]],[[15956,14188],[79,163],[66,113],[141,310],[52,143],[8,90],[20,64],[7,155],[33,206],[62,341],[78,375],[43,172],[89,440],[49,292],[49,229],[13,107],[133,687],[53,371],[117,857],[69,612],[15,103],[20,243]],[[22065,18699],[49,-144],[-8,-96],[10,-239],[68,-7],[37,25],[97,-4],[104,-24],[256,-11],[134,-78],[26,-42],[444,-42],[-19,-16],[26,-77],[-58,-28],[-47,-74],[-52,-44],[16,-58],[-27,4],[-19,-86],[-50,-13],[19,-75],[-36,-46],[12,-30],[-42,-97],[-55,-4],[12,-155],[59,-114]],[[29394,43020],[35,-6],[55,53],[27,-25],[26,40],[23,-37],[32,23],[8,-100],[-27,-41],[-51,-6],[-11,-71],[42,-5],[-92,-35],[-44,-53],[-13,-62],[150,-83],[111,-113],[-28,-23],[35,-33],[-17,-27],[50,-66],[-146,-203],[-54,-54],[-28,19],[-23,-41],[3,-54],[-38,-47],[35,2],[102,-79],[61,-76],[-40,-38],[43,-24],[-103,-111],[192,-163],[40,-22],[-78,-96],[114,49],[58,64],[22,111],[214,-145],[98,-2],[71,-32],[-3,-73],[67,-146],[-38,-24],[43,-56],[49,-127],[-1,-39],[39,-38],[146,-22],[-16,-53],[71,-52],[38,19],[2,56],[29,36],[50,-7],[105,32],[-20,82],[19,29],[-5,78],[65,38],[32,-28],[-22,-61],[23,-25],[79,10],[15,18],[65,-46],[88,41],[68,8],[29,-82],[-11,-41],[68,10],[32,-30],[25,40],[73,17],[43,-14],[27,47],[-20,23],[52,26],[71,-24],[69,19],[112,-24],[17,48],[74,-24],[91,-9],[-7,-35],[97,49],[51,-9],[39,-45],[125,13],[42,25],[87,1],[-3,-99],[64,44],[93,-175],[-8,-129]],[[25397,41154],[-45,-55],[-38,17],[-11,99],[-56,57],[61,69],[66,15],[7,43],[43,45],[3,61],[133,45],[113,92],[64,-37],[49,20],[-11,49],[-47,36],[52,65],[49,-19],[88,133],[60,129],[78,42],[22,-19],[28,53],[-4,71],[-65,58],[25,47],[-33,160],[17,56],[43,17],[21,40],[63,23],[23,-80],[75,-73],[24,28],[-10,71],[-34,26],[37,33],[-33,23],[14,80],[31,39],[86,18],[46,32],[-48,169],[-43,23],[-41,110],[60,47],[3,81],[40,66],[-17,97],[-51,-29],[-86,18],[-5,38],[-37,-7],[-16,73],[18,49],[-18,88],[39,12],[141,-9],[36,16],[7,98],[-130,38],[-3,33],[81,-2],[37,30]],[[39896,31970],[34,-60],[10,-122],[-21,-64],[-26,18],[-4,-100],[-35,-69],[104,-49],[21,-27],[67,23],[172,-24],[1,-103],[76,-114],[125,21],[40,-19],[107,76],[32,44],[42,-10],[28,24],[88,17],[40,37],[131,-137],[136,-28],[107,14],[-23,79],[109,48],[74,-109],[53,25],[25,45],[55,-5],[38,-82],[-58,-69],[-2,-42],[138,-15],[27,28],[22,80],[65,13],[37,-25],[52,91],[42,-24],[40,44],[78,-38],[46,32],[-49,85],[47,30],[21,48],[49,8],[-5,42]],[[42052,31607],[84,5],[65,-78],[3,-39],[-116,-45],[5,-51],[63,-47],[42,-10],[77,-71],[-38,-87],[-35,-26],[-21,-94],[-46,18],[-118,73],[-44,-17],[-38,-58],[-84,-26],[-41,10],[-52,-44],[-8,-80],[-45,-42],[-19,-66],[31,-40],[-5,-88],[-43,-12],[12,-57],[-81,-105],[-81,-12],[-42,18],[-33,-28],[52,-95],[24,0],[39,-80],[50,-37],[80,27],[5,-60],[24,-43],[-29,-31],[-26,-77],[-49,62],[-17,-30],[-43,5],[-18,-43],[-37,90],[-21,-46],[-62,7],[18,-59],[44,-36],[75,-9],[102,-92],[13,-52],[-26,-21],[24,-47],[49,-41],[40,14],[68,-73],[41,-21],[-48,-77],[45,-7],[-44,-49],[-51,-25],[14,-47],[51,-51],[18,-76],[93,-83],[24,23],[37,-31],[64,13],[21,-33],[-21,-63],[-40,-42],[36,-41],[-59,-82],[33,-34],[-31,-12],[37,-38],[8,-57],[-28,27],[-35,-14],[20,-78],[-9,-70],[-109,-52],[-15,-30],[83,-135],[108,41],[51,-72],[-49,-31],[-18,-87],[-61,-85],[-4,-64],[-33,-27],[35,-50],[-40,-41],[18,-75],[40,-48],[66,-19],[30,-38],[-27,-18],[75,-138],[138,-61],[33,-41],[3,-71],[37,-7],[78,-70],[-31,-22],[7,-36],[46,23],[40,-27],[67,12],[0,-62],[25,8],[69,-30],[86,48],[32,-14],[69,32],[58,-42],[24,-39],[67,-3],[56,33],[56,-60],[40,-132],[35,-35],[58,10],[-3,43],[-48,42],[15,63],[66,-4],[4,33],[66,-10],[31,-62],[-29,-55],[-62,-30],[-24,-60],[-41,-21],[-15,-73],[25,-140],[-17,-17],[21,-71],[68,-17],[-20,-35],[21,-30],[24,55],[88,-34],[58,36],[-7,25],[62,54],[78,-48],[21,-51],[11,-98],[45,-54]],[[42471,25239],[-51,24],[-4,36],[-78,75],[-25,3],[-56,112],[-71,3],[-80,-60],[-57,-25],[-1,-47],[-42,37],[-71,27],[-6,42],[-44,14],[-3,43],[38,7],[13,71],[44,57],[-86,33],[-88,80],[150,130],[-15,49],[-61,92],[-58,49],[-117,18],[2,-48],[-27,-16],[-10,43],[-34,-8],[16,-45],[-68,10],[-44,-16],[-1,105],[-22,-18],[-63,11],[-9,56],[-103,49],[-46,-35],[-51,11],[-11,-29],[-107,72],[-142,-54],[55,-75],[-19,-52],[-73,28],[-79,3],[-48,-51],[3,-39],[-37,22],[-90,-8],[-23,-37],[14,-46],[-34,-58],[-31,7],[-45,103],[-46,18],[-51,-50],[-49,0],[25,-49],[-29,-84],[-50,101],[-25,83],[-49,0],[9,33],[-34,26],[1,44],[-49,28],[-75,-34],[-41,36],[-51,-27],[-20,-95],[-42,11],[-40,-52],[38,-16],[-23,-62],[-54,-33],[-34,149]],[[39886,26021],[-29,84],[20,72],[-27,86],[45,71],[-1,31],[46,10],[-6,38],[50,45],[51,8],[139,60],[-11,52],[62,39],[-24,18],[21,51],[-32,63],[14,48],[60,33],[7,85],[-83,33],[-56,168],[6,29],[-39,93],[39,70],[-45,46],[-41,100],[-81,62],[-61,73],[-93,27],[-17,32],[-75,46],[-9,60],[-85,9],[-71,40],[-24,92],[-72,87],[-30,86],[-79,114],[-5,62],[30,40],[-26,86],[18,29],[-56,25],[-42,117],[-56,-26],[-81,88],[50,71],[-32,49],[-92,57],[-44,-12],[-41,59],[15,29],[73,30],[45,91],[-20,36],[33,33],[1,124],[-26,50],[41,27],[-2,50],[-27,-19],[-24,72],[69,-9],[31,16],[28,77],[40,12],[-65,150],[-42,19],[-23,55],[-136,65]],[[39732,22050],[-119,27],[-25,43],[33,34],[23,75],[-40,32],[-69,-30],[-25,-38],[-39,29],[0,72],[-103,91],[-38,10],[0,39],[-32,-18],[-24,39],[19,22],[-58,92],[-32,96],[-34,6],[-1,-44],[-76,-10],[-26,28],[-60,4],[-11,-35],[-128,-14],[-40,47],[54,31],[12,103],[-25,5],[-30,87],[-28,32],[-74,11],[-29,21],[-68,-43],[-29,33],[-64,-18],[22,-94],[-37,-100],[18,-36],[-34,-19],[10,-76],[-45,-6],[-19,59],[-63,-11],[6,-52],[-82,23],[-165,-29],[-82,-113],[-39,21],[-41,90],[-57,36],[13,70],[-75,92],[-27,169],[-79,133],[6,49],[-39,61],[15,13],[6,141],[-48,100],[-31,10],[-36,-47],[-78,58],[21,28],[-18,71],[-48,-27]],[[36382,26003],[121,-19],[39,24],[31,-32],[97,17],[56,77],[58,-14],[-10,28],[43,27],[42,-25],[32,15],[13,80],[37,47],[47,29],[59,-32],[79,27],[80,51],[36,127],[56,-12],[40,-34],[33,-106],[29,9],[0,62],[38,52],[-8,36],[67,8],[24,-48],[52,-44],[22,-50],[61,18],[45,-23],[17,22],[55,-18],[82,0],[55,17],[62,-8],[-12,29],[70,57],[13,38],[87,42],[25,-95],[70,-68],[146,-33],[9,-37],[64,68],[28,-91],[49,-83],[-15,-46],[25,-71],[59,-44],[18,-43],[48,-39],[32,4],[84,82],[0,54],[83,15],[29,143],[43,3],[47,-27],[-1,-43],[66,8],[1,-38],[-38,-21],[13,-39],[133,13],[14,-36],[48,-20],[52,7],[88,-34],[16,40],[46,-6],[3,66],[-22,34],[25,100],[48,45],[83,-46],[6,-31],[60,20],[7,-111],[59,16],[14,-54],[106,-33],[62,-5],[23,20]],[[11836,39561],[22,90],[69,25],[36,64],[48,-21],[7,-74],[76,-33],[71,39],[69,14],[59,-60],[73,31],[52,-6],[65,42],[-6,133],[40,37],[31,109],[-5,46],[77,-38],[24,19],[90,-7],[-3,-33],[-44,-30],[94,-53],[69,36],[58,60],[137,25],[3,-68],[-39,-10],[50,-61],[73,-11],[47,47],[5,95],[-14,71],[104,30],[3,30],[76,-18],[71,36],[8,41],[-29,32],[29,163],[-31,123],[3,32],[66,50],[20,58],[-6,66],[-53,65]],[[17187,41689],[-8,-68],[20,-50],[38,-24],[-27,-24],[-4,-54],[-62,-2],[1,-72],[30,5],[50,-56],[125,-33],[61,20],[4,-88],[56,-29],[-35,-28],[60,-21],[-11,-45],[23,-46],[-37,-47],[3,-63],[89,-21],[21,-110],[-12,-43],[90,-120],[166,8],[39,-59],[147,-66],[96,7],[12,-19],[105,-41],[15,-29],[-69,-79],[-97,-58],[12,-34],[-61,19],[23,-117],[47,11],[8,-76],[-36,-154],[7,-51],[91,-34],[49,-68],[144,2],[65,12],[28,-69],[-40,-73],[69,-119],[0,-114],[18,-73],[-54,1],[18,-78],[27,-25],[21,-129],[-129,-101],[-138,-17],[-40,-24],[-131,3],[-55,24],[-82,10],[-142,-32],[-27,11],[-231,-8],[-58,-35],[-35,-55],[-90,-22],[-91,6],[-143,-59],[-135,-7],[-82,-49],[-40,-68],[-73,-17],[-81,-96],[44,-21],[95,16],[106,-2],[104,-81],[-19,-105],[50,-95],[30,-5],[33,-73],[113,-52],[68,39],[24,49],[58,-8],[-3,-23],[62,-50],[-3,-53],[-30,-81],[61,-37],[-26,-45],[30,-56],[-21,-35],[36,-44],[37,6],[1,-64],[-66,-96],[-128,-82],[-12,-45],[-47,16],[-83,-77],[28,-15],[-4,-53],[34,-28],[-23,-59],[-87,-74],[23,-26],[53,33],[60,0],[107,-29],[111,-12],[63,-134],[110,-53],[68,-18],[-30,-37],[20,-101],[-139,-69]],[[17617,36850],[-68,16],[-126,48],[-36,4],[-105,116],[-29,46],[-73,14],[-19,43],[-39,13],[-34,58],[-53,-59],[-32,4],[-16,-72],[16,-53],[-45,-36],[14,-77],[-19,-32],[-94,-1],[-112,73],[-6,-51],[-84,25],[-9,-45],[-38,-10],[1,-39],[42,-50],[8,-82],[-21,-72],[-36,-25],[19,-34],[65,-35],[4,-64],[-49,-48],[24,-28],[-42,-48],[-83,-34],[-93,-10],[-199,-126],[-59,61],[20,60],[40,49],[-14,66],[-48,35],[-22,86],[14,45],[60,32],[-39,59],[-30,178],[-40,68],[-34,13],[-54,-20],[-55,-81],[-39,-24],[-41,10],[-21,-44],[-53,6],[-15,-25],[57,-73],[-57,-147],[57,-98],[-7,-52],[108,-107],[-4,-71],[-37,-46],[-67,1],[65,-71],[-7,-24],[76,-47],[9,-36],[43,-16],[2,-77],[-54,-7],[-57,-47],[-55,21],[-42,-25],[15,-54],[-136,2],[-104,46],[-119,21],[-23,26],[-116,0],[-41,-17],[-63,51],[-29,45],[-152,-43],[-35,25],[-35,113],[16,30],[-47,43],[17,31],[-38,58],[-85,-28],[-54,-3],[-19,26],[-55,-14],[-146,31],[24,38],[-9,97],[-162,10],[-5,-17],[-104,32],[-39,30],[-34,61],[-48,36],[3,101],[-104,8],[-45,51],[-82,171],[-51,8]],[[13945,36846],[-14,4],[-68,169],[-25,38],[-123,78],[-70,83],[-16,49],[-98,47],[-79,16],[-83,41],[-114,4],[-91,16],[-32,35],[-65,24],[-183,24],[-26,33],[-93,20],[84,70],[12,48],[115,42],[88,-18],[58,66],[39,199],[-6,92],[-95,139],[46,47],[3,186],[-77,78],[-76,-61],[-88,-44],[11,-37],[-32,-20],[-77,3],[-58,-43],[-33,-71],[-96,-6],[-40,-28],[-53,51],[-111,72],[-30,62],[-72,74],[-105,46],[-71,8],[-97,-33],[-22,-35],[39,-80],[-67,-2],[-96,34],[-34,42],[-47,-3],[-98,38],[-131,76],[-95,18],[1,52],[78,23],[59,-21],[-3,34],[42,65],[10,98],[-25,101],[-56,93],[-53,47],[-78,18],[-36,38],[53,49],[43,0],[65,65],[102,79],[36,2],[13,42],[88,41],[26,-42],[25,22],[53,-19],[58,27],[-39,35],[-75,35],[41,96],[-45,44]],[[35645,44192],[74,11],[46,-78],[79,-21],[41,18],[34,-82],[60,30],[43,-61],[33,-11],[-59,-114],[85,2],[34,-147],[27,2],[6,-138],[46,-53],[85,-25],[36,-41],[28,-88],[131,-60],[-107,-57],[18,-57],[50,-4],[40,-45],[-15,-65],[10,-79],[23,-2],[0,-81],[-85,-57],[-18,-98],[-30,12],[-64,-40],[-24,-73],[-61,-5],[-61,-42],[-1,-87],[-56,-26],[-9,32],[-53,-42],[-63,2],[33,-42],[-43,-24],[-2,-74],[25,-63],[-62,-36],[56,-41],[54,-8],[37,-69],[-9,-98],[-76,-5],[6,-77],[36,-31],[27,-102],[-20,-101],[-156,-2],[-42,-37],[-106,-31],[-22,-63],[-54,4],[-30,-27],[-72,46],[-105,-27],[-90,-2],[-81,-46],[31,-53],[-44,-212],[52,-45],[80,68],[26,-42],[-25,-66],[89,-48],[121,-94],[-38,-78],[46,-76],[58,-3],[56,-77],[-79,-58],[-18,-63],[57,-120],[-40,-59],[64,-68],[28,4],[33,-51],[4,-52],[49,-27]],[[35822,40346],[-58,-36],[-21,-42],[-196,56],[-21,-44],[-85,-43],[-72,2],[-3,-50],[-46,8],[-11,49],[-67,-58],[17,-48],[113,-111]],[[31486,44990],[115,-3],[22,20],[71,-31],[51,72],[127,-12],[109,90],[33,-2],[-14,-67],[113,15],[122,-5],[-35,39],[-18,61],[128,-14],[6,81],[26,53],[85,61],[38,-49],[36,14],[42,-37],[56,-5],[-36,-88],[50,0],[-19,-116],[34,13],[62,92],[72,-13],[55,-30],[75,147],[49,11],[49,-33],[32,-68],[50,-16],[21,-38],[52,1],[133,46],[11,32]],[[33289,45211],[8,-37],[64,-87],[19,-91],[-24,-56],[25,-120],[128,-67],[74,34],[43,-37],[-11,-33],[34,-35],[97,-3],[3,-81],[29,-11],[3,-64],[31,-51],[9,-76],[-70,-98],[36,-32],[5,-55],[-45,-64],[-102,53],[-69,-106],[-33,-73],[-70,-35],[-7,-40],[52,-19],[46,43],[112,-16],[138,5],[71,84],[145,3],[19,-62],[123,2],[163,48],[23,-10],[88,-109],[36,27],[135,-3],[49,35],[26,47],[153,57],[-7,49],[-55,43],[-21,41],[72,-25],[64,16],[20,-21],[33,38],[57,-19],[81,10],[-7,-47],[-45,-42],[-8,-69],[19,-66],[87,-12],[15,28],[53,1],[100,86],[35,56],[307,47]],[[30992,19435],[-139,-50],[-15,35],[-61,-14],[-30,-78],[-70,32],[-21,53],[-62,-21],[-13,-70],[-64,-69],[-67,77],[-97,20],[-3,-58],[-36,0],[-79,-42],[-49,15],[-122,-99],[-11,-55],[-26,22],[-17,-66],[-38,87],[-75,14],[-9,-32],[88,-47],[-16,-61],[-63,-56],[-79,61],[-10,52],[13,75],[-71,-12],[-25,50],[-34,-30],[-45,18],[-35,-18],[40,-97],[-77,-28],[11,-31],[61,-29],[45,-138],[-53,-46],[7,-43],[-95,-9],[-54,-30],[-61,37],[-32,45],[-23,79],[42,40],[-51,36],[-24,52],[-54,-19],[-63,18],[18,26],[-66,59],[-33,-115],[-40,-4],[-20,-36],[12,-57],[-64,-15],[0,-28],[-46,-33],[-69,-20],[-163,-110],[-76,-92],[-6,-30],[-67,96],[6,39],[-63,41],[1,-32],[-40,14],[-78,-1],[-91,57],[17,31],[-8,73],[91,62],[-4,47],[-47,22],[37,49],[6,90],[-88,-23],[-54,-62],[-72,22],[-34,-119],[-36,64],[-81,29],[-28,-79],[-42,90],[-33,-12],[-86,75],[15,74],[-9,47],[-49,-50],[-22,46],[-74,-7],[-45,54],[-60,-10],[-64,76],[35,65],[-50,56],[-70,12],[-33,42],[47,38],[-14,70],[85,-37],[-2,31],[88,18],[25,-11],[8,50],[-13,96],[-78,-16],[-47,6],[-83,-68],[-91,-21]],[[27382,19684],[-17,81],[-39,7],[44,63],[-3,117],[-30,78],[-38,15],[-76,-2],[19,48],[-50,26],[1,69],[20,71],[-12,55],[-62,29],[38,77],[-27,24],[21,67],[-41,46],[-32,90],[-53,40],[7,36],[-31,44],[56,28],[67,-26],[12,-62],[74,102],[69,67],[108,25],[24,72]],[[27382,19684],[-19,-13],[4,-71],[-50,-21],[-198,21],[-34,23],[-86,-84],[-10,35],[-70,-18],[-34,18],[-51,-71],[-15,128],[-43,31],[-31,60],[-103,-17],[-6,-48],[-34,-52],[23,-42],[-7,-41],[23,-47],[-31,-91],[-70,-56],[-7,-72],[50,-28],[29,-55],[69,-3],[49,20],[42,-102],[64,-28],[9,-48],[37,2],[-46,-76],[-56,27],[26,-69],[-4,-55],[-27,-1],[-33,-64],[45,-52],[-39,-91],[-67,-122],[3,-47],[-82,1],[-49,18],[-73,-2],[-30,-57],[3,-59],[50,-8],[27,-37],[53,49],[32,-34],[-24,-61],[23,-48],[-7,-42],[24,-58],[-50,27],[-20,-36],[13,-42],[-103,-16],[-171,105],[-134,4],[40,-91],[-21,-75],[22,-54],[-98,35],[-98,-72],[-20,-45],[-3,-71],[-44,-74],[16,-66]],[[17221,41904],[108,-46],[34,-50],[40,0],[17,-61],[96,-18],[2,-24],[150,-26],[-12,44],[65,15],[139,-16],[56,-47],[86,-13],[62,6],[76,-19],[20,43],[53,-68],[148,-34],[20,28],[105,6],[-17,80],[-52,2],[-16,45],[50,64],[33,2],[76,-71],[14,51],[55,-64],[46,-13],[60,-46],[9,-71],[52,0],[186,-73],[-3,104],[105,19],[21,-45],[43,8],[61,-46],[19,-53],[80,29],[48,-38],[-6,-30],[62,-39],[63,33],[52,-16],[24,25],[114,-39],[70,17],[28,-37],[120,0],[30,17],[77,-16],[47,48],[68,99],[44,-35],[64,29],[38,-25],[83,-19],[59,87],[7,39],[-22,78],[17,33],[48,-9],[88,-52],[15,14],[63,-69],[27,-5],[48,-77],[57,48],[54,23],[81,-16],[-26,97],[105,-70],[25,3],[21,-60]],[[21001,41584],[31,-6],[-26,-61],[35,-41],[-10,-32],[50,-14],[29,-41],[-39,-93],[59,-13],[84,50],[122,-33],[88,18],[26,-29],[52,-2],[47,-48],[101,-26],[5,25],[138,117],[26,-1],[62,-79],[-8,-42],[-94,-89],[-44,21],[-21,-40],[21,-55],[40,-39],[-9,-24],[59,-65],[-7,-81],[67,-23],[100,10],[48,-71],[59,-22],[40,32],[62,-14],[-13,83],[55,89],[32,2],[10,-72],[62,20],[17,36],[87,-73],[133,-11],[20,-62],[69,68],[65,-83],[-2,-71],[54,-29],[69,-11],[27,-49],[93,-37],[23,25],[113,-32],[88,15],[34,-73],[27,20],[46,-41],[-1,-45],[53,-17],[45,81],[39,-8],[55,26],[12,127],[70,-15],[34,-60],[8,48],[57,0],[26,-25]],[[22923,37719],[-20,34],[-56,-56],[-77,100],[-138,-128],[-105,-200],[-15,-111],[56,-13],[-40,-127],[-26,47],[-122,1],[8,37],[-81,10],[-42,-41],[-27,-59],[6,-45],[-22,-48],[13,-41]],[[22235,37079],[-118,-69],[-37,15],[3,47],[-59,43],[-71,-38],[-57,36],[86,103],[61,35],[19,80],[-48,-19],[-146,49],[-8,-47],[-89,-38],[-170,66],[-75,-41],[-20,17],[-63,-15],[-5,25],[-80,-29],[-59,-48],[-120,-26],[2,30],[-55,21],[-144,-51],[-4,32],[-40,-5],[-21,-135],[-38,-29],[-38,37],[-47,5],[-54,-32],[-103,-1],[-71,-91],[-23,75],[35,44],[59,16],[23,37],[-41,24],[-86,-18],[-29,13],[-178,-70],[-111,-68],[18,-124],[60,-48],[-15,-39],[-74,10],[-14,-73],[-41,-10],[-65,-87],[-129,-78],[-38,29],[-153,6],[-63,26],[-17,-92],[-81,45],[-77,-69],[-33,53],[-88,56],[2,-57],[-84,1],[-33,70],[-80,14],[-57,-69],[-122,-16],[-36,-40],[-35,23],[-17,-46],[-39,-22],[34,-33],[-51,-33],[-11,24],[-127,22]],[[18749,36502],[-7,56],[-46,67],[-38,-16],[-55,49],[-18,53],[-72,-58],[-36,18],[-21,-45],[-64,92],[-15,59],[-25,-50],[-90,70],[-55,-108],[-176,-2],[-53,56],[-33,-30],[-80,48],[-84,1],[-30,30],[-110,27],[-24,31]],[[18974,48005],[-49,-42],[5,-87],[80,-30],[11,33],[56,-10],[44,-37],[14,-75],[63,-63],[81,-35],[72,-56],[85,-23],[0,-46],[-93,-42],[-11,-56],[-59,-44],[14,-81],[35,-91],[88,-24],[4,-41],[-49,8],[3,-135],[-79,-73],[-22,-79],[2,-98],[-71,-71],[-69,-6],[-67,-94],[-114,-95],[-59,-130]],[[18889,46382],[-42,-22],[-51,7],[-65,-28],[-118,55],[-2,65],[-105,7],[-37,18],[-39,-42],[9,-43],[-41,-22],[-21,-48],[-59,3],[-63,-30],[-60,20],[-25,42],[-71,47],[-61,21],[-32,37],[-43,-42]],[[15752,47191],[122,31],[109,-26],[14,-58],[89,14],[74,-14],[107,48],[10,-18],[117,97],[95,36],[69,3],[91,-21],[46,-34],[-28,73],[-62,28],[-68,-3],[-34,54],[48,71],[44,107],[-93,-80],[-138,-49],[-31,-71],[-28,-5],[-16,99],[-61,25],[-22,32],[-78,49],[-49,-18],[-49,49],[-42,154],[-52,98],[-136,35],[-40,43],[-24,73],[19,100],[8,240],[-26,102],[-54,63],[-67,33],[65,65],[48,128],[33,239],[27,148],[26,40],[-17,-93],[5,-52],[34,-71],[14,170],[15,76],[-74,27],[0,263],[13,98],[33,-33],[4,75],[-29,48],[2,103],[75,49],[133,-83],[14,21],[-55,48],[-104,60],[-20,-26],[-58,-3],[-41,-33],[-33,-76],[3,-127],[-43,49],[-34,95],[-37,184],[21,142],[-43,35],[-15,95],[7,82],[39,83],[24,87],[60,-2],[-23,51],[-28,-23],[-18,70],[-9,149],[-38,174],[2,84],[-29,47],[64,3],[106,37],[-50,70],[-100,-11],[-26,10],[-45,-56],[-2,-97],[-64,69],[-63,134],[-48,158],[-52,81],[49,23],[41,-19],[-38,51],[-24,-15],[-76,40],[-103,223],[43,-8],[70,36],[-62,31],[-36,-38],[-75,-6],[-69,103],[-108,131],[-54,48],[-44,23],[52,2],[81,-43],[-8,33],[-50,12],[-7,32],[-56,-16],[-19,-19],[-4,-35],[-87,18],[-47,119],[-17,71],[5,172],[-18,162],[-81,153],[-6,143],[-33,78],[-78,15],[-67,86],[6,98],[121,64],[20,63],[29,17],[25,70],[-5,189],[-34,187],[-45,114],[-69,55],[-51,4],[-24,31],[-60,19],[-50,-8],[-50,41],[-79,16],[47,86],[0,38],[-47,69],[21,141],[71,6],[88,-32],[48,-42],[29,-61],[57,3],[76,64],[37,3],[49,-37],[72,-136],[143,-21],[77,-45],[166,-17],[61,17],[55,-46],[56,-22],[39,28],[67,-106],[90,-7],[100,20],[-6,-49],[32,-49],[30,29],[61,-16],[-13,78],[26,14],[58,-63],[81,39],[54,-19],[151,17],[154,77],[9,60],[54,56],[-24,22],[22,46],[97,-35],[54,40],[87,36],[15,-13],[96,32],[102,7],[123,-42],[46,12],[145,-59],[45,-8],[104,20],[-27,-104],[68,-54],[21,-60],[54,-45],[-15,-43],[67,-163],[-6,-112],[-110,45],[-53,-131],[22,-37],[-30,-27],[-75,30],[-49,-26],[-36,-63],[-24,-159],[15,-64],[75,-136],[89,-117],[73,-125],[130,-161],[180,-205],[66,-109],[26,-100],[-21,-56],[-50,-25],[1,-93],[60,11],[111,-53],[12,-29],[72,10]],[[14647,48757],[-41,-1],[-35,63],[72,-38],[4,-24]],[[44536,51144],[87,-6],[32,-111],[68,-58],[-82,-74],[-31,4],[-73,-40],[-50,-51],[46,-56],[67,-151],[26,-106],[81,-121],[30,-74],[0,-119],[41,-184],[-10,-42],[-168,-206],[122,44],[64,43],[34,-5],[94,-67],[10,-85],[-33,-30],[14,-81],[-73,15],[-74,-36],[-33,-40],[48,-3],[13,-31],[87,1],[53,-33],[-32,-62],[-5,-66],[-74,-56],[-14,-59],[-47,12],[-57,-40],[-124,-40],[-23,32],[-61,-33],[-30,-85],[-65,-46],[-28,-48],[54,-44],[-24,-91],[-34,-55],[60,-31],[-17,-22],[40,-30],[-10,-38],[41,-13],[-6,-48],[-94,-36],[-114,-118],[35,-52],[-32,-69],[101,-23],[37,-26],[54,5],[9,-53],[67,-93],[65,-66],[58,-35],[14,-49],[39,-25],[84,-3],[2,-77],[-16,-76],[24,1],[1,-72],[-64,18],[41,-68],[-80,-95]],[[44701,47566],[-53,32],[-95,-31],[-15,27],[-56,-90],[-121,90],[-73,-68],[-56,-9],[-63,-62],[-79,3],[-3,26],[-125,21],[-4,32],[-96,-15],[-12,-53],[-51,8],[-53,-121],[48,11],[128,2],[133,-28],[51,-96],[-23,-45],[13,-80],[-52,-27],[-43,7],[-99,-84],[-47,-27],[-52,27],[-25,-36],[-67,-1],[23,-33],[10,-106],[20,-41],[78,28],[12,-14],[-60,-90],[53,-93],[19,-65],[-35,-9],[-46,30],[-69,2],[-208,56],[-56,-28],[-106,-17],[-28,17],[-21,-37]],[[38378,47151],[-35,42],[-70,42],[-56,1],[-8,24],[51,57],[-50,-16],[-123,22],[-60,-57],[-110,-22],[41,119],[-88,69],[9,57],[89,84],[39,1],[4,79],[23,1],[-59,61],[16,62],[-5,77],[13,58],[-113,-8],[-35,46],[2,62],[-48,8],[-74,-14],[-58,45],[57,159],[67,2],[15,-28],[73,75],[-26,84],[-66,-23],[-84,55],[55,55],[110,-40],[84,23],[44,37],[46,-56],[28,19],[-10,64],[28,62],[-27,112]],[[44701,47566],[63,-11],[28,-27],[9,-69],[-71,-45],[-1,-95],[51,-83],[-51,-75],[20,-45],[66,-30],[83,21],[25,55],[59,73],[20,-6],[13,-129],[19,-11],[31,-97],[84,-18],[131,18],[-7,-70],[125,-160],[83,33],[35,-58],[105,-63],[-8,-58],[59,6],[17,-63],[43,-15],[24,35],[52,-41],[105,-36],[36,-42],[66,12],[45,-45],[41,48],[50,-49],[47,7],[-1,-30],[78,-92],[9,-43],[48,-41],[43,-4],[60,-38],[73,18],[36,-55],[-12,-73],[26,-61],[107,-82],[23,21],[29,-66],[110,-27]],[[46827,45860],[-48,-30],[-56,-6],[-80,-89],[-92,-63],[-60,-1],[59,-58],[95,-2],[62,-20],[-30,-19],[-82,-124],[23,-37],[-20,-76],[38,-56],[90,49],[64,87],[33,-20],[52,47],[74,-6],[48,-36],[79,-20],[-18,-38],[71,-152],[23,-13],[208,-256],[92,103],[186,-151],[-12,-77],[-45,-92],[155,-85],[52,32],[134,-128],[52,-104],[4,-56],[-128,5],[-65,-66],[-33,-7],[32,-82],[-44,-139],[1,-54],[-65,-52],[-22,-46],[65,-79],[-83,-15],[-70,-61],[5,-58],[-43,-28],[67,-32],[11,-44],[55,-25],[-28,75],[21,38],[70,-49],[33,14],[34,-35],[37,12],[8,-68],[45,-9],[55,-82],[-4,-55],[86,38],[108,-99],[0,-32],[59,10],[-6,-58],[40,-62],[10,-74],[31,-22],[-7,-71],[-65,-59],[44,-154],[30,-29],[62,-7],[37,60],[61,-1],[38,47],[2,43],[57,-12],[-18,-31],[36,-129],[49,-1],[71,-122]],[[48657,42656],[27,-99],[-16,-47],[-76,-19],[-82,35],[-65,-134],[-71,-105],[21,-68],[-41,-63],[-88,-14],[12,58],[-166,24],[-23,-39],[-52,-29],[13,-113],[-13,-60],[-35,-29],[-181,32],[-61,-88],[-1,-76],[-21,-118],[15,-59],[111,-6],[18,-35],[-13,-78],[15,-41],[-72,-50],[-20,-46],[29,-29],[-36,-23],[-13,-68],[41,-46],[7,-64],[-18,-67],[-43,11],[-26,-28],[-34,22],[-87,-65],[-78,11],[-59,-23],[-69,12],[-20,-23],[-17,66],[-36,56],[2,62],[-79,45],[-40,-65],[-77,-84],[-49,-73],[-78,5],[-129,71],[-55,-62],[-101,-27],[-60,3],[-60,41],[-61,-27],[-28,-162],[25,-10],[-88,-76],[-58,-109],[6,-89]],[[18889,46382],[64,-27],[62,-120],[75,-44],[-17,-19],[26,-92],[60,26],[11,48],[83,-6],[-9,-125],[87,-64],[55,17],[54,45],[90,21],[1,35],[-44,6],[-56,60],[28,53],[71,-24],[63,38],[-6,-50],[90,24],[-16,40],[39,45],[62,-1],[0,-50],[39,-108],[-9,-75],[20,-26],[64,54],[93,43],[89,89],[109,-20],[26,50],[23,-33],[41,13],[2,36],[43,26],[43,74],[62,19],[29,70],[94,-47],[45,-1],[49,75],[88,15],[57,-10],[111,-54],[79,20],[-9,-49],[117,-48],[-6,-37],[66,-27],[-10,58],[20,50],[56,0],[10,58],[69,88],[118,-51],[38,14],[-2,-68],[61,4],[15,61],[-28,6],[59,59],[45,-1],[43,65],[-23,38],[-71,39],[71,63],[17,62],[36,-36],[76,-28],[40,39],[63,-60],[17,-38],[90,-77],[111,-60],[-4,-47],[-42,0],[-78,-65],[20,-44],[53,-51],[5,-59],[34,-89],[-15,-51],[31,-67],[105,-40],[61,-8],[145,21],[2,41],[94,-26],[4,-60],[-30,-98],[21,-98],[-24,-168],[15,-35]],[[22445,45608],[-47,-39],[-25,20],[-31,-65],[-56,40],[-95,-6],[-17,-34],[-92,-30],[-7,-48],[29,-90],[42,-31],[-113,38],[-41,-21],[-3,-126],[17,-43],[53,-37],[18,-103],[-52,-51],[7,-33],[-47,-113],[-38,5],[20,-61],[8,-99],[71,-96],[-36,-60],[28,-63],[-78,-34],[-172,-153],[-82,-24],[-135,-97],[19,-33],[46,4],[2,-36],[-50,-17],[-9,-68],[41,22],[-23,-65],[105,-32],[-3,-34],[36,-61],[-30,-35],[-64,-31],[13,-43],[-21,-39],[69,-63],[-36,-107],[-35,20],[-97,5],[-46,16],[-57,-34],[24,-27],[-169,-70],[-41,31],[-67,-43],[32,-66],[-4,-69],[-27,-68],[67,-29],[78,-11],[-22,-42],[32,-48],[11,-79],[29,-50],[-20,-41],[111,-52],[-62,-42],[-21,-45],[-71,-23],[-37,-33],[-63,13],[5,-24],[-108,2],[-17,-27],[-61,19],[-97,-44],[1,-62],[-24,-17],[-11,46],[-35,-33],[30,-42],[9,-63],[-31,-27],[73,-11],[67,-32],[43,-68],[-6,-61],[-42,-7],[39,-49],[-29,-34],[-43,33],[-43,-21],[-65,5],[6,-71],[-76,25],[-8,-57],[-79,-61],[36,-43],[25,-107],[76,-42],[126,18],[31,-80],[-1,-44],[27,-123],[-28,-43]],[[46749,52280],[84,49],[-2,-46],[-86,-39],[4,36]],[[46632,52758],[39,28],[-2,43],[34,42],[52,-57],[76,-51],[-48,7],[-20,-46],[-65,39],[-66,-5]],[[46831,52829],[57,65],[68,-4],[185,56],[18,52],[47,39],[165,-48],[40,-41],[5,-44],[33,-18],[46,88],[-24,49],[19,39],[100,109],[93,19],[30,-30],[85,-12],[45,-42],[95,2],[51,34],[23,-44],[83,28],[4,118],[58,13],[91,-75],[69,-7],[43,-32],[-41,-20],[40,-36],[87,36],[40,-82],[-51,-23],[9,-43],[53,-34],[9,-40],[82,-61],[107,-13]],[[48695,52827],[24,-87],[62,-10],[74,23],[52,-63],[-43,-26],[34,-35],[7,-111],[-44,-18],[50,-104],[-60,-21],[-74,-125],[67,-21],[29,-66],[10,-101],[-49,-37],[46,-25],[21,-57],[71,8],[25,-36],[4,-72],[-80,-21],[23,-86],[86,-55],[70,-95],[53,59],[29,-15],[12,-66],[-26,-171],[41,-19],[-20,-99],[69,-3],[47,-45],[-29,-46],[11,-89],[-20,-34],[-59,-12],[-52,-64],[-61,-30],[-19,-115],[32,-35],[87,-3],[3,-42],[113,-76],[-47,-8],[-55,-73],[-91,13],[33,-39],[-67,-29],[19,-54],[51,-9],[-42,-47],[69,-75],[-27,-52],[-290,8],[-30,-97],[37,-50],[24,11],[21,-56],[-42,-26],[7,-37],[67,-32],[33,-115],[45,-5],[12,-34],[48,18],[104,-60],[49,5],[9,-67],[65,-62],[52,-12],[-12,-62],[17,-45],[-22,-29],[16,-61],[-68,48],[20,-48],[52,-41],[124,27],[-20,-57],[53,-58],[103,42],[52,-9],[-14,-31],[56,-43],[15,-48],[-20,-67],[32,-28],[77,-9],[34,67],[44,-12],[41,-45],[202,28],[8,-77],[48,14],[46,-37],[43,48],[71,14],[27,-34],[46,-2],[3,-74],[112,16],[-19,-45],[76,-29],[1,-70],[-97,-47],[-31,-53],[53,-20],[7,-92],[-60,20],[6,-99],[-67,-34],[74,-38],[35,-49],[52,32],[81,-25],[-5,-47],[-62,-3],[-30,28],[-44,-61],[114,10],[-2,-52],[36,-26],[56,17],[5,-31],[-39,-30],[44,-59],[10,-101],[56,35],[88,-31],[19,-33],[180,81],[39,-56],[34,9],[7,-88],[142,4],[115,-81],[101,-36],[24,32],[97,16],[1,-22],[78,-119],[65,-35],[18,-87],[29,9],[80,-22],[66,-81],[89,44],[78,-124],[-32,-138],[72,91],[39,-13],[-9,-44],[52,12],[51,-46],[24,16],[56,-44],[29,36],[43,-15],[26,24],[35,-117],[65,1],[-20,-28],[37,-34],[124,31],[115,-28],[33,-111],[74,-37],[81,28],[114,-31],[58,32],[7,58],[45,12],[66,-109],[-23,-24],[93,-44],[110,31],[62,-32],[44,23],[31,-49],[-89,-46],[116,-116],[50,9],[38,-57],[12,-73],[34,-15],[3,-40],[131,-69],[-72,-1],[-33,-25],[86,-5]],[[53929,46608],[-65,-84],[28,-7],[43,-64],[12,22],[59,-4],[24,22],[35,-31],[58,-2]],[[54123,46460],[-28,-13],[-109,5],[-64,-33],[-55,-53],[-65,-27],[-90,-12],[-105,-78],[-77,2],[-104,-63],[-61,-61],[-2,-25],[-128,-122],[-135,-140],[-60,-6],[-30,21],[-29,107],[-42,-24],[-25,-58],[-93,-48],[-24,-75],[-55,-60],[-16,29],[-56,20],[-51,-75],[29,70],[-97,-22],[-27,46],[17,37],[-112,-1],[-14,33],[-49,-7],[-49,46],[-64,-64],[-133,84],[-107,9],[14,42],[-24,71],[-31,26],[13,97],[-15,43],[-52,17],[-171,-82],[-77,-177],[28,1],[45,-104],[-38,-19],[-37,42],[-147,69],[-145,-111],[-42,20],[-90,-53],[-60,54],[-96,-31],[-58,-35],[-47,-97],[-34,-11],[-18,36],[-50,-34],[-19,24],[38,91],[-42,-14],[-22,39],[-66,-42],[-128,-11],[-118,48],[-34,143],[-38,-38],[-38,13],[-9,-43],[-46,18],[-44,-128],[-71,-7],[-54,-33],[-129,0],[-52,-31],[-56,14],[16,93],[-37,-41],[-104,25],[15,-144],[-5,-41],[-92,-117],[-28,29],[-36,-87],[-87,26],[1,94],[-38,56],[-30,6],[-57,-43],[37,-3],[8,-75],[-63,-26],[-46,40],[-68,-36],[0,21],[-65,-40],[-18,29],[-74,9],[-41,-53],[-62,-37],[-38,25],[-55,-15],[-26,48],[2,103],[-41,13],[46,75],[-49,86],[-50,12],[10,-43],[-31,-14],[-40,74],[-30,4],[-20,87],[35,56],[42,-39],[29,78],[-35,15],[-112,-2],[40,-31],[-10,-80],[-43,-87],[-85,-27],[-36,38],[-55,15],[18,46],[104,114],[9,34],[63,60],[-54,34],[23,55],[-29,44],[79,72],[-21,34],[31,59],[-78,-4],[-79,37],[-35,45],[-71,1],[-102,-69],[-54,14],[-24,-36],[-67,-30],[-14,-34],[-48,29],[-49,59]],[[48129,46349],[4,53],[-23,103],[25,98],[43,35],[-86,36],[-46,35],[-73,7],[-60,54],[-12,124],[26,72],[125,50],[20,46],[65,14],[102,-10],[35,40],[23,75],[-46,26],[-91,-56],[-61,6],[11,68],[-47,80],[-25,83],[20,65],[-18,29],[39,81],[17,76],[31,35],[-52,46],[11,40],[-40,15],[-120,105],[29,30],[-51,46],[52,53],[29,-26],[57,67],[-49,15],[10,57],[138,129],[38,-1],[7,59],[-69,-34],[-18,48],[47,20],[30,70],[-12,44],[31,15],[10,52],[-79,260],[98,37],[20,55],[-108,66],[-44,79],[-40,38],[32,53],[48,-5],[81,42],[37,92],[50,26],[58,-30],[74,12],[3,41],[57,8],[0,68],[-67,61],[10,26],[-64,7],[-84,58],[33,28],[37,75],[50,29],[-59,14],[32,46],[-2,46],[40,64],[87,35],[17,30],[-60,47],[-27,56],[7,50],[-127,-34],[7,112],[34,54],[46,22],[-47,83],[7,54],[-179,4],[-21,-41],[-71,45],[-42,80],[36,21],[-8,38],[82,34],[-70,22],[18,68],[-69,28],[48,93],[0,49],[46,119],[-20,25],[-132,-45],[-54,139],[42,59],[45,15],[-12,57],[-67,75],[42,59],[-33,48],[26,32],[112,72],[32,-8],[28,75],[7,82],[-28,85],[-52,-37],[-78,-5],[-45,76],[-16,57],[74,52],[12,102],[-80,72],[-37,-12],[14,45],[-29,28],[-25,87],[-72,35],[34,34],[-17,113],[-44,-14],[-27,47],[-170,78],[-9,25],[-83,-45],[8,-28],[-52,-39],[-21,21],[-76,-35],[-59,35],[-72,-27],[-92,-70],[-111,-11],[-36,14],[-33,-127],[-54,-44],[-28,42],[2,57],[-39,-15],[-83,56],[47,1],[68,42],[14,-46],[94,27],[24,109],[-55,-16],[-4,32],[-42,-12],[-38,21],[39,26],[6,76],[-67,35],[19,83],[-28,57],[24,54],[-29,15],[65,27],[23,55],[-53,17]],[[46489,53606],[39,-47],[38,-10],[33,-56],[38,-15],[48,-179],[83,-20],[-42,-83],[-26,-11],[105,-86],[7,-84],[-86,-52],[81,-59],[-2,-64],[26,-11]],[[48129,46349],[-43,-30],[-28,-97],[-32,-16],[-14,-54],[-86,-38],[-106,21],[-64,50],[-110,7],[-3,-24],[-56,26],[48,-89],[-21,-28],[-79,-21],[-54,-57],[17,-104],[-28,39],[1,48],[-31,18],[-88,-1],[-39,-23],[-16,-44],[-39,6],[2,43],[-78,2],[-25,-34],[-127,-24],[-29,-102],[18,-28],[-51,-9],[-24,38],[-63,3],[-54,33]],[[11836,39561],[-33,11],[-65,-56],[-55,43],[-26,78],[47,73],[-50,91],[-6,49],[32,26],[55,-10],[61,-82],[89,78],[95,-3],[-70,31],[-108,83],[-152,43],[-20,30],[-70,25],[-102,-25],[-39,-68],[-90,28],[-95,5],[-49,-16],[-16,-35],[-55,-33],[-44,-1],[66,65],[23,-35],[24,51],[-28,36],[162,-4],[-53,49],[45,41],[11,62],[51,11],[20,30],[-61,24],[-61,52],[18,-131],[-49,-58],[-46,-21],[-6,40],[-53,46],[7,106],[-17,-51],[-42,-22],[54,-91],[-39,-31],[-108,47],[-48,48],[-39,-15],[29,-23],[-15,-40],[51,21],[35,-57],[68,13],[45,-15],[-3,-48],[-58,20],[-18,-45],[-108,16],[-5,-64],[-69,-77],[-192,62],[-65,-19],[-9,-23],[-167,-26],[-64,-76],[-39,25],[-56,-9],[-127,61],[-30,38],[14,66],[-48,45],[-20,47],[-54,52],[-132,26],[54,28],[-74,-9],[-44,42],[49,11],[-24,27],[28,61],[46,2],[12,-54],[16,43],[28,-27],[67,-4],[-20,-41],[68,1],[-17,-58],[40,-31],[12,63],[89,-7],[50,-24],[-23,95],[59,-23],[19,20],[-5,-82],[41,-35],[-5,61],[65,27],[20,-76],[109,-18],[55,42],[55,-8],[-3,74],[25,80],[35,13],[18,73],[40,-1],[-6,53],[71,14],[6,216],[-30,10],[37,36],[-69,13],[56,34],[-44,-3],[-55,75],[25,-87],[-41,-23],[59,-41],[-65,-16],[46,-18],[50,-65],[-29,-20],[-24,63],[-43,-14],[34,-26],[-13,-56],[40,-9],[-63,-49],[-14,67],[-49,-29],[-116,104],[-87,27],[13,41],[48,-15],[95,-58],[45,5],[-62,79],[-18,-32],[-49,114],[-3,-42],[-35,-18],[-98,27],[56,-51],[-15,-36],[-81,-19],[-45,28],[-99,-63],[18,41],[-43,-14],[-66,14],[-17,26],[-38,-37],[48,-24],[-48,-55],[38,-23],[-25,-31],[-92,46],[-28,-34],[3,-85],[25,-43],[-63,43],[-43,-8],[16,40],[-65,-9],[10,89],[-39,-70],[-2,60],[-42,-30],[13,-64],[-57,135],[-18,14],[7,76],[29,51],[-71,-12],[3,72],[-46,6],[20,40],[-50,78],[-25,-12],[45,-73],[5,-77],[26,11],[27,-126],[-37,-24],[4,-62],[44,-20],[-43,-64],[38,-57],[38,-3],[6,-43],[39,-33],[39,-84],[-102,9],[-26,53],[-23,-71],[-54,147],[-49,7],[-52,49],[29,-87],[-57,-34],[-36,93],[-53,76],[-16,-19],[24,-105],[-9,-30],[-88,124],[9,-56],[-41,-6],[-10,-56],[-86,12],[-70,-43],[-74,62],[8,72],[-66,40],[-33,46],[-15,-63],[4,-89],[51,8],[-48,-105],[-19,-84],[0,-94],[30,-127],[37,-18],[2,-88],[33,-43],[68,-45],[29,-83],[-24,22],[-64,-10],[-59,45],[-51,-25],[-46,61],[2,41],[-39,85],[-13,128],[61,74],[28,89],[-17,68],[-6,131],[-42,108],[-40,69],[-93,48],[-81,62],[-2,29],[-55,87],[26,41],[-17,143],[31,3],[21,53],[49,40],[103,-32],[-5,37],[36,4],[30,61],[57,12],[-83,12],[-3,-38],[-60,21],[64,45],[51,83],[-6,-66],[55,-17],[1,58],[49,52],[-22,32],[77,-18],[-7,32],[-82,1],[-17,-33],[-77,-9],[32,74],[-26,-17],[-8,50],[46,28],[-42,30],[-49,-82],[-1,-36],[-50,16],[-12,37],[-54,8],[2,52],[-34,13],[6,-105],[67,22],[33,-48],[-22,-32],[12,-78],[27,-43],[-45,-36],[-3,51],[-33,-28],[-46,7],[-13,-56],[36,-15],[-35,-33],[-47,15],[-17,-32],[54,-7],[-30,-79],[-40,3],[-14,-44],[29,-22],[6,-70],[-17,-40],[-249,220],[-53,34],[-154,61],[-129,9],[-47,-57],[-11,19],[34,73],[25,-27],[96,38],[40,-39],[150,-65],[6,25],[-51,86],[-100,-6],[26,42],[-63,-23],[-15,29],[-63,-6],[-50,-38],[-58,49],[68,-3],[25,28],[3,89],[-18,43],[51,-36],[60,38],[40,75],[34,10],[13,94],[37,42],[34,-6],[21,63],[-37,28],[16,-61],[-59,12],[-16,-63],[-63,-57],[-29,19],[8,-69],[-95,-44],[-30,107],[-52,25],[13,58],[-34,15],[-54,139],[-53,66],[15,-50],[38,-36],[-25,-50],[51,-20],[11,-73],[26,-53],[45,-23],[19,-57],[-21,-107],[-43,-26],[-4,-71],[-64,-81],[-48,-27],[-72,13],[-55,-13],[-18,24],[-123,-59],[-45,36],[-52,77],[-43,24],[-9,37],[-62,56],[-28,108],[-96,116],[-1,156],[47,81],[-25,58],[-43,18],[3,37],[-35,63],[11,44],[63,57],[5,28]],[[7584,40674],[-76,55],[-33,-35],[-71,-19],[-49,44],[-57,11],[-87,71],[-39,48],[13,29],[121,7],[84,-21],[82,-41],[76,0],[66,-70],[-30,-79]],[[9959,38881],[49,2],[41,36],[-5,-79],[-92,-30],[-24,36],[1,59],[30,-24]],[[8407,38756],[-59,44],[-3,33],[-62,107],[3,64],[80,165],[43,-53],[77,-10],[-3,-32],[77,-4],[49,-53],[79,-18],[64,21],[16,-111],[37,-28],[-5,-54],[34,-38],[65,-1],[57,-63],[45,-22],[150,6],[48,-54],[-39,-7],[-13,-72],[-34,-22],[-2,-43],[-71,-49],[-12,31],[-115,47],[-84,-29],[-37,46],[-44,-5],[-69,62],[-38,-39],[-61,-14],[-26,20],[-72,-28],[-22,46],[-56,12],[-60,99],[63,46]],[[9675,39077],[-47,66],[-67,11],[-90,89],[55,7],[46,-43],[95,-14],[8,-116]],[[10065,40285],[-10,63],[22,132],[23,71],[25,-10],[41,42],[-23,-58],[18,-33],[59,-8],[-111,-21],[-15,-125],[-29,-53]],[[10286,40404],[-18,36],[39,19],[-35,25],[76,51],[40,-24],[-53,-34],[-49,-73]],[[10649,40367],[-50,72],[53,-27],[-3,-45]],[[10390,40340],[-41,17],[17,39],[24,-56]],[[10534,40559],[-78,52],[72,-23],[6,-29]],[[10429,40456],[-26,44],[36,-3],[-10,-41]],[[8739,41315],[17,7],[-11,-87],[-6,80]],[[56383,49961],[21,-33],[-55,-84],[-94,-104],[23,-50],[-63,-72],[-43,-75],[21,-31],[-55,-101],[21,-16],[-27,-61],[-43,-16],[-75,-83],[19,-41],[-101,-15],[-18,56],[-120,14],[-74,41],[-24,70],[-108,10],[-16,32],[-94,-45],[-95,-10],[-73,-43],[-102,-3],[-45,34],[-66,-59],[-50,-4],[-25,-29],[-92,66],[1,20],[-71,-1],[16,98],[-85,28],[-104,59],[-66,18],[-118,-50],[-66,98],[-47,-3],[0,40],[-42,35],[-193,-11],[-13,66],[-26,25],[8,45],[-37,29],[19,46],[-58,52],[0,68],[-20,51],[78,30],[-66,23],[-25,30],[-67,-51],[-34,35],[-37,-49],[49,-104],[-116,-143],[-18,-96],[28,-11],[-33,-74],[-69,-70],[27,-79],[-47,-54],[23,-84],[-190,25],[-12,-82],[-67,-124],[-49,-19],[-70,61],[-17,-69],[67,-10],[40,-115],[-44,-69],[92,-25],[59,7],[82,-44],[83,-26],[30,-37],[67,-6],[10,-96],[133,34],[67,-13],[17,-45],[-58,-48],[-63,-14],[-23,22],[-69,-16],[14,-90],[-33,-81],[33,-42],[33,13],[76,-10],[43,-47],[-96,-48],[3,-41],[44,-49],[36,43],[114,44],[66,14],[-11,74],[102,60],[-28,82],[34,66],[122,-17],[-16,28],[64,18],[38,-57],[-39,-45],[42,-33],[55,-5],[48,-55],[-10,59],[48,-1],[63,-67],[64,23],[22,-15],[-76,-57],[61,-41],[13,-34],[38,26],[91,-55],[-2,-54],[27,-19],[62,-127],[-79,-66],[-27,-140],[-60,-98],[-29,-13],[-5,-82],[-24,-47],[-58,6],[-20,-24],[25,-58],[59,-67],[14,-61],[87,-16],[88,-1],[-46,-84],[-49,-30],[-31,-61],[-61,-8],[78,-24],[-39,-101],[-63,-72],[38,-63],[-39,-20],[-114,-143],[-53,-90],[-75,0],[-39,-25],[-24,-75],[-68,-31],[-17,-31],[-74,26],[-12,-30],[-59,7],[-48,54],[-43,6],[-98,-54],[-57,48]],[[48695,52827],[82,34],[69,-25],[55,18],[53,-46],[90,-18],[-17,-30],[28,-38],[-14,-72],[30,-54],[40,8],[-22,-73],[65,35],[45,-31],[98,22],[-10,-45],[65,-3],[46,106],[23,14],[96,-16],[2,-31],[54,-38],[38,-2],[-12,76],[17,37],[95,21],[19,131],[61,-12],[-3,-35],[64,45],[29,-1],[-36,52],[91,55],[94,-29],[92,10],[45,21],[39,-13],[14,36],[44,-33],[33,9],[38,-39],[62,-4],[3,-57],[68,-86],[46,-25],[59,5],[66,-73],[84,2],[51,-50],[33,59],[94,-28],[64,21],[57,57],[33,4],[54,-66],[69,-24],[39,22],[98,-96],[49,-6],[120,-100],[61,-11],[79,-93],[-84,-55],[11,-62],[50,-8],[1,-34],[50,-42],[59,10],[48,-43],[-16,-93],[49,18],[30,-32],[-45,-55],[-16,-54],[-61,57],[-46,-17],[9,-55],[67,-85],[21,18],[43,-48],[-29,-49],[53,-45],[65,-87],[42,8],[29,-44],[82,-50],[13,-47],[31,17],[44,-22],[-44,-125],[18,-42],[49,18],[66,-63],[-24,-25],[24,-91],[-10,-34],[34,-61],[105,41],[52,-99],[-89,-113],[40,-83],[80,-78],[49,18],[55,-12],[78,25],[242,-110],[58,37],[-17,103],[65,11],[14,44],[-53,81],[11,29],[-74,82],[97,71],[70,-50],[84,-37],[81,41],[41,51],[79,-5],[11,-38],[85,-87],[68,44],[73,-54],[32,-46],[45,-2],[7,-38],[46,33],[10,-26],[52,9],[-33,-133],[18,-81],[67,-140],[-10,-91],[23,-48],[72,1],[26,66],[74,35],[-31,71],[7,78],[34,-9],[64,23],[34,-24],[-41,-36],[0,-47],[98,19],[43,-86],[101,-50],[21,41],[63,20],[55,-14],[34,-84],[47,62],[96,11],[66,22],[93,-46],[77,6],[-6,-43],[49,-12],[47,51],[47,98],[66,44],[68,-11],[79,13],[-8,49],[34,57],[-18,67],[72,22],[241,48],[21,-79],[83,-51],[35,30],[117,15],[8,-94],[47,-1],[-3,-30],[-68,-53],[68,-127],[43,-9],[60,-155],[151,-108],[162,18],[89,-59],[41,-3],[26,-126]],[[35822,40346],[60,-3],[141,-82],[55,50],[115,36],[88,103],[93,17],[99,-77],[-34,-45],[3,-64],[34,-133],[44,25],[69,-94],[50,-22],[16,-47],[73,5],[17,46],[24,-32],[55,20],[35,-74],[60,-47],[49,-107],[48,-5],[89,32],[36,-11],[44,85],[49,-79],[47,20],[68,-62],[79,-27],[-12,-69],[39,-5],[-5,58],[44,1],[66,63],[43,-12],[47,70],[-1,76],[155,-9],[91,26],[13,-70],[55,4],[71,-44],[47,-6],[17,35],[-5,107],[17,69],[-15,63],[15,91],[-21,33],[39,36],[53,-66],[11,-149],[117,-78],[55,-85],[124,-30],[-24,-75],[22,-50],[-3,-83],[39,-22],[-4,-40],[35,5],[22,54],[67,9],[1,-59],[226,-76],[55,9],[-27,-77],[47,-9],[81,-47],[42,-69],[22,-83],[42,-32],[63,-11],[86,36],[38,-8],[26,34],[52,-9],[-23,-55],[20,-38],[62,0],[75,-76],[51,24],[14,67],[-51,62],[47,39],[17,-46],[77,143],[-5,56],[72,17],[63,-73],[49,-27],[5,-57],[-74,-84],[-54,-1],[-21,-58],[34,-37],[21,-109],[64,-7],[49,75],[48,38],[115,-18],[42,6],[20,92],[41,-30],[9,-45],[45,-26],[8,-44],[-44,-21],[31,-115],[18,-127],[32,-50],[30,1],[65,-86],[27,28],[59,-24],[29,20],[1,69],[51,16],[19,81],[70,9],[41,-25],[55,28],[57,-32],[50,16]],[[41265,37665],[-31,-2],[-26,-44],[-66,15]],[[40851,37458],[-27,-33],[-66,60],[-22,-74],[-132,33],[-52,-89],[24,-81],[-65,-59],[-2,-35],[48,-29],[42,-68],[64,-66],[-37,-41],[-40,-80],[25,-86],[-21,-62],[-84,-54],[-25,-43],[-64,-21],[-68,-60],[-28,3],[-4,-75],[64,-27],[98,90],[34,2],[20,-72],[52,-112],[-66,-40],[-4,-62],[23,-21],[-38,-65],[39,-180],[63,1],[47,-25],[31,-66],[42,-30],[56,-94],[6,-50],[-36,-7],[-77,-57],[-84,-39],[-61,-59],[70,-83],[4,-139],[16,-68],[-33,-85],[-101,59],[-59,-60],[-21,17],[-93,-7],[-112,-55],[-47,-84],[-63,-34],[-66,-2],[29,-49],[-48,-29],[-48,22],[0,-50],[-30,11],[-71,-33],[-3,-20],[-172,-21],[-25,-12],[-34,-93],[-34,-25],[-93,8],[-59,-23],[-27,124],[-31,56],[9,40],[-138,57],[-71,49],[-75,-27],[-79,-11],[-105,-51],[-82,-7],[-46,32],[-26,-21],[-58,66]],[[31811,62603],[74,13],[39,-28],[65,0],[68,64],[84,53],[35,78],[4,-83],[73,3],[42,-44],[-28,-12],[28,-42],[7,59],[50,13],[-67,34],[82,30],[-10,87],[42,-52],[58,-10],[199,76],[170,45],[254,56],[63,-57],[51,-10],[193,45],[335,123],[201,89],[74,-154],[-2,-40],[59,-289],[-8,-67],[96,-76],[49,-5],[-2,-58],[116,-233],[-67,-31],[-14,-57],[-108,-86],[18,-31],[44,11],[-1,-76],[25,-43],[-20,-75],[31,-147],[-54,-65],[2,-33],[48,13],[30,-78],[34,-11],[42,-154],[100,6],[51,57],[42,-59],[140,0],[67,-30],[-14,-51],[15,-54],[51,-64],[109,-77],[-23,-49],[40,-56],[77,-23],[-7,-50],[34,-110],[132,-70],[128,48],[20,-43],[76,-86],[68,24],[56,-80],[56,1],[3,61],[47,-7],[33,49],[8,116],[60,22],[-29,86],[86,55],[67,-20],[34,41],[137,80],[22,34],[74,-29],[31,38],[91,31],[81,-48],[119,70],[18,66],[62,-49],[99,24],[29,-71],[138,-199],[12,-54],[50,-35],[-35,-67],[75,-37],[-14,-40],[179,4],[23,-50],[45,-27],[0,-64],[-33,-1],[50,-98],[-104,-48],[-6,-65],[41,-76],[-23,-41],[66,-68],[-17,-48],[65,-71],[30,-132],[-2,-62],[28,-42],[-21,-71],[33,-17],[-41,-20],[14,-133],[32,-68],[95,-54],[40,0],[44,-62],[152,-37],[65,-83],[69,47],[166,41],[25,32],[52,-24],[30,86],[91,94],[74,-37],[58,11],[62,-33],[-12,-80],[-85,-88],[21,-75],[94,51],[72,-3],[134,42],[72,-67],[96,43],[102,-118],[59,-102],[48,-1],[43,-67],[-21,-51],[43,-40],[-1,-101],[19,-81],[-1,-147],[-66,-94],[35,-62],[3,-96],[47,-56],[-16,-35],[51,-65],[37,-18],[1,-52],[73,-71],[23,62],[-29,41],[50,-20],[3,-30],[47,7],[-7,114],[17,0],[23,114],[36,22],[71,-19],[16,33],[130,-13],[39,29],[37,-16],[-9,-54],[45,5],[10,51],[64,6],[62,-18],[23,-59],[63,-30],[68,21],[10,-72],[-17,-19],[110,13],[251,138],[91,-44],[23,33],[79,10],[30,45],[42,8],[25,-73],[40,-47],[49,-4],[9,-44],[42,-12],[55,-62],[17,-78],[69,27],[55,-74],[33,15],[25,-40],[14,-83],[-6,-76],[53,6],[8,-93],[111,-17],[22,57],[-21,35],[-60,17],[22,70],[33,26],[62,-29],[20,-65],[118,-9],[61,-104],[-5,-31],[-72,-79],[-46,2],[-54,-56],[-69,-109],[-64,-9],[38,-70],[-16,-122],[-37,-67],[34,-9],[-21,-87],[-59,-45],[-14,-64],[-34,-44],[74,-38],[50,-4],[11,46],[72,-12],[103,10],[28,-130],[-28,-42],[41,-17],[-21,-27],[103,-105],[27,-93],[-59,-68],[-85,-29],[-38,-38],[-70,-32],[-52,22],[-59,-108],[-58,-83],[28,-83],[93,-77],[-38,-64],[-60,-39]],[[36689,56158],[-26,63],[-88,-19],[12,60],[-74,-20],[-66,16],[-8,72],[-114,62],[-1,41]],[[36324,56433],[-27,13],[15,77],[42,9],[-41,42],[3,49],[66,-29],[47,88],[-6,81],[-29,5],[-5,65],[-58,33],[71,67],[94,38],[32,43],[-93,28],[-29,70],[-35,22],[30,21],[132,9],[39,73],[44,24],[-60,61],[19,28],[-69,26],[50,129],[159,4],[42,56],[-34,19],[-51,79],[-32,-14],[-65,31],[9,105],[-144,38],[-72,6],[-94,34],[-74,-18],[-60,38],[-65,-76],[-49,-16],[-53,36],[28,38],[-22,44],[84,40],[55,-34],[51,-2],[0,49],[-33,25],[68,67],[94,46],[-51,42],[-55,73],[10,16],[-70,93],[-35,-11],[-43,61],[-93,33],[-46,134],[-20,5],[-16,109],[-41,41],[94,-21],[125,68],[41,82],[44,17],[86,-1],[38,104],[-51,39],[10,70],[-58,-20],[-75,-89],[-29,20],[-65,-17],[13,65],[-55,36],[53,60],[9,96],[-55,71],[-123,65],[-70,65],[-65,-3],[-89,-27],[-86,-54],[-83,9],[-10,43],[-32,-1],[-9,53],[47,89],[-16,52],[-122,-53],[-147,-27],[-66,25],[-48,-10],[1,87],[-26,53],[78,5],[-5,50],[24,45],[-37,94],[-83,24],[76,154],[51,33],[112,114],[23,-25],[93,36],[-132,169],[-82,26],[-53,53],[-71,-45],[-39,19],[-68,-11],[-43,-84],[147,-111],[-30,-35],[-116,45],[5,-64],[-35,17],[11,-82],[-30,-14],[-9,-54],[-44,22],[-78,92],[23,29],[-49,35],[-78,-22],[-93,58],[6,-80],[-142,-19],[-56,-29],[-72,60],[2,49],[-59,-26],[-51,43],[-56,-45],[-92,-8],[-4,-23],[-82,33],[9,60],[-57,18],[-41,-51],[-128,-19],[-63,42],[-32,48],[-69,51],[-94,21],[-33,56],[-61,46],[-20,57],[-115,-70],[-60,90],[99,82],[-96,80],[-96,115],[-16,82],[110,65],[32,37],[26,-26],[66,35],[38,47],[48,14],[-56,55],[-79,22],[-39,38],[-35,-29],[24,-55],[-117,62],[-126,11],[-10,29],[-104,-66],[-3,64],[-65,-26],[-99,45],[-71,95],[-65,46],[-29,-7],[-2,76],[-25,35],[4,67],[-20,77],[-55,79],[-5,69],[-90,190],[-26,94],[-56,83],[-6,72],[-52,70],[-11,83],[-43,27],[-19,73],[-53,29],[-53,96],[-76,47],[-55,2]],[[36104,57119],[94,64],[-9,30],[145,-24],[11,-44],[-53,-67],[-66,-39],[24,-101],[-27,-19],[-43,22],[-91,-12],[-52,-92],[-64,-21],[-50,39],[16,72],[-42,45],[48,87],[39,18],[120,-9],[0,51]],[[30558,54520],[32,-6],[14,-49],[65,29],[51,-99],[84,2],[0,-54],[-84,-54],[10,-32],[66,4],[-1,-54],[51,-54],[81,16],[33,-32],[88,7],[110,102],[68,25],[62,-123],[48,44],[50,80],[30,-67],[51,-6],[52,30],[28,-33],[119,16],[-2,-37],[52,-16],[3,-36],[46,10],[30,-70],[-68,2],[74,-32],[70,67],[28,-21],[70,30],[70,-39],[92,17],[47,69],[97,-7],[77,19],[60,-38],[46,23],[145,0],[12,-29],[156,-50],[73,-54],[66,43],[82,-54],[-6,-56],[77,-47],[47,21],[39,-67],[79,-3],[106,45],[9,-22],[136,-42],[57,-121],[31,24],[36,-36],[-42,-34],[61,-41],[47,68],[71,53],[7,-29],[65,-47],[86,-21],[2,-58],[112,21],[-30,-86],[81,-60],[77,81],[61,-5],[31,28],[47,-16],[-18,-27],[44,-44],[-30,-75],[28,-53],[76,-48],[67,35],[30,48],[-6,47],[20,88],[58,57],[-1,68],[90,8],[55,-32],[29,34],[53,5],[82,-39],[0,-18],[128,-40],[57,55],[-45,127],[19,102],[36,39],[87,-17],[126,16],[-20,58],[74,56],[-23,29],[40,10],[51,-25],[33,-64],[20,19],[-7,82],[-97,99],[91,51],[32,-75],[50,4],[31,32],[39,-36],[40,-71],[-22,-29],[46,-8],[31,-48],[26,7],[28,-68],[-29,186],[61,-5],[48,25],[19,54],[60,-8],[-2,24],[67,-37],[1,-59],[41,-2],[5,-50],[43,-31],[32,18],[32,62],[65,9],[17,50],[-30,78],[137,-9],[6,-39],[-29,-73],[24,-30],[56,97],[97,3]],[[36243,50371],[-68,-100],[-4,-37],[33,-38],[-38,-31],[-96,22],[-5,-23],[-71,37],[-64,-11],[-43,-36],[-19,-84],[-51,20],[-17,96],[-27,14],[-38,-37],[-48,17],[-23,-71],[-26,24],[-51,-21],[-96,51],[-29,-54],[-32,15],[-77,-60],[-69,0],[-43,95],[-50,-12],[-60,29],[-47,65],[-112,-57],[22,-38],[-91,3],[83,-50],[-92,-70],[-56,-26],[-82,-2],[-11,65],[-53,29],[-67,-64],[-68,16],[23,47],[-97,104],[-101,63],[-40,-10],[-35,61],[-45,-83],[-56,-4],[-55,-86],[-32,-13]],[[34119,50126],[-52,31],[-1,48],[-90,42],[-30,92],[25,73],[-76,-48],[-30,19],[-9,-128],[-90,29],[-91,15],[7,32],[51,40],[-17,31],[-105,39],[-17,46],[-45,3],[-14,34],[-101,-47],[24,77],[-122,42],[-97,-19],[-48,56],[-35,9],[-58,-78],[-102,148],[-111,105],[-43,-16],[-8,-53],[-47,-33],[-11,-70],[-80,-27],[-26,17],[-38,-37],[-135,-5],[-29,18],[83,80],[-74,89],[-39,-34],[-91,-15],[-57,19],[27,-37],[-60,-42],[-48,56],[32,38],[-108,48],[-55,49],[-65,-44],[-17,27],[-52,-10],[-34,59],[5,66],[-193,-64],[-62,-68],[-52,4],[-88,-83],[-50,5],[-75,47],[-56,-68],[-114,-22],[-15,27],[-195,-64],[-46,71],[-82,-35],[-61,3],[-44,-34],[13,52],[-47,42],[-67,-39],[10,29],[-81,46],[-20,-35],[-27,39],[-130,-73],[-64,40],[-15,90],[-47,2],[-8,38],[-45,42],[83,24],[2,67],[28,14],[-111,63],[-12,52],[-36,-59]],[[30250,52260],[44,85],[-2,79],[69,95],[54,21],[-16,39],[82,49],[32,36],[31,124],[30,-8],[7,103],[-75,48],[-55,-10],[-39,-49],[9,-42],[-26,-48],[-32,63],[-62,1],[-44,38],[99,92],[-10,32],[37,28],[19,60],[-41,31],[-69,5],[28,112],[-70,106],[-86,-19],[30,51],[83,-6],[7,47],[-54,-14],[-4,53],[-65,40],[27,9],[96,126],[-20,72],[-81,70],[44,16],[48,67],[15,103],[47,9],[82,45],[-8,96],[-30,41],[-98,-69],[-16,-46],[-59,-22],[-66,90],[33,16],[38,63],[44,10],[-12,164],[46,-25],[98,55],[-28,68],[49,95],[47,-41],[101,6]],[[26206,44394],[-176,-95],[-88,60],[-40,74],[-23,-16],[-34,108],[-50,27],[11,25],[-59,98],[-37,31],[-10,79],[-52,2],[-28,36],[-55,21],[-56,-19],[-38,-55],[33,-110],[-29,-6],[-37,69],[-58,-20],[-49,19],[-167,3],[-65,30],[-48,-4],[11,47],[-36,56],[-76,9],[-43,70],[-45,41],[61,76],[-75,88],[-42,-70],[-62,47],[-104,-8],[-51,13],[-23,73],[-25,21],[-72,-38],[-38,34],[-57,86],[-8,60],[33,33],[-37,119],[-5,108],[-31,176],[41,35],[7,59],[-65,83],[-18,90],[-42,48],[-34,-4],[-87,86],[-78,5],[-37,52],[-115,-8],[-44,35],[-25,-52],[-81,-6],[-41,-22],[-80,8],[-101,-76],[-76,22],[-15,-22],[6,-80],[-82,51],[-40,-13],[66,-75],[-32,-42],[-150,-8],[-48,-62],[18,-22],[-45,-84],[-73,7],[-78,-38],[-52,-87],[36,-71],[-183,-5],[-44,66],[-32,-10],[-27,55],[-88,-33],[-10,-45],[-45,7],[-33,-46],[-54,18]],[[36324,56433],[-47,-50],[-149,57],[-57,2],[-82,26],[-37,-34],[-120,-49],[-31,-31],[-13,45],[-103,37],[-55,-70],[-37,8],[-79,-51],[-46,2],[-93,-63],[0,-49],[-50,2],[-63,60],[39,37],[25,-17],[59,65],[-47,64],[-13,54],[-40,22],[13,86],[-43,6],[-64,-44],[-10,-54],[-39,28],[-48,-60],[-18,27],[-82,-110],[-14,37],[-30,-41],[-69,-42],[-46,5],[-46,60],[94,80],[-21,49],[75,86],[23,172],[-19,51],[-63,-41],[-54,16],[-92,90],[-91,16],[0,-80],[22,-41],[-70,-24],[22,-67],[69,-49],[-67,-42],[-56,74],[-94,9],[-64,35],[-33,-35],[-39,17],[-46,79],[-67,11],[-89,-29],[-6,38],[-70,6],[-28,47],[42,42],[34,67],[-37,16],[-43,-25],[-71,43],[-30,-47],[11,-77],[-66,-61],[-60,96],[-20,77],[-148,-17],[-59,-40],[-56,-6],[-22,-41],[-91,-237],[-49,-3],[-18,84],[-64,8],[-36,64],[-8,-37],[-65,21],[19,94],[61,150],[-13,59],[34,-2],[17,52],[50,-9],[6,69],[120,54],[39,-19],[75,54],[123,50],[-46,86],[-81,29],[-71,120],[-62,-23],[-100,10],[-20,43],[-77,-71],[-43,10],[-42,-55],[-9,-56],[-71,-8],[23,45],[-120,152],[-80,-22],[29,-11],[53,-94],[-25,-34],[-32,45],[-95,-53],[-52,67],[-76,42],[-104,-116],[-13,22],[-63,-34],[-32,51],[-88,-22],[-44,-29],[-78,-1],[-61,-90],[-47,-30],[-16,57],[-47,55],[-65,22],[-27,-53],[-88,35],[-4,-42],[-46,16],[5,79],[-73,70],[-12,91],[39,16],[7,52],[-85,17],[-132,98],[-67,-14],[-161,97],[-26,-4],[-53,59],[-22,-36],[-90,89],[92,65],[53,82],[-79,62],[-37,-8],[-64,-63],[-19,-57],[-93,15],[3,25],[-70,0],[-48,50],[-3,59],[-57,10],[-30,44],[-48,23],[-38,-12],[-120,96],[-191,14],[-117,-53],[22,-15],[-54,-34],[-103,-14],[-173,-89],[-21,55],[-69,5],[-16,84]],[[29930,58366],[-44,54],[9,26],[-37,47],[-59,-12],[-48,52],[-78,-12],[-69,119],[-53,20],[37,147],[26,156],[32,320],[1,147],[25,117],[24,31],[46,-81],[47,0],[131,-116],[88,-8],[-103,35],[-41,45],[-32,96],[-70,40],[-4,46],[-94,94],[-20,62],[5,299],[-7,146],[-32,210],[-27,78],[-9,92],[40,51],[15,58],[-47,51],[54,22],[-7,-58],[48,80],[28,-9],[-37,-41],[70,29],[-17,35],[8,83],[37,108],[8,188],[-77,216],[-24,132],[-24,48],[18,117],[93,0],[145,38],[109,69],[82,93],[59,87],[87,90],[115,79],[188,86],[238,55],[79,49],[82,26],[82,-17],[76,59],[153,46],[99,-6],[126,40],[126,9],[107,21],[14,35],[84,18]],[[22259,14529],[23,-78],[-9,-43],[20,-42],[-26,-59],[27,-39],[36,31],[64,8],[33,-75],[62,-73],[20,-82],[-42,-134],[65,-22],[0,-88],[75,-18],[-6,-46],[-49,11],[-124,-14],[-35,-25],[21,-43],[-35,-137],[50,-32],[33,-54],[-51,-12],[-22,-48],[63,11],[44,-12],[48,152],[32,-24],[37,90],[62,8],[-10,-88],[63,-61],[-13,-56],[-46,-100],[39,-28],[-31,-42],[13,-23],[-30,-69],[79,-84],[40,-67],[37,-23],[-85,-135],[-60,44],[-97,-16],[-17,-89],[-75,-97],[13,-93],[85,-41],[-14,-28],[45,-35],[-38,-61],[9,-37],[-47,-56],[-52,-91],[-16,-100],[-101,47],[-2,-105],[19,-72],[-13,-32],[16,-98],[-122,1],[-9,-69],[-37,0],[-24,83],[-28,6],[-33,-90],[-4,-57],[-74,-93],[8,-48],[-22,-49],[-107,-62],[-21,-55],[-83,31],[10,-61],[-28,-24],[13,-46],[37,-19],[1,-49],[-57,-106],[14,-53],[64,-46],[-35,-4],[-46,-60],[-47,-11],[-59,-47],[-68,38],[-83,-9],[9,-58],[-15,-101],[-72,-50],[-50,0],[-26,-86],[26,-166],[-15,-42],[30,-28],[21,-110],[-24,-57],[-59,4],[-45,-30],[-12,-48],[-72,-16],[8,-79],[40,-50],[2,-93],[39,-91],[-29,-122]],[[21302,9782],[-36,-81],[-112,6],[-92,-155],[-66,-43],[-2,-40],[-51,-14],[-63,58],[-43,-14],[-109,-63],[-36,50],[-117,38],[-32,46],[-57,27],[-12,46],[-41,-17],[-15,-41],[-53,-56],[13,-73],[-30,-48],[-62,10],[-33,-101],[-86,35],[0,49],[26,49],[-18,57],[-35,8],[-61,-35],[-45,23],[9,67],[-21,104],[-71,35],[-73,98],[-83,32],[-29,36],[-20,76],[-54,58],[-91,-37],[-28,38],[-57,12],[-66,75],[-14,97],[53,38],[-36,62],[-8,74],[16,37],[-38,13],[-55,125],[-72,12],[-15,-20],[-83,-12],[-87,-80],[-54,-2],[-67,20],[-38,-18],[-84,-4],[-46,26],[-89,2],[-29,51],[-53,5],[-50,-64],[-90,-2],[-67,47],[-62,19],[-27,45],[-85,47],[-26,71],[-45,37],[-41,-18],[-33,19],[-165,19],[-64,37],[8,48],[-86,29],[-52,55],[-86,-99],[-30,-6],[-20,111],[-124,83],[-31,-33],[-136,111],[-82,37],[-76,-84],[-69,7],[-34,73],[-76,58],[-95,32],[16,74],[38,99],[36,56],[83,94],[-223,-37],[-51,-33],[-61,-111],[26,-63],[-17,-52],[5,-119],[-48,-170],[-386,117],[-135,226],[-6,36],[40,70],[103,66],[-10,25],[70,34],[14,53],[41,19],[-1,49],[24,47],[-29,39],[61,45],[1,143],[51,56],[31,7],[-14,52],[27,122],[-14,57],[26,45],[-21,148],[-100,113],[-35,19],[-63,-42],[-50,-3],[-120,38],[-54,33],[-20,35],[-41,-16],[-61,84],[-115,1],[-88,-12],[-57,-24],[32,-53],[-52,-156],[-32,-37],[-94,30],[-48,-17],[-61,78],[-35,132],[35,105],[-7,35],[-50,20],[-44,-15],[-42,38],[-60,14],[-86,-36],[-30,19],[-37,-19],[-46,-58],[-71,-30],[-26,95],[-25,42],[16,88],[-65,20],[-24,68],[-61,-9],[-78,78],[28,48],[-42,55],[15,23],[64,-7],[84,45],[-6,27],[75,-21],[255,108],[-5,-36],[59,-26],[40,35],[-25,42],[21,25],[100,30],[31,28],[27,64],[71,27],[63,86],[3,54],[24,9],[95,192],[-6,31],[66,38],[108,188],[22,69]],[[22230,13079],[57,5],[14,-165],[-98,27],[-27,-36],[-1,-62],[24,-69],[56,11],[21,-22],[79,-22],[28,35],[-1,101],[28,121],[-11,53],[-79,74],[-1,32],[-44,17],[-63,-21],[18,-79]],[[22231,12330],[-4,44],[52,16],[55,68],[2,59],[-75,89],[30,100],[-97,62],[-38,-27],[-23,-77],[-53,-56],[-15,-90],[21,-70],[43,-53],[21,-78],[81,13]],[[24794,8815],[-43,-32],[-140,-33],[-65,9],[-21,23],[-95,30],[-12,88],[-31,-9],[-59,29],[-53,52],[-65,-86],[-90,-38],[6,-50],[-21,-86],[-25,3],[-92,-74],[-83,94],[-57,36],[21,43],[-36,103],[-32,16],[-116,-6],[-90,78],[-134,50],[-60,-61],[2,-26],[-115,-8],[-14,-41],[-97,-38],[-92,45],[-63,-20],[-24,-66],[-54,-40],[-45,-12],[-105,43],[-45,-5],[5,-37],[-60,-66],[-55,-9],[-95,40],[-98,10],[-40,27],[-24,140],[-43,-9],[-41,30],[-84,-4],[-21,40],[10,50],[-128,210],[-51,15],[9,52],[-28,23],[-2,78],[-27,36],[-30,-48],[-48,-36],[-48,8],[-36,55],[-72,6],[-27,43],[-85,40],[2,60],[-76,6],[-27,35],[-56,26],[-8,45],[-131,37],[-32,53]],[[36118,9710],[-18,-257],[-5,-378],[11,-152],[-23,-216],[-1,-266],[10,-125],[36,-203],[3,-157],[23,-152],[27,-49],[83,-13],[44,-38],[-5,-26],[91,10],[42,-46],[9,28],[103,-52],[-72,-85],[41,-6],[-18,-116],[111,-37],[0,-47],[33,-34],[-18,-40],[37,-11],[-30,-28],[40,-41],[-12,-38],[51,-7],[-29,-29],[-80,3],[-37,-16],[-106,32],[-47,-17],[-38,-60],[-68,-6],[-85,112],[-39,20],[-48,75],[-30,112],[-34,3],[-86,-56],[-54,44],[-53,5],[-40,-41],[-55,-13],[-31,53],[-59,53],[-74,-63],[-26,-89],[-87,-9],[-67,32],[-18,-13],[-67,48],[-30,-26],[-9,-55],[-96,29],[-59,-131],[-49,5],[-29,-56],[-18,8],[-23,-89],[-67,-7],[-62,-37],[-44,42],[-21,48],[-97,-8],[-74,-21],[-101,-93],[-87,-14],[-11,-111],[-70,5],[-17,-22],[39,-44],[2,-79],[56,-45],[7,-108],[-91,-7],[-16,18],[-125,6],[-95,28],[-57,46],[-77,10],[-75,-25],[0,-52],[-52,-80],[-65,-2],[-71,26],[-49,36],[-84,-15],[-63,126],[-43,20],[-11,42],[-35,-4],[-61,61],[5,87],[-23,16],[-72,-20],[-75,25],[-35,32],[-68,1],[-102,42],[-25,66],[-54,-10],[-32,17],[-43,64],[-32,6],[-69,-38],[-87,71],[-66,29],[-46,-62],[-99,-21],[-98,-60],[-95,12],[-55,41],[-47,-7],[-64,-48],[-60,-23],[-31,-95],[-31,-21],[9,-73],[-120,-62],[-12,-65],[-64,6],[-59,-44],[-104,-2],[-56,-16],[-33,-53],[-15,39],[-57,17],[-58,43],[-28,59],[-35,17],[-48,112],[0,83],[-24,41],[13,88],[-76,41],[9,90],[-47,67],[-52,-50],[-90,21],[-65,-5],[-30,78],[-70,33],[-14,-25],[-54,35],[-18,60],[-88,59],[-29,-21],[-54,46],[-57,-28],[-125,7],[-61,50],[-83,-12],[-22,70],[1,69],[40,126],[-2,100],[20,42],[65,59],[70,-1],[72,59]],[[31336,7329],[-17,-83],[21,-31],[103,-41],[125,11],[-9,49],[-84,44],[-22,56],[27,83],[25,7],[-39,54],[-47,8],[-2,-57],[-68,-49],[-13,-51]],[[56383,49961],[173,-60],[30,26],[69,5],[-4,52],[52,-32],[66,-10],[40,28],[2,-73],[88,23],[63,-9],[45,67],[51,8],[28,50],[74,-33],[13,-32],[74,-55],[81,-20],[27,-57],[47,-13],[97,99],[126,-50],[28,22],[38,87],[61,-15],[1,-37],[85,-45],[32,-44],[11,-59],[87,13],[69,-24],[11,-26],[162,-45],[62,-57],[32,-62],[72,-34],[161,-33],[57,-40],[73,-15],[76,15],[107,-12],[19,-65],[69,50],[47,2],[24,-64],[-121,-37],[-31,-24],[-84,-156],[-68,-90],[-82,-132],[-70,-148],[-81,-246],[-12,-86],[-43,-86],[-84,-98],[-81,-42],[-69,13],[-62,-28],[-28,-117],[-36,-47],[-43,-15],[-87,15],[-68,-37],[-11,-184],[-18,-37],[-319,-377],[-226,-140],[-39,-134],[-118,-184],[-18,-71],[23,-124],[-9,-147],[17,-119],[-26,-88],[-51,-52],[-62,-32],[-39,-62],[-4,-152],[-23,-97],[-109,-274],[-18,-73],[2,-124],[56,-247],[-2,-51],[-50,-65],[-133,-58],[-61,-100],[0,-83],[-95,-367],[-14,-31],[-93,-81],[-62,-150],[-132,-181],[5,-107],[-16,-37],[-63,-43],[-24,-40]],[[56127,43914],[-108,9],[-148,28],[-19,88],[23,64],[-34,18],[-163,30],[-24,21],[13,235],[17,45],[-120,53],[-27,41],[-85,14],[-89,42],[-8,33],[-79,41],[-114,41],[-22,27],[-120,-29],[-70,62],[19,63],[23,-14],[51,56],[-7,20],[-67,-26],[-77,-5],[-31,39],[45,42],[-45,85],[-39,20],[-29,56],[-81,5],[-66,-25],[-30,45],[-162,7]],[[54454,45145],[-37,54],[8,39],[-64,3],[29,91],[-63,19],[-71,-58],[-71,-9],[-108,26],[-23,54],[-128,44],[75,128],[61,51],[-24,62],[-84,62],[55,50],[-8,135],[18,50],[42,24],[-32,88],[35,97],[39,52],[-8,67],[-103,29],[-13,93],[56,-25],[129,15],[-52,19],[31,29],[-20,26]],[[56127,43914],[12,-93],[-12,-65],[-33,-70],[15,-162],[-20,-169],[13,-24],[149,-172],[58,-116],[16,-88],[-59,-124],[-87,-98],[-38,-90],[13,-145],[-29,-66],[-89,-75],[2,-104],[28,-76],[-9,-87],[-52,-104],[-19,-74],[-62,-158],[4,-121],[70,-185],[-20,-114],[-39,-48],[-93,-76],[-5,-52],[33,-78],[10,-132],[71,-88],[124,-103],[32,-105],[68,-64],[13,-74],[-32,-128],[-78,13],[-46,-34],[2,-47],[-117,-70],[-50,-52],[-58,-12],[-36,-54],[15,-47],[43,2],[36,35],[53,-40],[-37,-91],[-24,18],[-62,-16],[21,-24],[12,-92],[-75,-54],[-31,-43],[-71,-8],[-39,56],[-49,7],[-71,51],[-57,-92],[149,-70],[-45,-73],[-77,-30],[-31,-71],[-156,-94],[-179,29],[-27,31],[-159,-14],[-51,-36],[-43,7],[-54,-49],[-102,-42],[-50,113],[-50,13],[-75,-31],[-158,53],[33,100],[-5,59],[63,137],[42,33],[-148,-29],[-67,45],[-97,43]],[[54154,39916],[34,49],[24,91],[-33,81],[-76,68],[-52,19],[7,81],[-13,38],[-50,31],[-36,86],[1,36],[-70,53],[-71,-14],[-64,17],[-26,-46],[-55,-2],[-69,56],[20,17],[-19,51],[-1,104],[59,79],[-7,56],[95,5],[-22,68],[53,67],[-37,20],[44,48],[-34,24],[-60,99],[45,104],[-11,52],[-56,53],[-25,65],[-192,53],[-127,98],[-14,32],[-70,-11],[-61,52],[-80,-3],[-55,33],[-73,17],[-15,60],[-52,48],[8,35],[-33,32],[15,70]],[[52900,41988],[50,2],[45,40],[92,27],[84,81],[55,27],[-8,45],[-49,44],[-11,101],[-34,73],[95,49],[-6,24],[52,50],[-13,48],[-56,13],[48,52],[5,54],[-26,56],[24,43],[18,115],[66,79],[0,120],[40,22],[35,-18],[65,59],[31,4],[47,70],[36,8],[63,105],[-23,25],[55,140],[72,98],[37,9],[37,46],[68,132],[24,6],[31,89],[1,45],[-63,2],[-52,53],[58,123],[39,59],[-11,33],[37,85],[62,33],[37,55],[-12,18],[54,51],[72,191],[-5,63],[27,18],[38,91],[58,43],[-6,28],[76,89],[-19,55],[94,29],[20,55]],[[42052,31607],[-4,87],[23,14],[-31,74],[31,31],[-12,37],[32,61],[3,107],[45,59],[-9,24],[71,-7],[23,51],[48,-32],[3,-30],[88,23],[76,-83],[56,26],[68,-136],[77,23],[70,-5],[41,26],[6,72],[55,66],[37,-9],[19,-47],[0,-69],[80,-51],[121,-21],[15,43],[-24,70],[87,51],[-4,60],[85,27],[42,-55],[83,51],[46,-10],[6,-60],[69,-87],[-12,-58],[-57,13],[-30,-41],[-28,9],[-11,-45],[40,-68],[45,24],[99,-57],[70,-76],[-19,-38],[-50,19],[-3,-52],[46,-16],[16,-82],[-36,13],[-27,-93],[32,-96],[107,-44],[41,23],[85,5]],[[48657,42656],[55,32],[-19,39],[32,50],[79,17],[20,159],[63,45],[47,2],[9,-41],[44,-46],[-95,-92],[-42,-89],[111,-5],[67,67],[9,63],[110,8],[29,-15],[43,102],[62,62],[-35,18],[30,48],[32,-6],[1,52],[38,37],[140,74],[35,-20],[75,15],[51,-17],[36,49],[62,26],[31,-44],[43,-18],[34,-49],[-15,-83],[31,-11],[-9,-51],[31,-74],[-60,-16],[-5,-30],[48,-10],[32,-78],[62,25],[68,-29],[-1,-28],[48,-4],[-13,-96],[41,-10],[21,34],[83,-18],[23,44],[33,-4],[118,95],[82,11],[50,-34],[70,-9],[54,45],[44,-8],[92,48],[52,-21],[48,14],[15,-30],[58,-20],[13,-64],[104,4],[19,-48],[74,-106],[46,-39],[-33,-47],[73,-86],[25,-52],[111,69],[180,45],[85,183],[117,72],[57,14],[70,-86],[38,-8],[26,-56],[39,-24],[-12,-48],[20,-35],[102,-72],[74,-23],[119,-97],[86,-47],[34,-41],[115,-29],[3,-24],[80,-15],[42,-58],[-17,-50],[19,-33],[136,-106]],[[52800,41924],[6,-26],[-60,-96],[-117,-83],[-28,-70],[-62,-78],[-30,-69],[15,-115],[-21,-30],[72,-90],[-9,-65],[32,-22],[18,-91],[-25,-104],[16,-73],[87,-91],[4,-52],[-48,-59],[-40,-2],[-12,-62],[41,-37],[20,-89],[53,-52],[-7,-28],[72,-41],[15,-28],[-50,-25],[-15,-43]],[[52707,28749],[18,-56],[-7,-95],[14,-65],[41,-31],[-39,-98],[48,-42],[34,-93],[63,-25],[22,-66],[144,-75],[63,-21],[41,36],[20,-33],[-22,-79],[64,-27],[-8,-50],[65,-30],[129,40],[52,3],[19,-47],[114,-43],[-21,-68],[-38,-32],[-4,-74],[-37,-167],[57,-56],[27,-63],[-30,-32],[-2,-46],[27,-76],[-21,-95],[62,-86],[-22,-82],[93,-50],[106,5],[45,-26],[0,-39],[-43,-59],[20,-41],[118,11],[121,-43],[-24,-40],[8,-42],[44,-47],[16,-89],[95,-47],[72,-19],[20,-40],[121,-62],[-21,-111],[-64,-44],[-29,-93],[27,-55],[-52,-51],[-64,-12],[-29,-67],[14,-61],[-38,-29],[-48,15],[-25,-66],[37,-47],[22,-112],[59,-87],[-36,-59],[42,-96],[-55,-84],[-65,16],[-27,-66],[-69,-67],[-36,-9],[-3,-76],[-60,-15],[-67,96],[-37,0],[-79,-62],[-80,7],[-14,20],[-47,-64],[-32,9],[-88,-22],[-23,-32],[30,-43],[-57,-30],[-1,-79],[-50,-22],[19,-35],[-68,3],[-94,-37],[-73,20],[-43,-77],[45,-125],[-92,-9],[-27,-28],[-86,-29],[-3,54],[-50,-2],[-99,82],[-145,63],[-56,14],[-58,-63],[-13,-39],[-52,-47],[-58,11],[-66,40],[-88,-35],[-53,6],[-34,-102],[-63,-17],[-44,-46],[-67,0],[-13,-35]],[[48421,29785],[18,-36],[41,11],[77,-14],[16,-87],[-14,-11],[24,-168],[37,-177],[-14,-194],[37,-47],[95,2],[8,-105],[37,-44],[76,20],[14,44],[83,-25],[45,17],[-20,-115],[99,8],[5,-97],[-39,-73],[105,-57],[-13,-87],[70,22],[33,-32],[114,-46],[54,78],[47,-46],[75,-26],[35,27],[27,-15],[18,-63],[13,92],[-13,51],[13,49],[96,-77],[54,44],[-1,30],[126,-36],[0,-46],[54,-10],[-4,-60],[80,-36],[-26,-182],[29,-74],[23,47],[48,4],[8,54],[77,-40],[-15,-35],[12,-59],[-18,-39],[49,20],[89,-11],[10,25],[86,-21],[95,37],[15,22],[105,-3],[54,110],[13,65],[42,84],[-25,28],[106,109],[13,76],[-53,18],[102,66],[82,93],[86,60],[9,57],[106,169],[-22,49],[41,64],[-15,43],[33,15],[54,136],[107,31],[73,126],[22,-40],[70,-40],[117,-23],[1,-44],[62,-56],[-30,-44],[14,-44],[-66,-26],[-84,8],[49,-95],[-2,-44],[36,-57],[-11,-23],[62,-76],[51,6],[31,-60],[-7,-28],[57,-64],[80,23],[56,-3],[56,29],[97,-10],[0,-28],[68,-95],[62,-59],[-19,-102],[57,-68],[-6,-53],[-41,-46],[104,-43],[46,67],[77,77],[10,50],[107,113],[60,-5],[86,65],[13,-7]],[[48972,31039],[5,-27],[88,33],[22,57],[47,17],[47,-16],[64,5],[83,-41],[39,23],[28,74],[101,-16],[78,18],[29,-50],[122,-23],[80,29],[32,44],[90,37],[72,58],[-12,78],[69,53],[22,36],[121,92],[59,-8],[84,55],[48,13],[75,60],[70,123],[-19,49],[16,31],[-57,-6],[0,53],[-51,-56],[-82,-48],[-78,101],[-47,116],[65,62],[-20,23],[2,80],[58,137],[65,112],[0,31],[112,93],[108,49],[80,-10],[65,-133],[114,-58],[35,12],[88,111],[68,0],[205,99],[33,54],[2,57],[42,42],[91,41],[33,-4],[74,-48],[52,-12],[172,48],[272,25],[74,-11],[40,17],[213,5],[149,-34],[12,-15],[147,-50],[52,10],[-8,-115],[-52,-60],[-48,-4],[-42,-36],[10,-85],[25,-21],[33,-80],[43,5],[22,-87],[25,7],[79,-57],[14,-63],[86,-80],[32,17],[42,-61],[-25,-64],[6,-45],[-35,-89],[-54,-27],[-46,-93],[-33,-8],[-2,-61],[-46,-55],[-34,-75],[40,-139],[-32,-60],[-56,-57],[-10,-57],[27,-105],[46,-13],[34,-44],[103,19],[61,-41],[108,-4],[24,-19],[80,7],[-29,-75],[10,-23],[-56,-88],[40,-65],[-2,-73],[-49,-29],[-34,-112],[13,-28],[69,-35],[17,39],[59,12],[71,97],[59,-13],[-14,-42],[37,-38],[31,5],[56,-137],[82,-69],[14,-93],[114,-52],[8,-67],[48,-47],[-57,-43],[-5,-27],[39,-56],[77,-28],[14,-73],[-12,-44],[41,-100],[-70,-19],[-48,-34],[-18,-52],[-50,-66],[17,-58],[-33,-87],[-35,-37],[-41,8],[-94,-48],[-42,-4],[-44,-93],[-34,-13],[-52,18],[-38,-44],[-24,20],[-56,-9],[-54,44],[-41,-25],[-7,-92],[-20,-46],[-58,82],[-57,26],[-99,-30],[-62,-133],[36,-53],[0,-78],[-33,-16],[-14,-94]],[[32977,48425],[3,8],[-178,58],[-58,34],[-51,-30],[-1,44],[-54,1],[-11,69],[-125,52],[33,101],[62,48],[43,-14],[13,39],[84,-15],[36,55],[151,90]],[[32924,48965],[288,10],[43,-23],[18,-83],[46,-36],[20,-60],[11,-139]],[[33350,48634],[-18,-96],[43,8],[-11,37],[78,-3],[16,32],[75,-16],[52,-44],[-31,-114],[-111,-6],[-36,36],[-80,8],[-38,30],[-175,-87],[-137,6]],[[28783,56511],[22,-28],[43,18],[5,-38],[52,-8],[64,89],[112,-13],[44,-41],[-18,-44],[-1,-116],[71,-17],[31,-48],[177,-112],[42,-100],[88,-49],[79,-74],[42,-18],[12,-61],[41,-27],[35,-72],[116,-85],[83,-23],[169,-88],[32,-95],[56,-70],[53,-23],[7,-101],[39,-87],[-11,-82],[34,-15],[-2,-81],[53,-159],[89,-141],[2,-36],[61,-19],[57,-93],[-4,-34]],[[24182,52465],[1,58],[-292,23],[-7,-40],[-58,-7],[-89,32],[-91,12],[-111,-10],[-87,10],[5,23],[-232,43],[-21,36],[-114,87],[15,70],[-32,55],[-76,32],[-18,40],[14,80],[60,145],[80,159],[28,75],[128,227],[83,195],[-18,35],[29,49],[31,161],[126,133],[59,46],[138,32],[133,67],[81,55],[82,24],[88,5],[101,56],[58,53],[43,64],[51,4],[188,94],[127,80],[156,85],[79,65],[33,2],[91,89],[170,103],[122,22],[59,34],[115,35],[152,23],[157,37],[36,-23],[218,15],[104,26],[183,89],[53,1],[133,32],[254,84],[99,69],[38,10],[251,-24],[202,61],[105,75],[18,-15],[296,137],[105,67],[94,47],[13,42],[84,36],[82,63],[235,222],[76,43],[68,70],[123,73],[47,43],[47,5]],[[34035,47615],[45,36],[-52,39],[-8,35],[56,84],[61,64],[-41,64],[48,37],[28,75],[54,14],[-35,86],[-63,-21],[-26,15],[8,62],[49,77],[-33,30],[0,51]],[[34126,48363],[19,22],[-21,109],[-79,166],[41,14],[18,62],[-41,1],[-43,45],[14,49],[-53,44],[108,54],[7,63],[31,20],[-12,97],[57,43],[2,53],[-32,7],[-27,96],[-26,24],[-94,141],[71,2],[12,44],[-24,93],[-45,78],[-56,-17]],[[33953,49673],[-17,32],[-45,-13],[-17,72],[45,-9],[92,40],[13,69],[35,44],[77,7],[-43,35],[5,34],[-52,-24],[-14,42],[56,62],[31,62]],[[37756,45662],[-56,-4],[-82,63],[-72,-33],[-19,-76],[10,-67],[-38,-7],[0,47],[-36,-34],[-115,2],[-57,23],[7,-26],[-126,29],[-63,3],[-61,-84],[-135,35],[-103,-44],[-45,47],[-23,-18],[-23,49],[-35,13],[-22,-45],[-43,9],[-46,-42],[-30,45],[-49,-35],[-51,-4],[-61,-110],[-20,53],[-45,-3],[-45,25],[-79,-24],[-64,3],[-39,-99],[-3,-49],[31,-30],[-68,-57],[-54,-89],[50,-49],[-38,-36],[49,-58],[-21,-63],[87,-29],[-9,-62],[22,-80],[-53,8],[-75,-102],[18,-31],[-70,-102],[-10,-51],[-51,-15],[-18,30],[-70,-23],[3,-56],[-81,-28],[-91,-89],[7,-100]],[[33289,45211],[-40,40],[-1,61],[40,-22],[39,23],[79,7],[1,59],[24,49],[41,20],[-63,31],[58,48],[34,-15],[4,50],[78,10],[69,45],[-48,45],[42,45],[67,-3],[19,-25],[79,57],[3,21],[112,-22],[-86,91],[-44,76],[-55,16],[11,53],[-32,16],[31,68],[-41,40],[35,26],[6,55],[-27,53],[3,45],[37,23],[19,92],[-24,36],[-2,56],[-49,3],[24,111],[35,56],[-51,-1],[71,115],[28,81],[-16,72],[100,64],[13,63],[-13,48],[-66,12],[4,53],[-49,49],[52,29],[62,-7],[-3,58],[32,54],[-64,50],[50,90],[20,-14],[35,43],[23,-45],[41,0],[-3,40],[65,26],[-17,69],[-46,15]],[[29786,50114],[24,-42],[66,45],[60,19],[132,-17],[105,-79],[-12,-61],[131,-78],[38,35],[84,-14],[-5,34],[45,64],[31,-34],[120,1],[24,41],[-15,50],[87,27],[55,-1],[53,-45],[28,-53],[82,-24],[-28,-103],[-35,-53],[34,-6],[3,-55],[25,-15],[-16,-48],[39,33],[50,1],[6,92],[48,24],[64,69],[17,-40],[112,-130],[34,27],[51,-27],[31,24],[63,-43],[60,14],[89,-105],[51,-45],[33,25],[78,4],[69,38],[32,-42],[58,84],[112,-39],[49,63],[25,-56],[-28,-107],[28,-27],[123,-22],[47,-24],[60,-105],[-27,-81],[145,-23],[-1,-61],[-30,-32],[29,-85],[-28,-21],[7,-67]],[[32398,49018],[-107,-53],[-58,-78],[-65,-129],[38,8],[-28,-87],[40,-56],[-39,2],[-24,-40],[26,-160],[67,-31],[44,11],[28,-56],[0,-52],[87,7],[39,-66],[52,-14],[14,-64]],[[32512,48160],[11,-37],[-125,11],[-42,20],[9,-68],[-11,-62],[-44,22],[-56,-11],[-31,-44],[-43,29],[-63,-58],[-9,-54],[-68,33],[-93,-46],[62,-80],[-28,-23],[18,-32],[-42,-75],[-13,-56],[-40,26],[-29,-82],[-61,31],[-8,-22],[-92,5],[-14,-49],[-38,-4],[-25,-144],[-75,18],[-5,-76],[27,-47],[66,10],[66,-114],[65,-60],[-27,-50],[-90,-17],[-12,-73],[18,-33],[-58,-58],[-22,-68],[0,-77],[-58,-15],[-87,20],[-26,-30],[-66,45],[-56,-9],[-59,24],[-15,-101],[153,-98],[33,22],[9,-64],[-69,17],[-76,-68],[4,-48],[-26,-24],[-33,-88],[-3,-83],[-33,5],[-44,-46],[4,-70],[27,-36]],[[22235,37079],[41,-126],[30,-165],[30,-62],[-65,19],[34,-181],[88,56],[53,3],[68,-26],[21,-88],[-53,-67],[3,-45],[55,-53],[12,-65],[36,-18],[29,-75],[29,-126],[-62,-73],[-14,-101],[-41,-36],[40,2],[86,-35],[38,-50],[106,-61],[36,8],[-76,-124],[-47,62],[-78,18],[-49,-29],[-51,-69],[-50,0],[5,-63],[77,-26],[30,-37],[59,61],[66,-50],[-7,-36],[-54,-38],[-90,-93],[39,-68],[-25,-58],[46,-96],[50,48],[114,-136],[38,-14],[23,-45],[-53,-18],[-125,-84],[26,-64],[-17,-51],[-94,-31],[63,-67],[-148,-124],[38,-78],[-100,-59],[-58,-85],[37,-45],[152,42],[27,63],[60,38],[26,-10],[-13,-92],[-48,-91],[62,-25],[97,23],[12,-55],[-12,-70],[78,-19],[-32,-42],[-59,-4],[-120,-108],[-15,-102],[82,-31],[-7,-42],[-60,-118],[-33,19],[-74,-8],[6,-98],[-48,-107],[45,-24],[-72,-43],[21,-84],[116,36],[28,-50],[-42,-94],[42,-21],[-24,-89],[19,-51],[-32,-58],[4,-53],[-27,-68],[65,22],[-14,-58],[16,-40],[43,19],[61,-2],[42,-90],[41,-28],[-90,-106],[1,-25],[99,-49],[-49,-2],[-46,-124],[71,21],[17,-27],[65,-21],[24,-40],[102,-71],[28,57],[47,35],[-7,34],[45,69],[75,49],[15,38],[59,6],[74,-31],[87,-75],[14,-32],[-55,-64],[19,-70],[-48,2],[-27,-29],[15,-39],[68,-84],[-15,-89],[-35,-25],[-136,4],[66,-245],[-29,-29],[-32,15],[-54,-101],[-29,-25],[10,-83],[-25,-57],[136,-33],[16,-51],[32,-6],[25,-98],[74,-8],[7,-31],[64,-17],[30,78],[112,-15],[-19,-125],[-44,-23],[-38,-55],[35,-15],[-10,-32],[-64,-54],[19,-80],[21,-22]],[[19374,32154],[73,5],[53,-17],[24,33],[-17,48],[56,18],[48,48],[108,-58],[68,-8],[85,56],[4,91],[79,9],[61,53],[7,92],[115,-39],[68,28],[50,69],[56,104],[-56,45],[-69,-2],[-27,49],[-42,10],[-55,52],[-70,23],[-47,-151],[-88,42],[51,46],[-45,42],[-6,38],[27,82],[-10,21],[80,42],[-2,106],[38,-33],[13,31],[-38,48],[-13,88],[-53,18],[31,62],[-4,60],[-51,58],[-38,14],[32,87],[-19,18],[89,34],[58,-26],[30,47],[0,95],[-27,19],[8,83],[-38,-20],[-15,76],[-27,35],[41,27],[15,41],[-40,30],[31,39],[-52,40],[47,116],[-84,93],[-109,-9],[43,60],[2,72],[51,45],[-62,65],[-131,88],[109,89],[-33,34],[-23,73],[-120,127],[9,45],[-19,52],[-56,-12],[-39,37],[-1,52],[-31,18],[0,102],[43,65],[-2,53],[83,55],[-34,64],[-75,28],[-41,-11],[-22,48],[-127,36],[-66,54],[-6,37],[-51,79],[-61,51],[-35,78],[-64,29],[61,122],[-16,46],[58,57],[-61,-10],[-44,102],[-42,-34],[0,47],[-31,53],[-46,16],[-68,-20],[-45,48],[38,17],[65,-30],[-30,89],[-39,-46],[-32,25],[28,58],[-66,13],[-44,-22],[44,56]],[[28783,56511],[49,63],[173,117],[51,45],[49,70],[60,180],[47,167],[57,125],[92,113],[158,88],[72,13],[-22,-42],[68,-91],[93,-73],[75,38],[63,-8],[203,-100],[46,54],[-57,74],[1,62],[-37,62],[-136,27],[-38,-23],[-131,195],[-6,79],[-132,-5],[-58,30],[-9,54],[-33,38],[-8,53],[58,438],[21,71],[66,8],[3,-27],[183,12],[50,39],[11,-41],[65,-50]],[[29551,16704],[82,3],[-12,68],[27,62],[-39,30],[-124,12],[3,48],[-25,29],[62,-13],[-1,47],[76,18],[82,-27],[150,-13],[-3,97],[82,134],[43,-20],[52,34],[-40,97],[96,-8],[25,69],[64,7],[31,112],[25,30],[-54,120],[-73,26],[-11,-49],[-52,78],[24,32],[12,87],[-72,43],[-2,74],[27,57],[104,-10],[22,-23],[85,38],[116,-31],[60,27],[18,-50],[59,-7],[27,-65],[86,3],[-2,91],[52,25],[26,66],[83,-120],[51,-17],[16,57],[-53,124],[53,73],[23,-55],[48,12],[47,36],[79,-40],[42,28],[19,-61],[26,-16],[63,75],[-25,4],[-31,56],[-54,18],[11,34],[53,32],[48,-4],[121,-105],[17,28],[83,-55],[90,45]],[[48078,15450],[17,31]],[[53287,13866],[-44,-70],[1,-121],[-102,-48],[-41,-95],[-94,-20],[-23,55],[-36,-22],[12,-98],[-32,-30],[-44,36],[-59,15],[-154,-40],[-45,-22],[-91,100],[-79,-42],[-54,-82],[-22,-79],[19,-19],[-68,-112],[-15,-56],[22,-48],[-26,-27],[16,-33],[-92,-42],[-62,-1],[-43,-33],[-29,-68],[26,-82],[-53,8],[-63,-51],[-44,10],[-36,-29],[-7,-40],[-156,-94],[-26,-33],[9,-86],[33,-11],[130,17],[65,57],[37,0],[71,-57],[33,23],[-2,49],[42,16],[84,-78],[-33,-72],[-60,-68],[-36,5],[-22,-49],[3,-170],[75,-78],[-31,-21],[-77,-9],[-65,-59],[-9,-87],[-26,-2],[-71,-68],[-34,39],[-38,93],[-48,24],[-127,21],[-91,-44],[-30,-41],[24,-38],[-24,-44],[-44,17],[-123,-95],[-43,-1],[-41,32],[-60,10],[-47,-15],[-65,-84],[3,32],[-46,27],[-112,-15],[-25,-32],[-67,-8],[-7,-26],[-55,-13],[-41,-136],[20,-32],[-19,-37],[30,-12],[-9,-111],[-24,19],[-79,-4],[-51,29],[-35,-11],[13,50],[-68,60],[-87,-10],[-6,48],[-72,44],[-42,1],[-100,-51],[-170,18],[-75,-49],[-70,-70],[-59,-115],[-20,-100],[-1,-121],[14,-68],[71,-15],[-91,-46],[-52,29],[-10,38],[-41,-28],[-57,21],[-68,-51],[-26,53],[12,32],[48,11],[67,-19],[52,57],[3,75],[-31,121],[-50,35],[-63,-2],[-93,29],[-121,-57],[-131,-5],[-21,35],[35,52],[-25,42],[-60,38],[-135,24],[-30,-27],[-22,22],[-98,5],[-67,-35],[38,71],[-26,49],[-93,-13],[16,-24],[-52,-14],[-59,22],[-20,-45],[8,-44],[79,9],[39,-26],[2,-44],[-40,-10],[-29,-64],[66,-15],[33,41],[33,-49],[60,41],[49,-37],[8,-44],[-32,-36],[-32,34],[-107,-37],[-61,75],[-52,-4],[-79,-87],[-44,-101],[-133,9],[-31,28],[-26,65],[-104,32],[50,52],[36,138],[-29,11],[39,46],[-26,54],[-33,16],[-43,-33],[-10,25],[-79,0],[28,39],[-16,23],[33,27],[-8,30],[-57,28],[-60,-34],[-126,15],[-18,68],[-111,-20],[-14,56],[-42,21],[3,35],[50,35],[-8,56],[-34,34],[-56,-6]],[[51085,10858],[25,62],[88,32],[8,49],[49,60],[85,16],[53,27],[29,-43],[-34,-28],[-64,2],[-80,-170],[-53,-18],[-38,23],[-53,-89],[-20,21],[5,56]],[[50918,10711],[-32,30],[-87,8],[58,98],[34,-15],[79,50],[49,-35],[-10,-43],[-48,-64],[-43,-29]],[[50771,10783],[-20,32],[11,55],[9,-87]],[[50243,10887],[20,-23],[10,-109],[-133,-62],[-18,8],[-49,-61],[-43,10],[-7,42],[-75,39],[-64,13],[34,54],[63,14],[71,-51],[58,22],[38,56],[50,-6],[23,82],[22,-28]],[[48198,11209],[-13,65],[64,-15],[-51,-50]],[[17701,32193],[-45,6],[-102,81],[-19,-26],[-82,-8],[-76,-36],[33,-81],[-48,-75],[-10,-68],[23,-70],[-121,60],[-75,87],[-150,128],[-63,90],[-44,-30],[48,-96],[-4,-47],[38,-20],[-9,-40],[-33,13],[-53,87],[-53,145],[-90,89],[-74,53],[-73,5],[-41,-49],[-75,-2],[-69,35],[-52,7],[-42,-44],[-124,14],[-22,24],[-28,113],[-46,115],[-64,104],[-57,45],[-115,33],[-41,-26],[-269,52],[-53,-3],[-22,27],[-111,31],[24,28],[-87,75],[-95,31],[-96,56],[-14,50],[-48,0],[-33,45],[-100,55],[-65,96],[-60,34],[-56,-34],[-71,27],[-29,106],[-10,90],[-120,403],[-38,155],[-58,47],[-26,72],[-64,42],[-78,113],[-15,55],[-138,207],[-37,19],[-64,-24],[-60,86],[-2,79],[-80,97],[-283,291],[-52,42],[-191,127],[-110,101],[-18,124],[3,63],[-15,143],[-29,85],[2,43],[67,16],[80,-7],[52,54],[-42,9],[7,48],[116,140],[53,27],[20,40],[74,69],[60,111],[-8,64],[42,87],[-5,42],[51,76],[67,46],[56,11],[80,68]],[[12514,34777],[100,-118],[-77,8],[-44,23],[-80,-58],[-66,47],[-41,-17],[-53,20],[-23,45],[-105,54],[-33,104],[56,6],[24,41],[35,2],[87,-36],[44,0],[20,-54],[96,1],[60,-68]],[[12985,36343],[-111,91],[-94,-2],[-37,-42],[-51,16],[-99,146],[-63,36],[-4,56],[42,96],[-66,79],[89,-1],[45,29],[117,-11],[46,-61],[64,-7],[32,-58],[-2,-105],[-72,23],[-10,-88],[36,-54],[13,19],[305,-169],[43,-103],[-25,-16],[27,-50],[-5,-68],[-22,-43],[23,-79],[-30,3],[-53,67],[-47,172],[-91,124]],[[27881,32670],[-81,42],[-52,-94],[19,-38],[-46,-36],[-55,-6],[4,-107],[-97,46],[-23,61],[-105,-33],[-51,24],[-74,4],[-19,-46],[-88,-98],[20,-30],[-23,-61],[12,-25],[-38,-86],[-32,6],[-24,-48],[15,-49],[-36,-21],[26,-40],[-19,-37],[-56,30],[-10,-29],[-51,32],[-114,-1],[-64,50],[-10,-75],[-144,19],[-49,-101],[-128,-44],[-18,-86],[-71,-56],[46,-25],[-17,-47],[-166,5],[-47,-90],[0,-77],[52,-28],[38,-49],[-2,-47],[45,1],[23,-57],[-30,-8],[23,-188],[61,-52],[-56,-63],[-49,4]],[[52900,41988],[-30,12],[-70,-76]],[[54154,39916],[-62,-42],[-98,-7],[-65,-42],[-82,40],[-195,56],[-126,-58],[-7,-116],[24,-68],[38,5],[-13,-70],[19,-16],[-56,-40],[-84,-5],[-18,-61],[-112,-27]],[[32512,48160],[29,-64],[62,-35],[88,10],[81,-96],[-44,-60],[19,-36],[100,52],[6,-73],[47,6],[-6,51],[34,68]],[[32928,47983],[27,15],[65,-69],[65,-15],[29,52],[28,-1],[6,-167],[119,6],[55,30],[19,-51],[114,49],[38,-69],[24,64],[108,19],[121,52],[43,-43],[6,-85],[54,-52],[7,-52],[47,2],[38,-75],[94,22]],[[32797,49292],[158,-36],[38,-30],[4,-54],[-73,-107],[-27,-12],[27,-88]],[[32977,48425],[-58,-188],[28,-11],[-2,-47],[-70,-153],[53,-43]],[[32398,49018],[134,124],[166,122],[99,28]],[[34126,48363],[-98,49],[10,56],[-110,81],[-57,59],[-92,32],[-36,45],[-164,23],[-4,-26],[-60,-8],[-29,-28],[-53,14],[-27,-30],[-56,4]],[[32797,49292],[-6,68],[41,32],[150,-70],[49,82],[43,-16],[34,52],[101,-18],[60,-72],[41,-24],[45,22],[81,-28],[104,-1],[35,60],[59,35],[27,-16],[26,47],[97,50],[18,55],[59,94],[92,10],[0,19]]],"transform":{"scale":[0.00022658600120227504,0.0001544311216004308],"translate":[-5.14026,41.3387]},"objects":{"in":{"type":"GeometryCollection","geometries":[{"arcs":[[0,1,2,3,4,5,6]],"type":"Polygon","properties":{"country_code":"FRA","zone_id":"01","name":"Ain"}},{"arcs":[[7,8,9,10,11,12,13],[14]],"type":"Polygon","properties":{"country_code":"FRA","zone_id":"02","name":"Aisne"}},{"arcs":[[15,16,17,18,19,20]],"type":"Polygon","properties":{"country_code":"FRA","zone_id":"03","name":"Allier"}},{"arcs":[[21,22,23,24,25,26]],"type":"Polygon","properties":{"country_code":"FRA","zone_id":"04","name":"Alpes-de-Haute-Provence"}},{"arcs":[[27,28,-22,29,30]],"type":"Polygon","properties":{"country_code":"FRA","zone_id":"05","name":"Hautes-Alpes"}},{"arcs":[[[31,32,-24]],[[33]],[[34]]],"type":"MultiPolygon","properties":{"country_code":"FRA","zone_id":"06","name":"Alpes-Maritimes"}},{"arcs":[[[35]],[[36]],[[37]],[[38,39]]],"type":"MultiPolygon","properties":{"country_code":"FRA","zone_id":"2A","name":"Corse-du-Sud"}},{"arcs":[[-39,40]],"type":"Polygon","properties":{"country_code":"FRA","zone_id":"2B","name":"Haute-Corse"}},{"arcs":[[41,42,43,44,45,46,47]],"type":"Polygon","properties":{"country_code":"FRA","zone_id":"07","name":"Ardèche"}},{"arcs":[[48,49,50,-10]],"type":"Polygon","properties":{"country_code":"FRA","zone_id":"08","name":"Ardennes"}},{"arcs":[[51,52,53,54]],"type":"Polygon","properties":{"country_code":"FRA","zone_id":"09","name":"Ariège"}},{"arcs":[[55,56,57,58,59]],"type":"Polygon","properties":{"country_code":"FRA","zone_id":"10","name":"Aube"}},{"arcs":[[60,61,62,63,64,-52]],"type":"Polygon","properties":{"country_code":"FRA","zone_id":"11","name":"Aude"}},{"arcs":[[65,66,67,68,69,70,71]],"type":"Polygon","properties":{"country_code":"FRA","zone_id":"12","name":"Aveyron"}},{"arcs":[[[72]],[[73]],[[74]],[[75,76,77,78],[79]]],"type":"MultiPolygon","properties":{"country_code":"FRA","zone_id":"13","name":"Bouches-du-Rhône"}},{"arcs":[[80,81,82,83]],"type":"Polygon","properties":{"country_code":"FRA","zone_id":"14","name":"Calvados"}},{"arcs":[[84,85,86,-66,87,88]],"type":"Polygon","properties":{"country_code":"FRA","zone_id":"15","name":"Cantal"}},{"arcs":[[89,90,91,92,93]],"type":"Polygon","properties":{"country_code":"FRA","zone_id":"16","name":"Charente"}},{"arcs":[[[94,95,-94,96,97,98]],[[99]],[[100]],[[101]],[[102]]],"type":"MultiPolygon","properties":{"country_code":"FRA","zone_id":"17","name":"Charente-Maritime"}},{"arcs":[[103,104,-21,105,106,107]],"type":"Polygon","properties":{"country_code":"FRA","zone_id":"18","name":"Cher"}},{"arcs":[[108,109,-89,110,111,112]],"type":"Polygon","properties":{"country_code":"FRA","zone_id":"19","name":"Corrèze"}},{"arcs":[[[-59,113,114,115,116,117,118]],[[119,120]]],"type":"MultiPolygon","properties":{"country_code":"FRA","zone_id":"21","name":"Côte-d'Or"}},{"arcs":[[[121]],[[122]],[[123]],[[124,125,126,127,128,129]]],"type":"MultiPolygon","properties":{"country_code":"FRA","zone_id":"22","name":"Côtes-d'Armor"}},{"arcs":[[-106,-20,130,-109,131,132]],"type":"Polygon","properties":{"country_code":"FRA","zone_id":"23","name":"Creuse"}},{"arcs":[[133,-112,134,135,136,-97,-93]],"type":"Polygon","properties":{"country_code":"FRA","zone_id":"24","name":"Dordogne"}},{"arcs":[[137,138,139,140]],"type":"Polygon","properties":{"country_code":"FRA","zone_id":"25","name":"Doubs"}},{"arcs":[[141,-30,-27,142,-44],[143]],"type":"Polygon","properties":{"country_code":"FRA","zone_id":"26","name":"Drôme"}},{"arcs":[[144,145,146,147,148,149,150,-82]],"type":"Polygon","properties":{"country_code":"FRA","zone_id":"27","name":"Eure"}},{"arcs":[[-150,151,152,153,154,155,156]],"type":"Polygon","properties":{"country_code":"FRA","zone_id":"28","name":"Eure-et-Loir"}},{"arcs":[[[-129,157,158]],[[159]],[[160]],[[161]],[[162]],[[163]],[[164]],[[165]],[[166]],[[167]]],"type":"MultiPolygon","properties":{"country_code":"FRA","zone_id":"29","name":"Finistère"}},{"arcs":[[168,-46,169,-79,170,171,-68]],"type":"Polygon","properties":{"country_code":"FRA","zone_id":"30","name":"Gard"}},{"arcs":[[172,173,-61,-55,174,175,176]],"type":"Polygon","properties":{"country_code":"FRA","zone_id":"31","name":"Haute-Garonne"}},{"arcs":[[177,178,-177,179,180,181]],"type":"Polygon","properties":{"country_code":"FRA","zone_id":"32","name":"Gers"}},{"arcs":[[[-98,-137,182,183,184]],[[185]],[[186]],[[187]]],"type":"MultiPolygon","properties":{"country_code":"FRA","zone_id":"33","name":"Gironde"}},{"arcs":[[-172,188,-63,189,-69]],"type":"Polygon","properties":{"country_code":"FRA","zone_id":"34","name":"Hérault"}},{"arcs":[[[190,-125]],[[191,192,193,194,195,196,-127]]],"type":"MultiPolygon","properties":{"country_code":"FRA","zone_id":"35","name":"Ille-et-Vilaine"}},{"arcs":[[197,-107,-133,198,199,200]],"type":"Polygon","properties":{"country_code":"FRA","zone_id":"36","name":"Indre"}},{"arcs":[[201,-201,202,203,204]],"type":"Polygon","properties":{"country_code":"FRA","zone_id":"37","name":"Indre-et-Loire"}},{"arcs":[[205,-31,-142,-43,206,207,-6]],"type":"Polygon","properties":{"country_code":"FRA","zone_id":"38","name":"Isère"}},{"arcs":[[208,-140,209,-2,210,-116]],"type":"Polygon","properties":{"country_code":"FRA","zone_id":"39","name":"Jura"}},{"arcs":[[211,212,-184,213,-182]],"type":"Polygon","properties":{"country_code":"FRA","zone_id":"40","name":"Landes"}},{"arcs":[[-155,214,-108,-198,-202,215]],"type":"Polygon","properties":{"country_code":"FRA","zone_id":"41","name":"Loir-et-Cher"}},{"arcs":[[216,217,-207,-42,218,219,-18]],"type":"Polygon","properties":{"country_code":"FRA","zone_id":"42","name":"Loire"}},{"arcs":[[-219,-48,220,-86,221]],"type":"Polygon","properties":{"country_code":"FRA","zone_id":"43","name":"Haute-Loire"}},{"arcs":[[222,-196,223,224,225]],"type":"Polygon","properties":{"country_code":"FRA","zone_id":"44","name":"Loire-Atlantique"}},{"arcs":[[226,227,-104,-215,-154,228,229]],"type":"Polygon","properties":{"country_code":"FRA","zone_id":"45","name":"Loiret"}},{"arcs":[[-111,-88,-72,230,231,-135]],"type":"Polygon","properties":{"country_code":"FRA","zone_id":"46","name":"Lot"}},{"arcs":[[-136,-232,232,-178,-214,-183]],"type":"Polygon","properties":{"country_code":"FRA","zone_id":"47","name":"Lot-et-Garonne"}},{"arcs":[[-221,-47,-169,-67,-87]],"type":"Polygon","properties":{"country_code":"FRA","zone_id":"48","name":"Lozère"}},{"arcs":[[-195,233,234,-204,235,236,237,-224]],"type":"Polygon","properties":{"country_code":"FRA","zone_id":"49","name":"Maine-et-Loire"}},{"arcs":[[[-84,238,239,-193,240]],[[241]]],"type":"MultiPolygon","properties":{"country_code":"FRA","zone_id":"50","name":"Manche"}},{"arcs":[[-51,242,243,-57,244,-11]],"type":"Polygon","properties":{"country_code":"FRA","zone_id":"51","name":"Marne"}},{"arcs":[[-244,245,246,247,-114,-58]],"type":"Polygon","properties":{"country_code":"FRA","zone_id":"52","name":"Haute-Marne"}},{"arcs":[[-240,248,249,-234,-194]],"type":"Polygon","properties":{"country_code":"FRA","zone_id":"53","name":"Mayenne"}},{"arcs":[[[250]],[[251]],[[252,253,254,255,256]]],"type":"MultiPolygon","properties":{"country_code":"FRA","zone_id":"54","name":"Meurthe-et-Moselle"}},{"arcs":[[-50,257,-257,258,-246,-243],[-251],[-252]],"type":"Polygon","properties":{"country_code":"FRA","zone_id":"55","name":"Meuse"}},{"arcs":[[[-128,-197,-223,259,-158]],[[260]],[[261]],[[262]],[[263]],[[264]],[[265]],[[266]],[[267]],[[268]],[[269]],[[270]]],"type":"MultiPolygon","properties":{"country_code":"FRA","zone_id":"56","name":"Morbihan"}},{"arcs":[[271,-254,272]],"type":"Polygon","properties":{"country_code":"FRA","zone_id":"57","name":"Moselle"}},{"arcs":[[-228,273,-118,274,-120,275,-16,-105]],"type":"Polygon","properties":{"country_code":"FRA","zone_id":"58","name":"Nièvre"}},{"arcs":[[[276,-8,277,278]],[[279]]],"type":"MultiPolygon","properties":{"country_code":"FRA","zone_id":"59","name":"Nord"}},{"arcs":[[[280,-13,281,282,-147,283]],[[-15]]],"type":"MultiPolygon","properties":{"country_code":"FRA","zone_id":"60","name":"Oise"}},{"arcs":[[-83,-151,-157,284,-249,-239]],"type":"Polygon","properties":{"country_code":"FRA","zone_id":"61","name":"Orne"}},{"arcs":[[-279,285,286],[-280]],"type":"Polygon","properties":{"country_code":"FRA","zone_id":"62","name":"Pas-de-Calais"}},{"arcs":[[-19,-220,-222,-85,-110,-131]],"type":"Polygon","properties":{"country_code":"FRA","zone_id":"63","name":"Puy-de-Dôme"}},{"arcs":[[-181,287,288,-212],[289],[290]],"type":"Polygon","properties":{"country_code":"FRA","zone_id":"64","name":"Pyrénées-Atlantiques"}},{"arcs":[[[-180,-176,291,-288]],[[-290]],[[-291]]],"type":"MultiPolygon","properties":{"country_code":"FRA","zone_id":"65","name":"Hautes-Pyrénées"}},{"arcs":[[-65,292,-53],[293]],"type":"Polygon","properties":{"country_code":"FRA","zone_id":"66","name":"Pyrénées-Orientales"}},{"arcs":[[294,295,296,-255,-272]],"type":"Polygon","properties":{"country_code":"FRA","zone_id":"67","name":"Bas-Rhin"}},{"arcs":[[-296,297,298,299]],"type":"Polygon","properties":{"country_code":"FRA","zone_id":"68","name":"Haut-Rhin"}},{"arcs":[[300,-7,-208,-218]],"type":"Polygon","properties":{"country_code":"FRA","zone_id":"69","name":"Rhône"}},{"arcs":[[301,302,-141,-209,-115,-248]],"type":"Polygon","properties":{"country_code":"FRA","zone_id":"70","name":"Haute-Saône"}},{"arcs":[[-121,-275,-117,-211,-1,-301,-217,-17,-276]],"type":"Polygon","properties":{"country_code":"FRA","zone_id":"71","name":"Saône-et-Loire"}},{"arcs":[[-285,-156,-216,-205,-235,-250]],"type":"Polygon","properties":{"country_code":"FRA","zone_id":"72","name":"Sarthe"}},{"arcs":[[303,-28,-206,-5,304]],"type":"Polygon","properties":{"country_code":"FRA","zone_id":"73","name":"Savoie"}},{"arcs":[[-305,-4,305]],"type":"Polygon","properties":{"country_code":"FRA","zone_id":"74","name":"Haute-Savoie"}},{"arcs":[[306,307,308]],"type":"Polygon","properties":{"country_code":"FRA","zone_id":"75","name":"Paris"}},{"arcs":[[309,-284,-146,310]],"type":"Polygon","properties":{"country_code":"FRA","zone_id":"76","name":"Seine-Maritime"}},{"arcs":[[311,312,313,-282,-12,-245,-56,314,-230,315]],"type":"Polygon","properties":{"country_code":"FRA","zone_id":"77","name":"Seine-et-Marne"}},{"arcs":[[316,317,318,-152,-149]],"type":"Polygon","properties":{"country_code":"FRA","zone_id":"78","name":"Yvelines"}},{"arcs":[[-237,319,-90,-96,320]],"type":"Polygon","properties":{"country_code":"FRA","zone_id":"79","name":"Deux-Sèvres"}},{"arcs":[[321,-286,-278,-14,-281,-310]],"type":"Polygon","properties":{"country_code":"FRA","zone_id":"80","name":"Somme"}},{"arcs":[[-70,-190,-62,-174,322]],"type":"Polygon","properties":{"country_code":"FRA","zone_id":"81","name":"Tarn"}},{"arcs":[[-231,-71,-323,-173,-179,-233]],"type":"Polygon","properties":{"country_code":"FRA","zone_id":"82","name":"Tarn-et-Garonne"}},{"arcs":[[[323,-25,-33,324,-77]],[[325]],[[326]],[[327]],[[328]],[[329]]],"type":"MultiPolygon","properties":{"country_code":"FRA","zone_id":"83","name":"Var"}},{"arcs":[[[-45,-143,-26,-324,-76,-170]],[[-144]]],"type":"MultiPolygon","properties":{"country_code":"FRA","zone_id":"84","name":"Vaucluse"}},{"arcs":[[[-238,-321,-95,330,-225]],[[331]],[[332]]],"type":"MultiPolygon","properties":{"country_code":"FRA","zone_id":"85","name":"Vendée"}},{"arcs":[[-236,-203,-200,333,-91,-320]],"type":"Polygon","properties":{"country_code":"FRA","zone_id":"86","name":"Vienne"}},{"arcs":[[-334,-199,-132,-113,-134,-92]],"type":"Polygon","properties":{"country_code":"FRA","zone_id":"87","name":"Haute-Vienne"}},{"arcs":[[-259,-256,-297,-300,334,-302,-247]],"type":"Polygon","properties":{"country_code":"FRA","zone_id":"88","name":"Vosges"}},{"arcs":[[-315,-60,-119,-274,-227]],"type":"Polygon","properties":{"country_code":"FRA","zone_id":"89","name":"Yonne"}},{"arcs":[[-335,-299,335,-138,-303]],"type":"Polygon","properties":{"country_code":"FRA","zone_id":"90","name":"Territoire de Belfort"}},{"arcs":[[336,337,-316,-229,-153,-319]],"type":"Polygon","properties":{"country_code":"FRA","zone_id":"91","name":"Essonne"}},{"arcs":[[338,-307,339,-337,-318,340]],"type":"Polygon","properties":{"country_code":"FRA","zone_id":"92","name":"Hauts-de-Seine"}},{"arcs":[[-313,341,-308,-339,342]],"type":"Polygon","properties":{"country_code":"FRA","zone_id":"93","name":"Seine-Saint-Denis"}},{"arcs":[[-309,-342,-312,-338,-340]],"type":"Polygon","properties":{"country_code":"FRA","zone_id":"94","name":"Val-de-Marne"}},{"arcs":[[-314,-343,-341,-317,-148,-283]],"type":"Polygon","properties":{"country_code":"FRA","zone_id":"95","name":"Val-d'Oise"}}]}}}