{"type":"Topology","arcs":[[[19295,19923],[-2581,619],[-1,-10]],[[16713,20532],[-62,11]],[[16651,20543],[-228,-11]],[[16423,20532],[-89,-4]],[[16334,20528],[-1486,-10]],[[14848,20518],[-14,10]],[[14834,20528],[-88,57]],[[14746,20585],[-38,12]],[[14708,20597],[-223,15]],[[14485,20612],[-83,-4]],[[14402,20608],[-132,8],[-329,-54],[-33,-66]],[[13908,20496],[-86,-40]],[[13822,20456],[0,9]],[[13822,20465],[-59,26],[-149,-28]],[[13614,20463],[0,2],[-1085,-65]],[[12529,20400],[-166,30],[-122,-38],[-162,51],[-16,-43],[-84,4]],[[11979,20404],[-2653,387]],[[9326,20791],[-291,38],[-585,-15],[-1785,-42],[-95,-13],[-528,-14],[83,-27],[-145,7],[-77,-40],[139,-55],[-287,58],[-102,-32],[93,-25],[-183,14],[-146,-27],[-56,-37],[177,-2],[-89,-48],[93,-22],[-30,-24],[293,-30],[185,12],[165,63],[-16,-30],[103,-6],[-194,-43],[-176,-31],[118,-72],[-41,-1],[-123,67],[-156,11],[-7,-58],[45,-18]],[[5708,20349],[0,-11]],[[5708,20338],[-98,-4],[19,39],[-57,25],[15,34],[-180,27],[-82,73],[-80,22],[-132,-65],[96,-34],[-134,16],[35,-40],[-49,-9],[104,-30],[-129,11]],[[5036,20403],[-133,-5]],[[4903,20398],[-70,-12]],[[4833,20386],[-211,-81]],[[4622,20305],[-107,-3],[-11,-32]],[[4504,20270],[-292,-38]],[[4212,20232],[-175,-52]],[[4037,20180],[-30,-53]],[[4007,20127],[-75,8]],[[3932,20135],[-79,-53]],[[3853,20082],[-58,-28],[-109,-1],[-153,-106],[-54,-11]],[[3479,19936],[0,3],[-2052,-615]],[[1427,19324],[-3,2]],[[1424,19326],[-1273,-25]],[[151,19301],[-51,39],[-81,6],[-19,-4],[0,2278],[21785,0],[-29,-2290],[-1421,744],[-1040,-151]],[[7039,2572],[0,-2]],[[7039,2570],[-6,-9]],[[7033,2561],[-8,-3]],[[7025,2558],[0,-7]],[[7025,2551],[-16,-8]],[[7009,2543],[22,-26],[-14,-48],[15,-37],[-110,-81],[-14,-63],[-41,-12],[3,-62],[-29,32],[-46,-21],[-14,62]],[[6781,2287],[-6,-5]],[[6775,2282],[-23,-19],[-43,-83],[-77,-157],[-89,-18]],[[6543,2005],[-1436,-399]],[[5107,1606],[-72,-11],[41,45],[-45,6],[-36,-42],[-8,38],[-35,-30],[-27,44],[-74,-34],[-15,25],[-124,-18]],[[4712,1629],[0,6],[-304,0],[-4408,0]],[[0,1635],[0,1407]],[[0,3042],[6773,0]],[[6773,3042],[716,0],[36,0],[588,0]],[[8113,3042],[19,0]],[[8132,3042],[46,0],[3902,0]],[[12080,3042],[8862,0]],[[20942,3042],[843,0]],[[21785,3042],[0,-1407]],[[21785,1635],[-561,0]],[[21224,1635],[-18,64],[-16,-26],[-121,55],[-36,46],[-57,18],[-135,19],[-64,-13],[-40,39],[-39,-40],[15,-42],[-52,17],[-24,63],[-50,42],[-25,56],[-112,42],[-28,-16],[-118,36],[-80,74],[-25,9],[-5,-47],[-38,-16],[-32,16],[-86,-4],[-4,47],[-158,-11],[-82,12],[-16,50],[-52,42],[-51,0],[-57,-34],[-15,13],[41,81],[-43,6],[-11,27],[-51,-16],[-55,24],[-126,12],[-39,17],[-67,4],[-76,25],[-20,-12],[-73,38],[-64,-43],[-51,49],[-98,-19],[-76,3],[-251,-31],[-62,4],[-19,-26],[-54,5],[-122,-32],[-42,-29],[-142,-34],[-10,28],[-137,12],[-162,-49],[-2,28],[77,23],[22,32],[-20,26],[-59,24],[-37,54],[-46,14],[-247,218],[-567,110],[-416,-20],[-436,-217],[-102,-281],[-26,-31],[-43,-1],[-210,-67],[-578,45],[-76,-12],[-280,47],[-61,-18],[-134,33],[-74,-12],[-31,31],[-67,27],[-89,-31],[14,36],[-15,43],[63,1],[-89,66],[-46,20],[-78,7],[-108,-20],[-94,-52],[14,-93],[-79,32],[-48,-13],[46,-23],[-36,-36],[1,-34],[-92,28],[17,20],[-51,17],[-10,-43],[-85,-19],[-18,-16],[-113,-27],[-25,-28],[-97,-46],[-465,4],[-34,-48],[26,-67],[-22,-47],[-76,-28],[-83,-9],[-169,-75],[-75,-16],[-73,18],[-32,55],[-26,5],[-50,-50],[-45,21],[-32,47],[-38,-72],[-110,-7],[-4,75],[-46,0],[-19,-31],[-85,18],[-8,24],[-47,-15],[-120,-2],[-46,36],[-82,-88],[-31,4],[-124,67],[-38,-35],[-68,-3],[-138,-20],[-152,-30],[-107,-37],[-83,-63],[-32,55],[-57,-21],[-49,14],[-200,0],[32,57],[-21,18],[-117,-28],[10,-75],[-57,-15],[-35,61],[-53,31],[4,-26],[-114,0]],[[10171,1734],[-2974,0]],[[7197,1734],[-15,33],[-39,-4],[28,51],[-53,15],[25,30],[-30,66],[-60,67],[-21,71],[-17,-37],[-71,23],[-12,30],[33,21],[-45,5],[9,93],[28,20],[21,50],[56,-8],[-19,27],[20,47],[30,1],[33,-51],[1,55],[49,-8],[27,19],[24,-24],[28,44],[-77,-17],[-28,34],[33,34],[-23,29],[34,18],[-7,25],[39,1],[66,67],[30,11],[41,-22],[-16,36],[48,58],[67,35],[5,27],[42,-22],[79,14],[54,254]],[[7614,2952],[-30,18],[-24,-7]],[[7560,2963],[-142,-93],[-59,-1],[-97,-84],[-49,18],[-16,-25],[-77,-30],[-17,-19],[-52,-147],[-12,-10]],[[12492,1867],[-27,-17],[29,-31],[25,14],[-27,34]],[[11855,1908],[-18,-26],[33,-17],[29,40],[-44,3]],[[10676,1787],[48,-57],[42,43],[-90,14]],[[7396,2631],[-37,-33],[31,-33],[35,4],[3,34],[-32,28]],[[7130,1919],[22,32],[-46,24],[24,-56]],[[6920,2418],[1,6]],[[6921,2424],[-1,-6]],[[10054,18518],[391,-340],[45,-51],[308,-147]],[[10798,17980],[-6,-27],[21,-50]],[[10813,17903],[-20,-47],[-49,-30],[-36,-77]],[[10708,17749],[-101,-15],[-18,6]],[[10589,17740],[-74,-7]],[[10515,17733],[-47,-34],[-1,-56]],[[10467,17643],[-8,-14]],[[10459,17629],[-9,-16]],[[10450,17613],[-1,-18]],[[10449,17595],[-1,-33]],[[10448,17562],[-11,-20],[-43,-223]],[[10394,17319],[-32,-58],[38,-5],[-25,-49],[-91,2],[12,-20],[-16,-68],[50,-55],[-38,-65],[9,-40],[-37,-47],[48,1],[-32,-34],[33,11],[-16,-25],[62,12],[70,49],[8,15],[55,12]],[[10492,16955],[13,-64]],[[10505,16891],[42,-194]],[[10547,16697],[-52,-45],[42,-157]],[[10537,16495],[-129,-590]],[[10408,15905],[-15,-31],[-37,-13],[-22,-44],[18,-22],[15,-65],[-12,-21],[14,-133],[-14,-104],[-16,-79],[-14,-25],[-6,-75],[21,1],[-5,-36],[20,0],[4,-126],[-11,-49],[24,11],[46,-14],[21,20],[37,3],[24,-29],[27,-95]],[[10527,14979],[18,-15]],[[10545,14964],[7,-29]],[[10552,14935],[-1,-1]],[[10551,14934],[-6,-1]],[[10545,14933],[-11,-4]],[[10534,14929],[-26,-124],[-33,-100],[-40,-40],[-45,-33],[-57,-99],[-6,-60],[-28,-82],[-4,-87],[13,-33],[0,-42],[-50,-129],[-36,-43],[-21,-41],[-34,-32],[-58,-26],[-14,-32],[-24,-114],[-51,-59],[-23,-105],[-4,-66],[-11,-39],[-52,-87],[6,-12],[-24,-80],[-9,-63],[-35,-85],[-10,-129],[13,28],[16,-56],[11,3],[14,-53],[-5,-54],[-14,-53],[18,-44],[8,-59],[0,-121],[-27,-155],[0,-55],[-37,-113],[-24,-21],[23,-14],[11,-29],[38,-131],[13,13],[42,4],[-67,-22],[-17,4],[7,-121],[46,-49],[8,-24],[23,22],[3,-90],[25,-51],[12,16],[21,-84],[45,-40],[2,-35],[24,-58],[7,-118],[16,-44],[22,-24],[2,-34],[34,-26],[38,-61],[27,-27],[4,-19],[31,-29],[69,-126],[53,-58],[44,-29]],[[10437,11050],[1,-5],[846,-504]],[[11284,10541],[5,-22]],[[11289,10519],[0,-2]],[[11289,10517],[-3385,-1]],[[7904,10516],[-27,33],[-25,72],[21,36],[-4,61],[-30,21],[-13,47],[-23,132],[-10,100],[-20,27],[-6,-31],[-8,63],[-9,-17],[-8,35],[-51,87],[-33,18],[-24,27],[-60,25],[-60,-3],[-7,-21],[-62,25],[-14,-53],[1,65],[-48,85],[-26,8],[-12,-43],[8,102],[-44,92],[-47,57],[-21,12],[-28,90],[-14,24]],[[7200,11692],[11,86],[36,139],[63,178],[-33,265],[-116,384],[-113,79],[-127,-42]],[[6921,12781],[-34,12],[-53,6],[-7,-13]],[[6827,12786],[-71,19]],[[6756,12805],[-20,41],[-57,26],[18,26],[-25,-3],[-13,46],[-10,-5],[-50,35],[-37,-3],[-16,-24],[-49,25],[-44,-9]],[[6453,12960],[-48,44]],[[6405,13004],[-44,58],[-46,10],[3,32],[-64,36],[-51,72],[-9,-9],[-63,70],[-36,5],[-24,42],[-58,44]],[[6013,13364],[133,188]],[[6146,13552],[24,-42],[18,22],[0,30],[-25,61]],[[6163,13623],[-39,164]],[[6124,13787],[26,21],[-14,12],[-22,-16]],[[6114,13804],[-65,-6]],[[6049,13798],[-11,73],[-32,144],[-5,47],[19,-34],[-23,70],[-21,92],[-17,133],[14,48],[11,76],[12,8],[27,59],[27,25],[48,69],[19,59],[20,26],[40,9],[10,42],[38,52],[37,-7],[40,65],[20,13],[1,59],[-30,142]],[[6293,15068],[4,31]],[[6297,15099],[55,166],[6,54],[46,97],[13,74],[-16,34],[62,6],[78,50],[-41,-17],[20,46],[44,11],[8,51],[14,-38],[28,28],[3,-22],[43,18]],[[6660,15657],[254,232]],[[6914,15889],[53,38],[53,96],[14,-20],[165,100],[-28,48]],[[7171,16151],[3,4]],[[7174,16155],[10,-18],[54,10],[34,39],[-3,24]],[[7269,16210],[212,76],[25,20]],[[7506,16306],[39,-4],[28,59],[18,-1],[22,59],[20,-58],[-19,-62],[36,31],[-2,-56],[33,0],[23,92],[-3,42]],[[7701,16408],[532,1482],[0,5]],[[8233,17895],[0,26],[38,-12],[2,64],[35,39],[23,113],[11,110],[-48,18],[53,-3],[58,72],[34,55],[-14,62],[36,32],[-55,76],[51,-6],[40,36],[-37,22],[94,13],[54,78],[28,8],[-43,-76],[15,-14],[42,34],[41,-5],[45,38],[-14,38],[41,-24],[66,59],[57,111],[60,45],[-10,55],[81,-47],[422,-393],[94,-10],[50,-49],[-25,-40],[-42,-6],[6,-24],[85,13],[63,-47],[94,-18],[50,38],[72,19],[35,30],[91,41],[10,37],[32,15]],[[10130,11435],[-1,20],[-20,-8],[21,-12]],[[10054,14076],[23,17],[-19,6],[-4,-23]],[[10044,14045],[-19,-70],[25,25],[4,60],[-10,-15]],[[9961,13987],[-18,0],[-1,-45],[19,11],[0,34]],[[9899,13987],[18,47],[-47,-24],[14,-41],[15,18]],[[9863,14544],[19,12],[-30,13],[11,-25]],[[9819,14066],[-16,-4],[9,-34],[7,38]],[[9453,12374],[21,-9],[-19,40],[-2,-31]],[[9361,12603],[20,20],[-22,-1],[2,-19]],[[9328,15187],[36,-17],[5,13],[-41,4]],[[6802,14836],[-72,-31],[-50,-122],[-27,-285],[0,-783],[17,-121],[115,-193],[87,-86],[294,-176],[237,-53],[228,0],[126,40],[70,112],[30,193],[8,82],[0,1091],[-23,179],[-65,102],[-144,51],[-831,0]],[[6474,13142],[-31,-14],[-8,-31],[30,5],[9,40]],[[6341,13419],[-1,-47],[10,-2],[-9,49]],[[6283,13555],[3,61],[-36,52],[-4,-17],[38,-38],[-1,-58]],[[6185,13837],[17,-11],[18,-44],[-2,-73],[11,78],[-28,46],[-16,4]],[[6201,13467],[-11,43],[-18,-8],[14,-58],[15,23]],[[21785,16805],[0,-6299]],[[21785,10506],[-335,0],[-39,157],[-13,209],[-38,92],[-45,0],[-26,-118],[13,-157],[32,-183],[-2510,0]],[[18824,10506],[-70,0],[-53,210],[-28,117]],[[18673,10833],[0,3]],[[18673,10836],[977,1270],[32,66],[38,143],[20,131],[6,118],[-6,274],[-20,98],[-32,124],[-41,33],[-138,45],[-35,59],[-16,98],[0,163],[35,144],[19,117],[7,92],[-7,111],[-93,294],[-25,137],[0,98],[-23,150],[-19,98],[-46,105]],[[19306,14804],[13,63],[23,-17],[12,64],[16,-15],[-16,-30],[6,-49],[30,45],[2,30],[25,27],[-15,41],[0,55],[21,61],[4,58],[-6,59],[11,48],[21,9],[12,70],[14,17],[5,90],[-17,71],[94,196],[11,51],[33,57],[40,8],[53,28],[18,26]],[[19716,15867],[22,-3],[53,56],[144,190],[144,150],[106,157],[89,163],[74,130],[53,118]],[[20401,16828],[59,79],[22,61],[9,70],[59,45],[28,-16],[88,172],[39,41],[53,142],[16,27]],[[20774,17449],[90,-125],[137,-130],[199,-157],[173,-118],[157,-58],[147,-46],[108,-10]],[[3384,16224],[5,-7]],[[3389,16217],[4,-79],[-13,-233],[-24,-108],[29,-177],[-4,-51],[-15,-59],[3,-29],[27,-49],[11,-117],[35,-57],[11,-49],[25,-28],[8,-76],[14,-27],[17,-81],[62,-120],[14,-35],[-1,-61],[10,-14],[53,-6],[28,-38],[38,-12],[6,-34],[20,-2],[37,-53],[14,-78],[24,-82],[13,-18],[-2,-36],[36,-93],[4,-49],[11,-13],[9,-68],[41,-46],[51,-96],[6,-22],[-8,-51],[-24,-28],[-28,7],[30,-51],[6,-26],[37,-31],[14,-30],[27,27],[8,-44],[39,-46],[20,-89],[-1,-80],[39,-64],[64,-89],[17,-74],[10,-15],[28,47]],[[4269,13384],[150,69],[3,5]],[[4422,13458],[32,-82],[37,-71],[8,-78],[27,-62],[-2,-46],[-15,-42],[14,-24],[-25,-24],[11,-51],[33,-82],[62,-59],[29,-62],[45,-33],[51,-17],[15,-34],[46,-55],[50,-35],[20,-25],[56,-22],[15,-29],[46,-42],[34,-7],[41,-31],[18,5],[193,-48],[46,-91],[27,-42],[41,-37],[33,0],[48,-46],[32,-10],[25,-24],[56,-12],[6,25],[21,-4],[9,-50],[-20,-6],[56,-92],[17,-51],[44,-81],[-10,-23],[14,-19],[-9,-43],[12,-61],[19,-11],[12,-29],[14,30],[-23,54],[33,-44],[3,-32],[47,-45],[15,-30],[-6,-52],[27,-26],[-11,38],[19,-15],[17,-64],[12,31],[27,-1],[31,-22],[13,-51],[15,-12],[12,34],[13,-84],[25,7],[26,28]],[[6051,11439],[113,0]],[[6164,11439],[47,-123],[-6,-41],[13,-49],[-17,-30],[8,-15],[7,-85],[-9,-82],[21,-18],[-36,-128],[-27,-48],[-30,-22],[3,-66],[-14,9],[-14,-28],[8,-51],[-51,-28],[-21,-24],[-1,-90]],[[6045,10520],[-581,0],[-45,139],[-41,109],[-81,33],[2,-256],[-5298,0],[-1,0]],[[0,10545],[0,6272]],[[0,16817],[67,2],[124,13],[184,37],[192,65],[155,83],[183,113],[126,84]],[[1031,17214],[27,-31],[1569,517]],[[2627,17700],[1,-33],[30,-36],[16,-82],[19,28],[10,-52],[28,-18],[1,-43],[37,-12],[58,-77],[-27,-13],[55,-97],[-17,-87],[21,-86],[37,-38],[-1,-27],[69,-102],[162,-155],[26,-32],[3,-39],[37,2],[55,-59],[6,-27],[36,-32],[10,-31],[38,12],[-17,-26],[22,-26],[9,-87],[15,-30],[16,-77],[2,-94]],[[1472,12854],[53,68],[-24,59],[-38,34],[0,-32],[-14,-33],[11,-83],[12,-13]],[[1410,13098],[16,-41],[27,18],[-17,24],[-26,-1]],[[1340,13173],[-6,18],[-19,-14],[10,-33],[28,-1],[-13,30]],[[1223,13233],[20,-20],[10,28],[-17,15],[-13,-23]],[[0,3042],[0,5378],[0,21],[0,31],[0,6],[0,40],[0,2],[0,2025]],[[6045,10520],[-23,-52],[-4,-60],[-21,-28],[6,-38],[2,-85],[-12,-14],[10,-191],[-29,-72],[-3,-43],[13,-44],[-3,-18],[17,-73],[-16,-37],[63,-73],[21,-51],[23,-95],[22,-46],[15,-50],[35,-182],[27,-92],[7,-56],[25,-46],[4,-49],[19,-36],[39,-144],[-11,-43],[26,-95],[25,-33],[26,-63],[58,-62],[19,-29],[82,-69],[22,-36],[35,-36],[12,-48],[59,-89],[5,-107],[8,-66],[-3,-114],[6,-95],[-15,-167],[-14,-26],[-1,-38],[12,-24],[-6,-27],[-5,-106],[8,-66],[-17,-75],[4,-67],[-24,-173],[-8,-80],[-20,-68],[12,-89],[-5,-61],[-17,-23],[1,-104],[15,-150],[-11,-72],[-9,-15],[5,-69],[-21,-63],[-13,-115],[-24,-61],[-15,-99],[-15,-37],[-6,-59],[-23,-3],[-4,-62],[12,-43],[-4,-40],[18,-106],[-11,-69],[-16,-37],[-17,-128],[14,-77],[-19,-6],[-10,-134],[-11,-43],[32,-17],[-3,-95],[-11,-31],[-32,-32],[31,-84],[16,-1],[15,-54],[-29,-44],[15,84],[-18,-6],[-2,-33],[-55,-14],[9,-35],[-45,-55],[29,-153],[32,17],[18,-29],[25,2],[14,34],[6,-42],[-59,-1],[7,-57],[18,4],[-13,-45],[1,-75],[29,-27],[-24,2],[-3,-45],[-18,-28],[27,-36],[0,-36],[-28,52],[-2,-37],[-25,-3],[17,-47],[56,-33],[-18,-43],[49,-48],[54,38],[-39,-45],[-33,6],[-10,-19],[-27,14],[16,-64],[-42,-16],[27,-39],[29,-5],[37,-29],[-40,-23],[32,-23],[1,-26],[32,9],[12,-25],[22,33],[16,-61],[28,8],[20,-17],[17,34],[10,-31],[-55,-19],[67,-38],[47,12],[39,-25]],[[6712,3736],[-1,-10]],[[6711,3726],[-47,14],[-6,-33],[34,-37],[7,35],[26,-35],[48,-25]],[[6773,3645],[0,-603]],[[20942,3042],[0,1195]],[[20942,4237],[2,39]],[[20944,4276],[17,294],[69,113]],[[21030,4683],[40,17],[-20,50]],[[21050,4750],[6,41]],[[21056,4791],[26,-30],[79,7],[61,107],[27,87],[18,104],[45,30],[53,2],[-20,65],[30,46],[19,57],[45,95],[62,17],[41,49],[52,130],[16,60],[-10,14],[11,46],[17,13],[30,-20],[5,64],[17,21],[16,106],[-16,16]],[[21680,5877],[-151,102]],[[21529,5979],[-19,32],[5,-89],[-14,26],[-35,18],[4,66],[-24,66],[11,-1],[-16,66],[-53,39],[-9,-6],[-20,55],[-14,10]],[[21345,6261],[-45,48],[-783,305],[0,212]],[[20517,6826],[0,106],[510,784],[143,296],[-23,81]],[[21147,8093],[-13,27]],[[21134,8120],[-2,53]],[[21132,8173],[-9,41]],[[21123,8214],[-37,102]],[[21086,8316],[-6,31]],[[21080,8347],[-2,94]],[[21078,8441],[-1,12]],[[21077,8453],[-6,43]],[[21071,8496],[0,28]],[[21071,8524],[1,18]],[[21072,8542],[-4,62]],[[21068,8604],[-5,74],[-31,71],[-3,69],[-21,474],[-295,-104]],[[20713,9188],[-11,35],[-16,1],[-27,29]],[[20659,9253],[12,65],[-6,19]],[[20665,9337],[-7,21]],[[20658,9358],[-10,33]],[[20648,9391],[-13,59],[-18,35]],[[20617,9485],[-3,9],[-55,7],[-58,67]],[[20501,9568],[-6,8]],[[20495,9576],[-25,29],[-45,7],[-24,34]],[[20401,9646],[-36,50]],[[20365,9696],[-42,26]],[[20323,9722],[-23,33],[-22,64],[-14,13]],[[20264,9832],[-9,28]],[[20255,9860],[-9,27]],[[20246,9887],[-23,71],[-64,26]],[[20159,9984],[-7,22],[-51,86],[-69,86]],[[20032,10178],[-35,23]],[[19997,10201],[-14,18],[-15,-12]],[[19968,10207],[-52,19],[-109,45],[-11,-1]],[[19796,10270],[-32,-5]],[[19764,10265],[-87,29],[-51,30],[-65,18],[-41,-57],[-36,-137]],[[19484,10148],[-48,41],[-26,2],[-8,20],[-50,12],[-69,69],[-51,38],[-42,-44],[3,-23],[-20,-21],[-27,-10],[-9,-38],[-46,-94],[-27,2],[-12,52],[-8,-3],[-5,49],[-10,-37],[-18,79],[-3,59],[9,44],[-17,76],[-31,2],[-23,27],[-42,19],[-27,-31],[-37,38],[-16,30]],[[21785,10506],[0,-1986],[-27,-12],[-64,-67],[13,-23],[30,32],[13,-11],[31,8],[0,27],[-22,-28],[3,27],[23,45],[0,-98],[0,-5378]],[[21679,8374],[-26,-7],[-25,-30],[-5,-55],[32,-22],[49,22],[-4,53],[-21,39]],[[19134,10284],[42,7],[-41,18],[-44,8],[43,-33]],[[19116,10423],[-31,10],[28,-58],[16,-12],[16,15],[-29,45]],[[6571,3734],[61,-29],[-1,32],[-60,-3]],[[6373,4878],[27,1],[-4,59],[-23,-60]],[[6360,4499],[-17,-43],[6,-24],[-28,-64],[29,-7],[6,39],[22,-58],[9,39],[-5,108],[-22,10]],[[6359,4139],[-11,-17],[15,-60],[19,35],[-23,42]],[[6342,4592],[17,-80],[21,4],[-16,92],[-22,-16]],[[6341,4337],[-14,-37],[37,18],[-23,19]],[[6348,4486],[-32,-6],[7,-43],[25,49]],[[6329,4248],[18,31],[-19,4],[1,-35]],[[6333,4580],[-13,0],[-4,-85],[24,11],[-7,74]],[[5413,10429],[17,-8],[5,25],[-22,-17]],[[5350,10511],[28,-67],[-20,-30],[5,-27],[28,10],[7,23],[-34,109],[-14,-18]],[[1838,8345],[17,-20],[-2,26],[-15,-6]],[[492,8785],[25,-6],[-9,21],[-27,3],[11,-18]],[[453,8849],[-16,-4],[15,-34],[18,-2],[-6,42],[-11,-2]],[[208,5118],[-17,-13],[31,-28],[9,38],[-23,3]],[[12080,3042],[0,3175],[1,7]],[[12081,6224],[23,-4],[31,40],[32,12],[44,-1],[28,37],[18,8],[44,-9],[19,12],[75,-23],[11,24],[38,-4],[21,37],[27,-6],[39,29],[47,58],[61,93],[38,77],[48,87],[64,196],[27,55],[30,39],[15,52],[19,138],[4,63]],[[12884,7234],[738,127]],[[13622,7361],[24,-3],[40,41],[34,10],[27,45],[23,113],[22,173],[26,138],[16,110],[53,316],[-2,81],[19,53],[4,70],[28,48],[11,58],[-15,81],[-3,85],[-15,120],[-41,122]],[[13873,9022],[-22,37],[-258,63],[-131,35],[-112,41]],[[13350,9198],[-13,37],[-25,24],[-12,30],[-9,89],[-11,31],[-9,62],[8,53],[-9,61],[16,61],[-41,86],[-3,56],[24,149],[16,23],[23,112],[15,40],[7,69],[25,19],[17,42],[-2,21],[30,20],[36,110],[90,197],[52,95],[36,51],[68,82],[50,100],[67,150],[40,123],[25,84],[18,101],[25,82],[5,38],[15,29],[20,80],[24,72],[6,112],[28,9]],[[14002,11798],[1315,-1369]],[[15317,10429],[430,831]],[[15747,11260],[30,-9],[40,32],[16,23],[13,59],[1,42]],[[15847,11407],[808,-213]],[[16655,11194],[-1,-29],[17,-64],[58,-117],[31,-30],[26,-74],[12,-16],[7,-60],[52,-56],[14,-51],[22,-141],[27,-30],[15,-52],[28,-63],[10,-58],[23,-79],[-1,-26],[44,-126],[34,-53],[24,-68],[24,-40],[55,-75],[47,-102]],[[17223,9784],[40,-101]],[[17263,9683],[-1,-14],[35,-1],[41,-26],[-3,-38],[50,-13],[38,-31],[32,-9],[18,16],[33,-5],[45,-23],[35,-32],[54,-19],[71,-13],[35,15],[68,-51],[47,-19],[88,-15],[27,-15],[69,32],[11,20],[40,-122],[31,-12],[36,-54],[31,-3],[41,-70],[89,-7],[6,-7]],[[18330,9167],[242,-350]],[[18572,8817],[-20,-52],[-24,20],[-17,-76],[-19,17],[-24,-29],[10,-50],[-17,11],[-38,-57],[-4,-33],[12,-44],[-7,-27],[-36,-6],[-8,24],[-15,-37],[18,-47],[-10,-17],[-3,-63],[-26,81],[-10,52],[-15,-43],[-34,-65],[5,-81],[7,-8],[-32,-54],[-20,-78],[-19,-46],[-60,-53],[-37,-16],[-29,5],[-21,-33],[-34,-14],[-48,-42],[-42,8],[-42,-46],[-34,-57],[-36,-31],[-15,-25],[-14,-49],[-14,-18],[-1,81],[-10,-14],[-17,-86],[7,-47],[-3,-49],[-16,-56],[-4,-47],[-2,-180],[28,-77],[-16,-28],[-12,56],[-3,-38],[42,-115],[8,-91],[23,-57],[25,-110],[4,-107],[0,-398],[-1,-90],[44,-33],[15,-33],[32,-24],[65,-14],[27,12]],[[18035,6193],[1,-7],[1686,-1028],[5,-3]],[[19727,5155],[22,-13]],[[19749,5142],[26,-14],[1157,-883]],[[20932,4245],[10,-8]],[[16955,10165],[17,-63],[-1,40],[-16,23]],[[16945,10165],[11,17],[-11,21],[0,-38]],[[16918,10263],[2,-29],[15,-13],[-17,42]],[[16876,10308],[24,-10],[-25,102],[-16,-35],[17,-57]],[[16848,10511],[-6,-64],[14,34],[-8,30]],[[16791,10694],[-24,-5],[37,-102],[11,3],[4,43],[-28,61]],[[16696,10870],[-6,-29],[40,-37],[-3,19],[-31,47]],[[15057,4379],[20,21],[56,-22],[14,16],[-32,11],[37,7],[10,29],[-14,18],[-40,-26],[-8,36],[-29,-13],[0,52],[-17,-50],[3,-79]],[[14365,7983],[16,2],[9,34],[-8,27],[-17,-29],[0,-34]],[[14257,7936],[-17,-3],[3,-45],[26,-9],[3,25],[-15,32]],[[13305,9907],[-12,-2],[-1,-55],[12,14],[1,43]],[[13271,9738],[16,-13],[-16,82],[-7,-56],[7,-13]],[[6773,3645],[-23,85],[-39,-4]],[[6712,3736],[52,12],[78,-13],[26,-14],[70,19],[10,25],[-64,18],[-64,60],[-72,97],[9,44],[-25,41],[21,33],[30,286],[14,91],[39,77],[39,35],[35,50],[-7,14],[11,59],[-6,22]],[[6908,4692],[12,266]],[[6920,4958],[0,43],[17,23],[5,105],[18,41],[40,40],[-43,26],[23,28],[20,-5],[12,-36],[26,7],[6,50],[-11,35],[23,117],[61,35],[9,26],[-11,40],[21,110],[40,59],[96,18],[100,50],[38,43],[9,42],[44,110],[-5,62]],[[7458,6027],[112,175]],[[7570,6202],[45,32],[23,36],[22,74],[46,79],[19,86],[33,67],[39,52],[25,51],[27,79],[16,77],[17,54],[29,61],[28,36],[11,62],[4,109],[-7,61],[8,109],[9,27],[-18,13],[17,27],[13,-18],[19,52],[61,94],[55,54],[30,-1],[31,52],[23,14],[-4,27],[47,18],[39,-10],[8,33],[8,-30],[55,2],[4,45],[17,34],[35,28],[8,20],[-3,51],[15,74],[24,41],[24,103],[18,57],[-2,79],[15,80],[20,35],[-4,48],[6,68],[15,111],[-11,149],[3,69],[-5,63],[15,54],[-1,44],[10,21],[12,-41],[15,14],[34,92],[17,74],[28,84],[33,41],[33,88],[31,67],[11,37],[20,118],[1,85],[-11,110],[-15,102],[-19,54],[-26,9],[-37,-5],[-35,23],[-53,86],[-26,61],[-90,106],[-31,8],[-51,-17],[-34,23],[-22,-6],[-42,41],[-27,10],[-70,53],[-7,26],[-25,34],[-16,-31],[-7,45],[-12,1],[-34,39],[-24,7],[-12,24],[-36,19],[-34,-18],[-26,56],[-56,18],[-4,24]],[[11289,10517],[26,0],[105,-79]],[[11420,10438],[21,-85],[28,-37],[-13,-4],[-17,39],[16,-73],[28,-76],[36,-61],[41,-100],[45,-92],[26,-111],[-3,-20],[16,-44],[39,15],[-46,-28],[13,-61],[18,-45],[3,-35],[31,-140],[-1,-39],[-22,-45],[13,-81],[38,-166],[-3,-94],[-23,-87],[-26,-32],[-26,-81],[-16,-149],[-19,-122],[-13,-25],[4,-108],[-6,-94],[3,-66],[19,-66],[22,-48],[43,-155],[17,-90],[32,-105],[21,-53],[13,-63],[-8,-33],[4,-38],[2,-114],[20,-102],[1,-86],[7,-73],[23,-132],[23,-71],[46,-84],[28,-94],[15,-86],[29,-113],[33,-89],[6,-47],[-4,-66],[-24,-21],[25,-74],[12,-57],[-7,-37],[28,10],[1,-32],[16,2],[33,-50]],[[8132,3042],[-19,0]],[[8709,3742],[17,13],[-32,63],[-64,33],[-7,-21],[60,-44],[26,-44]],[[7384,4172],[-57,13],[-8,-51],[-31,-29],[10,-47],[12,35],[33,-10],[-2,20],[51,28],[-8,41]],[[7240,4078],[26,21],[40,67],[-53,-6],[-26,15],[20,-51],[-44,-35],[37,-11]],[[6975,3742],[56,17],[-45,1],[-11,-18]],[[6812,3729],[-53,-1],[14,-30],[60,8],[-21,23]],[[13106,16115],[22,-13],[-18,-20],[34,-19],[12,-29],[27,-5],[20,-34],[32,-16],[70,-101],[40,-43],[19,-7],[39,-50],[17,-85],[-21,-68],[-70,-57],[-51,18],[-63,-22],[-79,32],[-18,22],[-16,-13],[-28,52],[-45,6],[-18,41],[-16,-13],[-82,7],[-66,-35],[-51,-51],[-12,-26],[-55,11],[-26,-6],[-52,8],[-52,42],[-13,61],[-30,52],[24,35],[3,54],[32,25],[11,112],[24,57],[31,10],[10,62],[-7,42],[37,22],[35,85],[45,14],[63,-6],[-48,-36],[42,-30],[44,12],[28,-29],[-70,-67],[63,-37],[-6,-68],[28,-20],[48,52],[23,-1],[23,37],[24,-12],[32,8],[11,40]],[[18673,10836],[-99,205],[-5,-10]],[[18569,11031],[-9,-19]],[[18560,11012],[-65,-79]],[[18495,10933],[-13,37],[-2,236]],[[18480,11206],[17,46],[31,44],[1,63],[23,48],[0,53],[-8,20],[-5,80],[-13,18],[11,26],[-8,35],[-8,112],[-25,49],[4,80],[-9,20],[-7,88],[5,30],[-23,47],[-36,-6],[-28,20],[3,43],[-22,9],[2,20],[-16,46],[19,19],[-33,32],[-5,-38],[-23,62],[-22,9],[-18,-22],[1,-27],[-25,23],[-9,45],[3,32],[-19,72],[13,43],[0,32],[32,31],[24,116],[-17,39],[-6,39],[9,80],[-7,11]],[[18286,12795],[5,143],[-13,98],[-15,52],[-25,45],[-34,86]],[[18204,13219],[2,13]],[[18206,13232],[1,7]],[[18207,13239],[8,66],[18,42],[38,249]],[[18271,13596],[70,-129],[54,-35],[81,57],[102,143],[39,101]],[[18617,13733],[17,45],[20,24],[0,28]],[[18654,13830],[62,162]],[[18716,13992],[10,25]],[[18726,14017],[74,173],[11,52],[-15,48],[6,51]],[[18802,14341],[38,48],[24,146],[17,37]],[[18881,14572],[29,3]],[[18910,14575],[9,-19],[20,10],[19,64],[21,19],[33,-33],[12,45],[22,26]],[[19046,14687],[26,11]],[[19072,14698],[17,-44],[28,1],[25,76],[32,18],[-19,44],[19,47],[2,-32],[24,-4],[-13,-23],[29,10],[39,-8],[23,60],[14,-14],[-3,-34],[17,9]],[[18410,12250],[-11,-51],[17,-12],[5,38],[-11,25]],[[20944,4276],[-12,-31]],[[19749,5142],[31,-11],[29,84],[14,10],[13,-46],[11,8],[-3,72],[18,74],[5,-8],[-1,135],[-14,19],[15,99],[-21,31],[90,238],[30,35],[1,84],[14,125],[30,81],[17,108],[19,46],[1,43],[31,84],[40,57],[5,48],[24,76],[5,107],[15,85]],[[20168,6826],[349,0]],[[21345,6261],[28,-69],[-5,-24],[51,-120],[-2,20],[29,-27],[0,-45],[-13,13],[24,-74],[21,-88],[-13,-51],[-7,-70],[-48,-47],[8,-42],[65,-55],[15,-41],[-12,-62],[-59,-27],[-21,2],[-38,-35],[-7,53],[-21,41],[-31,-53],[-7,-62],[-32,-43],[-14,-75],[-31,-65],[-54,-61],[-1,-14],[-62,-56],[-27,-11],[-81,-129],[8,-35],[-39,-50],[13,-47],[58,0],[16,-21]],[[21050,4750],[-20,-67]],[[15847,11407],[-30,146],[-40,116],[-31,54],[-22,65],[0,107],[-5,47],[6,51],[22,86],[7,83],[-14,105],[4,45],[-7,61],[14,79],[22,23],[20,-17],[18,71],[29,-1],[30,29],[2,46],[19,42],[36,41],[28,57],[27,28],[40,102],[41,62],[-17,-1],[18,34],[7,-25],[43,28],[28,49],[14,48],[-7,66],[14,32],[35,19],[32,60],[-9,-55],[32,-4],[4,57],[6,-66],[18,8],[3,27],[16,-18],[36,37],[17,-24],[21,53],[-9,61],[10,47],[21,-66],[32,35],[21,-81],[11,-67],[3,-63],[41,-108],[20,10],[-4,-38],[22,-2],[39,-76],[-11,-25],[-20,16],[27,-58],[7,48],[2,-54],[21,-80],[9,-78],[-21,-163]],[[16595,12518],[-30,-52],[-49,-177],[-22,-141],[-17,-196],[-5,-161],[14,-146],[37,-183],[29,-104],[33,-72],[57,-61],[14,-25]],[[16656,11200],[-1,-6]],[[16386,13239],[5,49],[-22,43],[11,-63],[-10,-32],[16,3]],[[18286,12795],[-20,-24],[-45,39],[-31,-13],[-14,-107],[3,-85],[-6,-52],[5,-38],[-14,-22],[-20,35],[15,-182],[22,-49],[9,3],[-1,49],[19,-20],[2,-27],[-19,-38],[2,-47],[20,-6],[-2,-28],[-33,-2],[23,-85]],[[18201,12096],[-33,-75]],[[18168,12021],[-20,-6]],[[18148,12015],[-24,-102]],[[18124,11913],[-15,-62],[2,-33],[-16,-27],[-55,-125],[-14,-13],[-32,-65],[-8,-42]],[[17986,11546],[-24,-84],[-3,-87]],[[17959,11375],[-17,-57],[-22,-49],[-20,-73],[-23,-15],[10,-27],[-13,-32],[-23,11],[-42,-51],[-19,-8],[-4,-37],[-28,-62],[-25,-66],[-18,-17],[-61,-27],[-30,-51],[2,-37],[-10,-91],[-46,39],[-22,0],[-21,38],[-16,-13],[-18,-52],[-10,-87],[2,-54],[19,-40],[-8,-59],[9,-35],[31,-35],[14,-48],[-3,-57],[7,-10],[9,-119]],[[17563,10154],[-119,5]],[[17444,10159],[-8,31],[-19,10]],[[17417,10200],[-60,-5]],[[17357,10195],[-28,14],[-12,74],[-15,44],[-20,-2],[-27,-64],[39,-17],[13,-80],[34,-28]],[[17341,10136],[-30,-20]],[[17311,10116],[-29,89],[-34,17],[-18,-26],[-4,23],[11,36],[-17,21],[-12,109],[-39,19],[-17,43],[-1,42],[22,30],[-7,30],[-20,27],[-48,-36],[31,34],[-9,24]],[[17120,10598],[2,7]],[[17122,10605],[4,12]],[[17126,10617],[3,3]],[[17129,10620],[5,4]],[[17134,10624],[14,28]],[[17148,10652],[3,-10],[50,6]],[[17201,10648],[20,-32],[0,47],[-9,-3]],[[17212,10660],[-9,27]],[[17203,10687],[-4,39],[-24,105],[-23,44],[1,72],[-6,31],[7,77],[-3,57],[-27,83],[-27,41],[-11,37]],[[17086,11273],[3,4],[142,298],[2,-1]],[[17233,11574],[20,4],[24,57],[40,38],[-3,34],[-17,40],[33,-55],[25,69],[-20,23],[27,10],[6,35],[15,-33],[105,116],[13,48],[1,114],[13,-6],[-10,84],[2,71],[-13,106],[-16,82],[-9,13],[-39,104],[-12,-1],[-40,71],[-42,102],[0,24]],[[17336,12724],[134,77]],[[17470,12801],[50,-40],[56,66],[8,52],[24,88],[-18,31],[-7,34],[-21,-27],[-17,11]],[[17545,13016],[0,2]],[[17545,13018],[31,7],[4,20],[-20,42],[14,59],[9,-15],[28,37],[35,6],[21,35],[22,-13],[75,59],[0,46],[-13,40],[17,26],[0,-33],[39,-70],[5,37],[19,20],[12,-17],[20,25],[19,-12],[45,32],[14,-4],[9,50],[51,50]],[[18001,13445],[157,-87],[2,3]],[[18160,13361],[14,-66],[15,-23],[15,-53]],[[17517,10391],[-3,-31],[20,25],[-17,6]],[[17434,10970],[13,-2],[5,37],[-12,26],[-12,-19],[15,-29],[-9,-13]],[[17215,10487],[26,-14],[-22,42],[-4,-28]],[[17215,10472],[-13,-16],[6,-24],[14,23],[-7,17]],[[14002,11798],[-15,30],[-3,84],[10,61]],[[13994,11973],[1,417]],[[13995,12390],[57,55],[-2,37],[9,42],[15,22],[63,35],[27,31],[61,4],[14,42],[-3,25],[14,32],[48,13],[17,27],[6,52],[31,39],[39,14],[51,147],[18,38],[-4,20],[-15,-42],[-10,10],[26,86],[28,47],[26,89],[2,30]],[[14513,13285],[95,326]],[[14608,13611],[55,4],[16,15],[56,-6],[4,18],[36,-3],[30,-18],[7,15],[55,6],[45,27],[17,-43],[0,-45],[28,-13],[9,-72],[21,-44],[12,11],[23,-38],[32,32],[-21,-35],[23,-63]],[[15056,13359],[13,-81]],[[15069,13278],[-1,-26],[63,-125],[27,-42],[22,-16],[109,-108],[9,-39],[4,-103],[17,-131],[11,-144],[9,-50],[27,-81],[1,-40],[24,-64]],[[15391,12309],[-113,-122],[-49,-70],[-17,-74],[27,-370],[30,-587],[13,-453],[35,-204]],[[14136,12036],[32,2],[23,24],[-53,19],[-19,-21],[17,-24]],[[3479,19936],[-132,-248],[54,-71],[-63,-86],[-9,-60],[-49,-77]],[[3280,19394],[-132,-172]],[[3148,19222],[18,-38],[-78,-68],[-8,21],[-76,-28],[-37,-55],[-41,44],[42,8],[79,45],[-51,18],[-162,-87],[-61,-22],[17,34],[-34,15],[-272,-4],[-149,4],[-109,57],[-120,-13],[-38,19],[-114,7],[-94,35],[-119,-11],[-75,29],[14,20],[-60,15],[-58,-16],[-135,73]],[[7200,11692],[-18,10],[-16,32],[-15,-20],[-18,31],[-12,-25],[-12,49],[-13,-15],[2,34],[-13,25],[33,2],[30,24],[-50,1],[-48,-14],[-48,-1],[26,-9],[-60,-57],[-17,-3],[-43,23],[-24,46],[-45,-3],[-54,-17],[-16,3],[-16,82],[-26,34],[-48,6],[-12,63],[-11,23],[-17,-36],[6,-32],[23,5],[-5,-28],[-95,-59],[-8,-29],[-22,104],[28,18],[22,41],[-8,35],[-27,11],[-26,-29],[-8,-37],[-27,-22],[-36,-51],[-45,6],[-21,-71],[-3,27],[-24,15],[-36,-62],[-14,-108],[2,-35],[-30,-23],[-8,-34],[-39,-51],[-21,-10],[-5,18],[-45,74],[-25,21],[-65,23],[-33,-47],[-43,-40],[-32,-13],[-53,31],[-8,49],[-25,29],[-40,99],[-26,103],[13,42],[-10,27],[9,20],[-5,59],[11,20],[1,81],[9,83],[14,43],[-7,57],[8,23],[-29,47],[-7,-19],[-30,75],[-19,-3],[-25,23],[-30,-11],[-19,13],[-34,-27],[-34,-3]],[[5633,12458],[-83,192]],[[5550,12650],[11,99],[-15,30],[19,59],[-1,-39],[12,-31],[26,162],[-16,6],[16,33],[-2,25],[36,96],[2,67],[-11,18]],[[5627,13175],[129,37]],[[5756,13212],[23,7],[0,-19],[28,21],[8,28],[32,7],[39,57],[50,-1],[9,-26],[-19,-10],[15,-23],[52,-18],[28,1],[16,-24],[58,-38],[28,7],[11,-13],[9,-57],[30,-42],[46,-8],[8,-30],[-37,-68],[94,17],[52,-12],[69,36]],[[6453,12960],[-2,-21],[42,-27],[-7,-45],[28,-49],[-26,-30],[-49,11],[-38,17],[-12,-39],[32,-37],[31,25],[30,-12],[50,10],[40,-72],[22,77],[24,8],[27,-11],[25,24],[51,-4],[13,-24],[22,44]],[[6827,12786],[-1,-52],[74,-3],[21,50]],[[7188,12340],[24,-38],[-6,29],[-18,9]],[[7173,11841],[-2,-61],[-25,-24],[54,8],[-1,66],[7,21],[-33,-10]],[[7169,12541],[1,-25],[21,3],[-22,22]],[[7172,12429],[6,-37],[4,44],[-10,-7]],[[7162,12528],[-9,-3],[8,-42],[1,45]],[[6174,12792],[-15,-2],[27,-71],[35,-20],[21,32],[39,-7],[-9,29],[-34,30],[-58,16],[-6,-7]],[[5865,13202],[14,-43],[17,16],[-9,39],[-22,-12]],[[5627,13175],[-14,-15],[-54,21],[-45,-25],[-57,-17],[-32,-33]],[[5425,13106],[-414,-26]],[[5011,13080],[-27,99],[-13,126],[11,218],[10,77],[17,70],[5,55],[-16,46],[-9,70],[16,87],[16,52],[37,45],[-14,31],[48,-9],[35,40],[23,51],[-8,41],[15,-20],[41,16],[9,17],[47,-4],[55,-27],[23,34],[39,-47],[-3,-20],[33,-20],[22,20],[10,-23],[21,43],[31,-47],[21,16],[-43,51],[22,25],[-2,28],[-26,-5],[30,42],[26,9],[46,-6],[8,40],[13,-50],[81,14],[42,-29],[24,-36],[3,-24],[56,28],[21,24],[21,-22],[24,-58],[39,-70],[-1,-50],[-11,-79],[34,-120],[13,3],[22,-112],[21,-19],[15,-86],[38,12],[9,23]],[[6031,13650],[27,-57],[-32,-61],[-84,-48],[-72,18],[-2,-151]],[[5868,13351],[-61,-41],[-20,-35],[3,-38],[-34,-25]],[[7701,16408],[-23,-39],[-3,25],[18,57],[-25,-15],[-19,-41],[-16,17],[15,50],[29,24],[5,32],[-61,-30],[22,33],[-28,13],[36,44],[-3,22],[-52,26],[-47,-41],[3,35],[-54,-4],[3,31],[31,36],[-38,-7],[-5,19],[-35,-59],[8,55],[50,105],[-10,51],[27,8],[12,71],[-19,22],[-9,45],[3,87],[-19,46],[-44,19],[-30,-33],[-9,20],[20,26],[-25,73],[10,17],[-34,37],[-50,-4],[-13,38],[-46,20],[-52,-31],[26,52],[-9,37],[-67,27],[1,45],[-38,41],[42,-2],[2,41],[-61,58],[27,47],[-36,36],[-30,-8],[23,50],[-47,-5],[31,27],[-33,64],[-34,27],[14,13],[-33,68],[-29,-7],[21,39]],[[6994,17958],[1150,-20],[2,5]],[[8146,17943],[87,-48]],[[5992,18346],[173,-146]],[[6165,18200],[11,-65],[26,-25],[-41,-91],[35,0],[-11,-22],[29,-74],[-25,-45],[-2,-37],[-42,-62],[-4,-24],[82,-82],[36,-103],[3,-59],[-8,-74],[-41,-68],[-34,-39],[-107,-66]],[[6072,17264],[-155,16]],[[5917,17280],[-22,39],[-80,20],[-70,-3],[-37,39],[-114,56],[-31,51],[-53,47],[-51,16],[-49,30],[-31,2],[-76,-33],[-4,43],[-51,177],[-61,-5],[-24,19],[-6,134],[8,57],[36,111],[45,56],[-17,21],[64,28],[-1,47],[33,-1],[-22,35],[56,-2],[40,20],[2,47],[-66,43],[54,-14],[42,7],[5,42],[82,1],[43,24],[50,79],[5,69],[70,79],[19,-13],[-24,-62],[-15,-105],[7,-53],[-57,-57],[21,-12],[63,16],[19,-70],[52,21],[55,62],[14,36],[62,-22],[5,-27],[85,-29]],[[6095,17498],[-44,-82],[65,41],[-21,41]],[[6076,18215],[-26,-8],[-15,-65],[28,-28],[29,54],[-16,47]],[[5916,18285],[-69,-9],[-32,-53],[13,-39],[41,6],[54,55],[-7,40]],[[14091,15598],[5,-20],[-12,-79],[10,-60],[35,-1],[7,-45],[-22,8],[-5,-42],[33,-7],[10,-32],[-2,-126],[11,-121],[-3,-16],[-36,6],[-71,-31],[-65,15],[-36,34],[-24,48],[-40,12],[-23,21],[-8,27],[-6,114],[10,40],[11,-8],[21,138],[49,11],[-35,37],[-34,55],[-7,34],[-44,81],[-55,133],[2,59],[-8,59],[-37,82],[20,20],[27,88],[38,25],[32,44],[24,12],[16,41],[39,14],[26,30],[45,29],[59,-35],[20,20],[27,-4],[15,-36],[-2,-58],[-22,-77],[26,-30],[-41,9],[-67,-5],[-22,-68],[30,-34],[-42,12],[-34,-6],[2,-32],[30,-16],[29,-88],[0,-38],[19,-2],[21,-38],[38,-11],[-6,-121],[22,-71]],[[6854,19889],[577,-227]],[[7431,19662],[55,4],[11,-75],[49,-37],[-24,-18],[58,-30],[-3,-28],[-49,-23],[17,-43],[-17,-69],[49,-24],[32,-102],[-34,-75]],[[7575,19142],[-755,6]],[[6820,19148],[-50,43],[-37,-46],[-11,32],[34,39],[-96,40],[-81,-42],[38,45],[-8,29],[-43,0],[15,32],[-100,39],[-91,-1],[8,45],[-38,8],[-17,41],[-111,36],[56,19],[-70,78]],[[6218,19585],[2,18],[-185,114]],[[6035,19717],[53,42],[-58,16],[51,26],[30,109],[62,75],[-82,50],[-107,14],[146,9],[38,22],[4,52],[130,8],[40,40],[-74,22],[114,17],[111,-33],[16,-115],[51,-14],[70,-65],[134,-16],[-76,-35],[81,-40],[85,-12]],[[7550,19500],[-59,-13],[42,-18],[17,31]],[[1031,17214],[-8,46]],[[1023,17260],[-17,18]],[[1006,17278],[2,3]],[[1008,17281],[13,28],[27,-9],[8,31],[29,-13],[37,60],[-1,-28],[59,17],[46,38],[57,17],[32,26],[-9,30],[49,23],[59,48],[9,39],[43,30],[46,55],[46,17],[14,42],[42,48]],[[1614,17780],[83,49]],[[1697,17829],[62,-4],[20,39],[61,25],[12,42],[33,-19],[39,26],[43,-34],[48,64],[5,-17],[44,26],[39,-12],[34,35],[-13,-41],[46,-39],[72,10],[78,-16],[50,-27],[37,-3],[43,36],[11,-18],[-28,-40],[87,-57],[49,-62],[58,-43]],[[1696,17709],[-53,13],[-32,-40],[36,-9],[49,36]],[[1624,17667],[-22,-29],[-61,-22],[-10,-27],[27,-52],[1,28],[29,-35],[29,45],[64,44],[-18,33],[-23,-10],[-16,25]],[[13524,12080],[-11,-29]],[[13513,12051],[-13,45],[-18,5],[-24,43],[-9,46],[-36,49],[-29,78],[-38,39],[-21,10],[-20,56],[-5,-42],[-29,98],[-10,100],[-14,86],[-20,79],[-23,22],[-17,38],[-27,33],[-13,94],[-4,66],[1,132],[-17,49],[-6,63],[-36,66],[-32,39],[-11,61],[1,59],[15,2],[-36,66],[-38,151],[-37,118],[-7,71],[33,95],[21,17],[27,-12],[25,-75],[40,-103],[16,-60],[39,-101],[1,-58],[22,-65],[23,-13],[23,-34],[43,-141],[5,-47],[-6,-63],[6,-70],[32,-98],[28,-31],[41,-63],[22,-83],[6,-50],[32,-98],[33,-55],[5,-39],[19,-47],[9,-87],[-8,-47],[19,-136],[4,-67],[12,-46],[-3,-46],[15,-70]],[[19716,15867],[-28,-10],[-15,57],[15,70],[-33,-48],[-63,23],[-64,85],[-46,85]],[[19482,16129],[8,51]],[[19490,16180],[30,96],[43,-17],[9,-66],[9,41],[-6,49],[-16,5],[-13,53],[-27,63],[1,42],[32,139],[38,14],[24,-13],[30,-49],[-21,62],[-28,119],[-21,147],[-19,76],[11,65],[-6,84],[-19,62],[4,43],[-13,31],[-26,-13],[-156,-3],[-27,-9],[-37,16],[-8,-62],[-50,-32],[-32,2],[37,46],[-30,19],[19,22],[34,93],[-5,178],[32,60],[82,89],[26,16],[15,49],[65,66],[16,31],[71,46],[143,5],[22,-26],[37,32],[59,-24],[45,18],[40,-16],[-7,31],[51,29],[62,-26],[49,-4],[47,-37],[-69,-18],[13,-25],[65,19],[29,-11],[29,34],[39,-17],[27,17],[43,-3]],[[20282,17818],[100,-176]],[[20382,17642],[10,-37],[-15,-39],[-45,-56],[-26,-166],[4,-60],[29,-229],[16,-62],[8,-127],[15,-63],[23,25]],[[20340,16766],[-27,-33],[-28,-13],[11,-31],[24,19],[20,58]],[[19988,16215],[-39,-45],[2,-24],[52,70],[-15,-1]],[[19886,16126],[-44,-32],[-39,-45],[-21,-56],[46,71],[68,42],[-10,20]],[[19759,15989],[-25,16],[-31,-81],[31,49],[25,16]],[[10171,1734],[-14,-59],[72,-36],[-32,-63],[-104,-46],[-66,7],[-1,-48],[-77,3],[-56,-68],[46,-37],[72,1],[-67,-58],[-98,9],[-88,-112],[27,-23],[-132,-8],[-58,-23],[-171,-11],[-108,-23],[-174,-51],[-190,-97],[-122,-33],[-127,-129],[-3,-38],[196,-56],[162,8],[22,-54],[342,-21],[4,-36],[-308,-13],[-363,-59],[-114,-51],[-95,22],[-161,-51],[-135,-120],[-152,-30],[-5,70],[-127,7],[-340,-39],[-204,-79],[-131,-76],[-126,15],[24,30],[-93,70],[114,42],[-246,-23],[-60,58],[70,47],[-332,82],[-47,30],[-122,-37],[-133,14],[-71,87],[-107,-9],[-90,21],[188,12],[32,34],[-29,37],[-241,1],[-25,-22],[-46,49],[-97,40],[-30,39],[70,6],[140,-51],[146,10],[27,38],[-243,68],[51,16],[350,-52],[95,35],[24,37],[-153,15],[-53,24],[-57,80],[117,6],[210,-21],[103,12],[48,37],[177,42],[182,69],[-55,20],[63,17],[-42,19],[74,33],[47,-16],[-19,52],[75,-4],[13,29],[-64,26],[57,19],[1,32],[-45,14],[-23,44],[56,-23],[58,7],[-37,105],[1,43],[-93,7],[74,25],[-11,31],[-45,-11],[54,64]],[[9614,1388],[39,-68],[-6,108],[-33,-40]],[[8975,685],[-8,-26],[133,-8],[-125,34]],[[8685,727],[147,-8],[-90,33],[-57,-25]],[[7919,875],[-65,-63],[-32,-83],[24,-25],[-118,-81],[-67,4],[-57,-57],[11,-37],[266,10],[35,18],[342,55],[34,89],[-45,81],[-99,3],[85,24],[8,39],[-104,49],[-78,12],[-140,-38]],[[7292,626],[-65,46],[-67,-34],[3,-40],[-263,-5],[103,-45],[223,-25],[46,27],[20,76]],[[6924,668],[-135,28],[93,-66],[42,38]],[[6673,687],[29,50],[153,103],[-46,2],[-185,-64],[-75,-69],[48,-29],[76,7]],[[14354,13734],[-47,22]],[[14307,13756],[-16,-9],[-13,-51],[-26,-36],[-25,-57],[-22,-28],[-21,-66],[-30,-25],[-76,10],[-44,-21],[-9,33],[-28,11],[17,77],[-6,69],[4,47],[-17,31],[-16,-22],[-15,-66],[3,-81],[-15,37],[-32,126],[11,25],[-14,64],[-35,43],[-10,39],[-27,28],[-45,202],[-19,7],[25,20],[-10,54],[29,-9],[23,12],[3,36],[40,-37],[32,21],[5,-34],[43,-106],[25,-115],[23,-36],[22,-2],[27,-26],[13,-36],[46,-47],[15,-27],[33,-3],[24,-23],[15,5],[46,52],[43,28],[27,-14],[11,-23],[13,-99]],[[14266,13807],[13,1],[15,37],[-52,-43],[24,5]],[[10905,15296],[83,-12],[97,81],[66,63]],[[11151,15428],[-9,29]],[[11142,15457],[-52,235]],[[11090,15692],[130,156]],[[11220,15848],[43,-19],[22,12],[42,60],[39,21],[94,-100]],[[11460,15822],[-5,-40],[-35,-18],[-9,-24],[14,-95],[23,-24]],[[11448,15621],[1,-17]],[[11449,15604],[-38,-50],[-21,8],[-2,-32],[17,-44],[5,-56],[-8,-79],[14,-34],[15,0]],[[11431,15317],[215,-148],[1,2]],[[11647,15171],[87,-79],[14,0],[22,-38],[37,-13]],[[11807,15041],[0,-7],[444,-21]],[[12251,15013],[20,40],[19,-40],[-4,-39],[12,-44],[21,-31],[-1,-30],[70,-26],[5,-19],[88,14],[4,33],[48,17],[4,20],[55,56],[9,45],[-9,26],[13,21],[45,-15],[6,-36],[33,-30],[48,19],[10,69],[43,-8],[40,-33],[22,-44],[25,-18],[55,18],[54,75],[57,-24],[31,39],[8,-31],[-22,-43],[8,-38],[-11,-53],[11,-43],[2,-84],[-20,-36],[-24,-106],[-35,-185],[-30,-73],[-17,-15],[-79,-14],[-16,23],[-14,-20],[-20,25],[7,31],[-22,-11],[-28,17],[-3,-16],[-37,-1],[-80,-77],[-34,27],[-33,6],[-44,34],[-82,30],[-40,-10],[-12,43],[-21,16],[-33,-1],[-51,25],[-12,51],[-55,36],[-33,3],[-62,-44],[-38,-68],[-280,15],[-11,29],[-40,15],[-17,21],[-58,29],[-32,-14],[-28,7],[-69,63],[-13,64],[15,101],[-11,115],[-25,31],[-4,54],[37,68],[-5,24],[-38,-42],[-13,59],[-31,16],[-53,-42],[-55,-18],[-43,30],[-16,-22],[-27,21],[-64,-51],[-41,27],[-59,0],[-49,-13],[-23,-23],[-80,-10],[-45,-32],[-29,-45],[-28,-4],[-50,-51],[-50,164],[17,56],[28,40],[31,3],[10,70],[16,35],[36,40]],[[12848,14827],[8,-28],[30,-19],[46,49],[21,2],[-7,37],[38,46],[-67,-40],[-31,7],[-38,-54]],[[4712,1629],[-6,-3]],[[4706,1626],[-750,-233]],[[3956,1393],[-29,-69],[-215,8],[-62,-32],[-113,-12],[-202,3],[-3,65],[67,-3],[-13,42],[-74,24],[-48,46],[-73,1],[-464,-171],[-78,-18],[-20,-37],[-64,8],[-126,-17],[-92,-41],[-143,-2],[-170,-67],[30,-40],[-156,38],[-577,-120],[-30,-85],[75,-52],[180,-7],[-132,-47],[76,-40],[189,-34],[97,-38],[140,-28],[-9,-37],[-115,-9],[-21,-26],[148,-67],[-509,-32],[-30,-20],[186,-47],[-46,-29],[103,-63],[-148,-66],[-134,-18],[15,-27],[-122,-24],[-303,9],[-107,33],[-133,-3],[-206,47],[-136,-7],[297,-68],[97,-44],[158,0],[83,-89],[399,-35],[32,-46],[-392,35],[-531,44],[-502,24],[0,1532]],[[21785,1635],[0,-1532],[-36,18],[-453,69],[-67,26],[-164,9],[31,37],[-234,88],[-210,-17],[145,37],[-52,40],[-142,65],[5,113],[-120,0],[121,51],[-41,18],[79,109],[46,-6],[-12,60],[53,-44],[121,36],[146,-10],[-91,66],[47,69],[25,-32],[154,49],[35,480],[-19,63],[18,40],[-68,43],[81,-27],[10,81],[31,1]],[[3790,1370],[38,-10],[22,37],[-60,-27]],[[3642,1366],[52,38],[-51,-1],[-1,-37]],[[3443,1420],[29,-35],[-14,-47],[109,1],[47,43],[-17,29],[-154,9]],[[1161,663],[107,1],[-39,50],[-118,62],[-98,22],[-58,-74],[206,-61]],[[1013,457],[163,-14],[-114,35],[-49,-21]],[[20168,6826],[4,72],[16,54],[-2,76],[-28,129],[-2,110],[5,42],[-15,49]],[[20146,7358],[0,16]],[[20146,7374],[-16,29],[-12,49],[-20,25],[-18,59]],[[20080,7536],[-20,14],[-39,68],[-5,109],[-14,2],[-28,49],[-6,-48],[-23,36],[-8,84],[-16,56],[-31,67],[12,12],[-17,42],[-42,34],[-30,60],[-56,37],[-12,30],[3,35],[-19,35],[6,79],[-13,69],[-29,82],[2,43],[-12,72],[1,66],[-38,55],[-11,33],[-31,-29],[-12,14],[-13,75],[3,37],[-12,99],[-17,42],[4,43],[-19,16],[-5,87]],[[19533,9141],[13,182]],[[19546,9323],[5,68],[18,18],[196,0],[24,-55],[46,-84],[37,-14],[83,-21],[34,-37],[18,12]],[[20007,9210],[40,-53],[115,-31],[6,-14]],[[20168,9112],[17,-34],[12,5]],[[20197,9083],[377,8]],[[20574,9091],[32,-28]],[[20606,9063],[2,-2],[95,116]],[[20703,9177],[10,11]],[[21068,8604],[4,-62]],[[21071,8524],[-16,-14],[16,-14]],[[21077,8453],[1,-12]],[[21080,8347],[-12,-20],[18,-11]],[[21123,8214],[-4,-30],[13,-11]],[[21134,8120],[13,-27]],[[21057,7842],[10,24],[-19,7],[9,-31]],[[21008,8528],[9,-4],[9,-54],[23,13],[-39,70],[-2,-25]],[[21011,7962],[-11,-31],[23,-30],[-12,61]],[[20984,8584],[26,18],[-7,68],[-16,-28],[-12,65],[-5,-27],[14,-96]],[[20820,8027],[7,-42],[17,-43],[48,-86],[52,-53],[4,-16],[37,-36],[10,36],[-39,56],[-39,45],[-28,62],[-46,60],[-23,17]],[[20150,7361],[4,-29],[18,88],[-3,22]],[[20169,7442],[-1,18]],[[20168,7460],[-17,-88]],[[20151,7372],[-1,-11]],[[18813,14743],[-16,92],[-25,69],[-39,55]],[[18733,14959],[-10,3],[4,85],[-8,66],[-43,111],[-19,64],[0,166],[85,101],[3,106],[42,72],[16,3],[-1,41],[27,-3],[35,71],[8,-14],[27,27],[0,-53],[52,-23],[33,17],[86,86],[45,104],[16,14],[40,85],[53,79],[40,90],[15,63],[25,41],[22,62],[49,78],[21,133],[-3,117],[13,85],[15,47],[25,36],[23,-21],[29,-64],[-8,-87],[4,-117],[-17,-101],[19,-91],[-13,-52],[5,-55],[-13,-85],[15,-66]],[[19482,16129],[-22,-43],[12,-55],[-8,-86],[-21,-101],[-55,13],[6,-31],[-36,-50],[-4,-32],[17,-59],[-7,-41],[20,-53],[-4,-42],[-20,-26],[5,-35],[-12,-54],[15,-15],[-1,-36],[-39,-163],[-31,-37],[-34,-77],[-49,-33],[-10,-22],[-20,8],[-6,41],[24,44],[-29,-18],[-8,-79],[-42,-92],[5,-28],[-25,-33],[-21,3],[-10,28],[-58,-26],[-50,-10],[-28,6],[-64,-96],[-31,-39],[-28,-17]],[[19257,15182],[16,9],[1,51],[-17,-60]],[[18495,10933],[-13,-96],[3,-34],[-19,-86]],[[18466,10717],[-10,6],[-43,-84],[-26,-23],[-34,12],[-24,-10],[-27,21],[-52,6],[-30,32],[-13,-9]],[[18207,10668],[-1,4],[-115,-41]],[[18091,10631],[-19,45],[-34,47],[-18,40],[17,36],[-27,92],[-16,16],[-11,55],[37,6],[-19,48],[16,32],[17,-10],[29,13],[4,18],[-23,40],[5,20],[25,-3],[34,27]],[[18108,11153],[35,-13]],[[18143,11140],[21,31]],[[18164,11171],[43,77]],[[18207,11248],[19,10]],[[18226,11258],[47,47]],[[18273,11305],[20,27],[-15,13]],[[18278,11345],[0,22]],[[18278,11367],[8,10],[19,83],[18,6],[3,-24],[16,21],[17,-36],[7,50],[28,-18],[15,-33],[-14,-50],[6,-73],[8,-21],[50,-45],[14,21],[7,-52]],[[18201,12096],[9,-39],[19,-36],[14,22],[30,-61],[8,-32],[-8,-95],[1,-51],[13,20],[27,12],[-6,-36],[17,9],[2,-51],[-23,-16],[-4,-33],[46,-75],[14,-53],[-23,-32],[-2,-22],[-39,-23],[-13,-27],[-14,-91],[9,-19]],[[18278,11345],[-14,-16],[9,-24]],[[18226,11258],[-19,-10]],[[18164,11171],[-21,-31]],[[18108,11153],[-4,30],[-35,20],[-29,33],[-7,24],[-23,-14],[2,66],[-22,25],[-10,36],[-13,-38],[-8,40]],[[17986,11546],[47,63],[26,46],[21,82],[25,18],[30,60],[-11,98]],[[18148,12015],[25,-20],[-5,26]],[[10054,18518],[17,34],[-6,50]],[[10065,18602],[277,651],[0,4]],[[10342,19257],[66,40]],[[10408,19297],[1,5],[1474,666],[1,3]],[[11884,19971],[40,-3]],[[11924,19968],[639,-682]],[[12563,19286],[-3,-32],[-59,-52],[-4,62],[-89,-99],[44,92],[-61,19],[-21,-38],[-63,-56],[-7,-31],[-35,47],[-80,-17],[4,-28],[-135,-32],[-109,-117],[-46,-23],[-18,32],[-26,-28],[-1,78],[-25,-29],[-4,-53],[-70,-44],[-43,-1],[-43,-53],[24,-144],[-7,-52],[-51,-82],[-7,-48],[-40,-25],[2,-29],[-58,-40],[-56,-74],[-50,-7],[-25,-28],[11,-27],[-29,-28],[-66,-16],[-14,-32],[76,9],[-21,-23],[-81,3],[-73,-56],[-13,-55],[-4,-79],[20,-59]],[[11207,17991],[-361,0],[-18,-24]],[[10828,17967],[-30,13]],[[12308,19256],[-85,-23],[65,-8],[20,31]],[[12058,19160],[-3,22],[-52,-59],[26,-23],[49,48],[-20,12]],[[11973,19095],[-52,-22],[10,-41],[48,21],[-6,42]],[[11803,19028],[-32,-45],[43,-2],[-11,47]],[[11979,20404],[1,-2]],[[11980,20402],[-21,-32]],[[11959,20370],[-93,17],[-16,-40],[29,-87],[-103,101],[-39,-57],[-55,43],[-132,14],[21,-83],[64,-27],[-30,-24],[83,-59],[220,53],[0,-39],[-188,-39],[25,-32],[167,17],[11,-14],[-179,-29],[25,-45],[115,-69]],[[10408,19297],[-66,-40]],[[10065,18602],[-70,29],[-17,40],[-53,51],[-33,-9],[-13,-39],[-50,-19],[-44,23],[12,-41],[-41,42],[-36,-12],[-13,-36],[-46,31],[-6,-57],[-18,11],[-23,-48],[-18,25],[1,68],[-62,50],[-42,-9],[41,-35],[-34,-11],[-33,29],[-297,264],[-1,8],[129,35],[76,57],[-6,12],[167,89],[55,67],[-14,117],[-45,3],[33,30],[-164,86],[-7,53],[-114,-19],[123,40],[34,-67],[107,-47],[16,99],[-113,59],[-41,3],[-131,-37],[118,48],[39,31],[70,-51],[49,-10],[101,28],[9,44],[-119,26],[1,30],[72,-24],[106,21],[9,25],[-46,61],[-38,-31],[-19,40],[27,33],[64,-11],[-5,65],[-36,57],[-80,6],[-27,38],[56,39],[147,-14],[11,54],[-115,19],[-27,31],[72,12],[-83,24],[-54,-15],[48,95],[120,81],[-25,66],[-45,7],[43,56],[155,-8],[56,29],[-50,18],[137,23],[180,82],[-40,27],[-204,23],[-115,-54],[-155,21],[-116,-63],[-69,-16],[117,95],[-12,46],[-107,-7],[-72,-38],[-51,37],[-282,-6],[14,26],[346,15],[141,38],[-178,35],[-40,35],[-114,-12],[-302,3],[370,24]],[[9803,19819],[-52,-11],[12,-39],[65,-1],[-25,51]],[[9741,20358],[60,-8],[3,43],[-63,-35]],[[18358,10389],[10,-35]],[[18368,10354],[-18,-13],[-5,29],[-15,-3],[-1,-50],[16,35],[5,-34],[17,18]],[[18367,10336],[10,-33],[41,-8]],[[18418,10295],[4,-29],[54,20]],[[18476,10286],[4,0]],[[18480,10286],[31,-9]],[[18511,10277],[1,-9]],[[18512,10268],[7,-58]],[[18519,10210],[-3,-74],[107,31],[27,-8]],[[18650,10159],[-19,-44],[2,-35],[13,43],[18,-32],[20,15],[43,-19],[23,15],[55,-62]],[[18805,10040],[64,-73],[79,-110]],[[18948,9857],[-13,-66]],[[18935,9791],[-4,-16],[-68,-146]],[[18863,9629],[-11,0],[-16,-38],[-7,-65]],[[18829,9526],[1,-16],[-24,-28]],[[18806,9482],[-108,14],[-58,-2],[-15,11],[-32,-28]],[[18593,9477],[-17,10],[-21,-18],[-50,-4],[-37,-19],[-4,54],[-53,1],[-8,-20],[-20,21],[-28,-31],[1,21],[-20,-7],[-11,27],[-105,98],[-21,32],[-22,59],[10,75],[-16,102],[8,52],[-3,79],[5,46],[-11,81],[24,48],[20,-1],[4,-61],[-9,-48],[43,-66],[-8,-60],[26,-33],[18,43],[42,18],[-4,35],[-35,55],[8,52],[-33,107],[-30,48],[22,10],[48,64],[18,47],[15,11],[19,-16]],[[18658,10079],[-19,-10],[14,-14],[5,24]],[[18536,10130],[-17,-8],[11,-54],[29,-27],[33,24],[0,29],[-26,40],[-30,-4]],[[18561,9567],[-7,12],[-38,-12],[-11,-39],[19,12],[22,-8],[15,35]],[[18334,10016],[10,-25],[5,29],[-15,-4]],[[18340,9972],[-13,-29],[-5,-73],[-11,-41],[13,-16],[24,49],[-13,11],[4,54],[9,-9],[-8,54]],[[18294,9849],[15,-1],[12,56],[-3,39],[-20,-18],[-4,-76]],[[18278,9842],[-5,45],[-9,-23],[14,-22]],[[18206,13232],[1,7],[0,0]],[[10537,16495],[68,-4]],[[10605,16491],[26,-33],[-22,-16],[23,-27],[24,2],[90,-46],[-5,-19],[32,0],[-13,-19],[24,-80],[39,-25],[7,-70],[16,-53],[-19,27],[-10,-120],[-14,-123],[-9,-15],[-43,-14],[-43,6],[-34,18],[-55,-13],[-69,21],[-97,1],[-15,18],[-30,-6]],[[12884,7234],[-4,37],[-15,33],[12,44],[34,47],[76,55],[33,34],[17,46],[6,43],[-10,3],[12,103],[-5,103],[-10,-33],[-3,92],[-18,104],[-16,41],[3,81],[11,1],[43,80],[41,46],[55,130],[55,61],[57,33],[46,67],[16,56],[27,62],[3,45],[14,39],[-1,41],[-11,-9],[-6,132],[2,103],[-11,160],[13,84]],[[13873,9022],[-28,-48],[8,-46],[-8,-52],[-32,-56],[-13,15],[-3,-45],[-14,-50],[3,-22],[-18,-55],[-5,35],[-21,-55],[-4,-37],[-8,27],[-34,-59],[-38,-13],[-6,-22],[-26,1],[-16,-23],[-26,-5],[-3,-60],[-27,-85],[4,-111],[11,-56],[1,-41],[12,-44],[-2,-61],[-10,-56],[-27,-99],[-18,-22],[-14,-85],[8,-103],[19,-80],[-2,-102],[21,-79],[19,-28],[28,-14],[18,-25]],[[13516,9050],[8,-1],[-6,56],[-10,-42],[8,-13]],[[10437,11050],[41,39],[57,42],[53,24],[8,-8],[52,11],[99,-37],[24,-20],[22,27],[51,30],[64,65],[42,7],[280,-143],[30,-45],[33,4],[111,-115],[15,-24],[72,-31],[-5,-125],[-26,-97],[13,-11],[2,-59],[-18,-3],[13,-32],[28,-12],[-13,-19],[-30,31],[0,-79],[-10,-28],[-25,-4]],[[11289,10519],[8,44],[-13,-22]],[[7614,2952],[-54,11]],[[12281,17894],[32,-91]],[[12313,17803],[-54,1],[-32,-17],[28,-30],[-40,-25],[20,-42],[-67,-164],[-4,-70],[9,-76],[-39,-80],[-33,-9],[-13,-47],[-21,-19],[-45,5],[-21,51],[-64,-14],[-42,-21],[-23,-33],[-117,-44],[-49,26],[-25,33],[-34,-2],[-25,56],[2,42],[48,26],[78,0],[3,53],[30,38],[78,10],[32,105],[1,92],[14,95],[91,65],[-4,38],[45,42]],[[12040,17888],[75,8],[35,-20],[96,20],[35,-2]],[[12040,17658],[-50,-42],[1,-78],[46,59],[3,61]],[[11927,17588],[-41,-94],[7,-34],[34,128]],[[11690,17240],[1,-23],[31,-5],[-17,52],[-15,-24]],[[14834,20528],[-158,-41],[123,-8],[49,32]],[[14848,20511],[215,-525]],[[15063,19986],[-77,31],[-108,-49],[-175,-47],[-107,6],[-16,-26],[-124,-27],[-77,-63],[-32,5],[-36,-52],[-55,-41],[-57,-83],[-53,-23],[23,-61],[-57,-16],[10,-28],[-68,-97],[-40,-8],[14,-71],[94,6],[48,-51],[-47,-31],[74,-24],[154,-12],[28,17]],[[14379,19241],[52,-56]],[[14431,19185],[29,-46],[79,-24]],[[14539,19115],[1,-6]],[[14540,19109],[40,-82],[-27,-32],[-36,-3],[0,-35],[-48,3],[16,36],[-19,33],[-53,-14],[-64,-42],[-65,12],[-38,-10],[-34,-45],[-96,8],[40,21],[-8,69],[-88,-48],[-91,-32],[-119,-76],[-60,-18],[-14,-75],[-70,-22],[-31,6],[-25,41],[-38,21],[36,50],[70,11],[-48,78],[-112,9],[-43,15]],[[13515,18988],[-4,-5],[-259,-39],[-1,-5]],[[13251,18939],[-189,113],[-131,15],[-79,20],[-12,25],[46,9],[-58,25],[-32,-33],[-77,19],[-85,38],[69,-6],[62,22],[-111,72],[-30,-12],[-27,-59],[14,85],[-48,14]],[[11924,19968],[238,100],[106,14],[4,-32],[127,59],[-108,29],[-65,72],[-101,-7],[62,27],[-74,50],[-65,2],[-89,88]],[[11980,20402],[46,-46],[124,-1],[-67,-20],[72,-23],[121,1],[66,-27],[102,26],[94,62],[-9,26]],[[13614,20463],[71,-22],[88,36],[49,-12]],[[13822,20456],[-107,-33],[60,-23],[246,71],[-113,25]],[[14402,20608],[83,4]],[[14708,20597],[38,-12]],[[14603,20492],[-104,-5],[-18,-37],[106,-12],[62,24],[-46,30]],[[14461,20437],[-115,10],[44,-48],[71,38]],[[14405,20524],[-50,-13],[99,-29],[-49,42]],[[14369,20576],[-105,-43],[105,-7],[67,35],[-67,15]],[[14377,20479],[-178,44],[-35,-37],[100,-21],[113,14]],[[14324,20431],[-59,-32],[82,-1],[-23,33]],[[14108,19305],[-54,5],[47,-39],[7,34]],[[13848,19089],[-34,-56],[24,-38],[58,16],[32,49],[-80,29]],[[10813,17903],[15,64]],[[11207,17991],[-5,-114],[63,83],[22,8],[-48,-67],[29,-4],[-54,-23],[-11,-52],[26,-30],[9,-57],[51,-49],[35,-10],[81,-170],[48,43],[-36,-64],[-30,14],[-2,-124],[29,-23],[4,-77],[16,-40],[2,-67],[-22,-6],[-8,-45],[-29,22],[-44,-1],[-19,-44],[-9,14],[-69,2],[-46,-27],[-26,-114],[-33,-62],[15,-25],[-45,-8],[26,-23],[-39,-1],[-48,-35],[-44,-20]],[[10996,16795],[-20,32]],[[10976,16827],[2,25],[-44,3],[4,42],[32,14],[28,77],[-5,35],[-37,26],[-61,-7],[19,32],[-34,106],[7,12],[-73,81],[-22,98],[-57,56],[-46,0],[43,36],[-34,8],[38,22],[49,115],[-18,26],[-80,1],[-45,-16],[9,47],[47,44],[10,39]],[[10492,16955],[24,42],[12,48],[-19,131],[44,35],[6,38]],[[10559,17249],[26,28]],[[10585,17277],[68,-3],[32,22],[-9,-61],[25,-42],[18,6],[-4,-55],[-14,-42],[-57,-21],[-35,-51],[35,13],[8,-46],[-25,-42],[-42,-25],[-5,-31]],[[10580,16899],[-75,-8]],[[10645,17086],[-29,15],[12,-31],[17,16]],[[17223,9784],[2,48],[26,-28],[17,24],[16,-31],[12,15],[4,83],[-3,104],[4,93],[10,24]],[[17341,10136],[16,59]],[[17417,10200],[-9,-4],[-3,-79],[33,8],[6,34]],[[17563,10154],[21,2],[21,-22],[27,17],[27,-15],[0,-59],[28,26],[19,-10],[23,27],[4,31],[18,-39],[16,7],[12,-33],[17,22],[22,-25],[5,13],[10,-98],[81,73],[2,-53],[7,4]],[[17923,10022],[193,-166]],[[18116,9856],[6,-25],[-39,-121],[-110,-72],[-109,19],[-50,-103],[-19,17],[-49,-11],[-28,21],[0,30],[-15,47],[-28,4],[-33,30],[-23,-2],[-11,29],[-14,-5],[-19,-58],[-106,19],[-23,65],[-38,6],[-38,38],[-13,-24],[-45,23],[-13,-25],[-5,-42],[-18,-40],[-13,7]],[[17735,9664],[-21,-24],[19,-17],[26,-1],[37,28],[-6,15],[-55,-1]],[[16595,12518],[-1,-28],[30,47],[-3,-61],[14,34],[3,-45],[34,-1],[139,-107],[21,-160],[6,11],[20,-71],[7,-115],[-4,-60],[7,-19],[-4,-74],[-13,-38],[6,-80],[8,20],[-20,-111],[-7,-65],[4,-68]],[[16842,11527],[0,-6]],[[16842,11521],[-1,-48]],[[16841,11473],[-172,-266]],[[16669,11207],[-13,-7]],[[16563,11377],[7,-31],[2,56],[-9,-25]],[[16510,12118],[-8,-98],[-10,-42],[10,-44],[18,126],[-7,50],[12,38],[-1,37],[-12,-23],[-2,-44]],[[18549,14748],[-10,-105]],[[18539,14643],[-10,-24]],[[18529,14619],[-267,-162]],[[18262,14457],[-23,31],[0,20],[-33,36],[1,44],[-22,76],[-19,85],[-60,52],[14,69],[37,69],[38,38],[19,53],[57,44],[25,-16],[20,71],[-37,15],[-26,-8],[-46,40]],[[18207,15176],[18,117]],[[18225,15293],[29,16],[41,62],[43,38],[65,21],[14,21],[18,-49],[8,18],[36,-29],[3,-29],[-16,-52],[9,-25],[-37,-66],[34,-9],[-16,-16],[22,-25],[25,32],[21,-30],[16,17],[11,-20],[24,-100],[-23,14],[-22,-19],[17,-22],[3,-65],[11,-49],[-14,-15],[-12,-61],[14,-56],[-16,-3],[16,-44]],[[18271,13596],[-20,36],[-31,-26]],[[18220,13606],[-110,26]],[[18110,13632],[-7,17],[27,-5],[1,78],[-9,6],[25,35],[-15,35],[12,28],[15,-21],[12,52],[16,27],[3,33],[31,87],[30,10],[-8,34],[12,45],[15,16],[2,58],[-27,-15],[30,50],[-8,130]],[[18267,14332],[5,63],[-6,30]],[[18266,14425],[-4,32]],[[18529,14619],[24,-4]],[[18553,14615],[30,-38],[97,-59],[20,7],[39,60]],[[18739,14585],[6,-52],[25,34],[-3,31],[15,-1],[16,-58],[-27,-66],[8,-60],[-8,-38],[24,-14],[4,66],[8,-55],[-5,-31]],[[18726,14017],[-10,-25]],[[18654,13830],[-32,-55],[-5,-42]],[[1424,19326],[-93,-70],[-79,4],[-102,-71],[-65,-17],[-53,-50],[-13,-46],[-69,-55],[-115,-7],[-11,-57],[-24,-8],[84,-38],[77,-55],[22,-47],[-20,-76],[-83,-24],[-98,-66],[-61,-27]],[[721,18616],[-100,49]],[[621,18665],[-31,14],[-94,94],[-86,5],[-28,21],[-46,-5],[27,-40],[-24,-53],[-32,34],[5,90],[-30,40],[-203,107],[-11,26],[-68,28],[0,248],[30,-8],[102,18],[19,17]],[[21703,19275],[9,-22],[73,21],[0,-248],[-70,50],[-116,32],[-79,32],[183,135]],[[5425,13106],[-8,-56],[-1,-80],[-12,-22],[-2,-47],[-43,-57],[10,-33],[-32,-19],[-10,31],[-45,-13],[-10,-18],[-41,-5],[-38,-29],[-22,-2],[-15,42],[-23,23],[-39,7],[-28,72],[-10,65],[-41,92],[-4,23]],[[18935,9791],[15,63]],[[18950,9854],[23,139],[-7,54]],[[18966,10047],[14,51],[20,-56],[17,-16],[27,-1],[3,-30],[27,-31],[47,-10],[39,-36],[28,-13],[59,-67],[23,-108],[26,-63],[-16,-7],[27,-36],[-18,-6],[20,-41],[-14,-69],[32,-6],[33,11],[60,-121],[16,-20],[59,-210],[-12,-117],[-13,-41]],[[19470,9004],[-296,0]],[[19174,9004],[-25,34],[-11,-60],[-19,35],[-15,0],[14,41],[-43,-49],[-29,29],[-30,-3],[-20,22],[-44,15],[-10,32],[-20,-7],[-26,37],[-24,-4]],[[18872,9126],[-66,356]],[[18829,9526],[10,-2],[19,48],[5,57]],[[19225,9475],[36,1],[30,42],[12,45],[-13,38],[-29,-6],[-17,-25],[-19,-95]],[[19279,9480],[16,-4],[-3,28],[-13,-24]],[[19028,9731],[19,20],[0,58],[-8,33],[-28,-77],[17,-34]],[[19023,9672],[11,46],[-22,33],[-7,-73],[18,-6]],[[18330,9167],[19,12],[27,60],[46,21],[59,108],[59,39],[33,30],[20,40]],[[18872,9126],[16,-32],[21,1],[12,-20],[-3,-47],[-13,-32],[-9,13],[-50,-11],[-9,26],[-40,-45],[-28,-65],[6,-43],[-27,-38],[-168,-24],[-8,8]],[[18784,9118],[6,-39],[27,-38],[35,61],[-16,30],[-15,-18],[-37,4]],[[18782,9104],[-13,-8],[-2,-42],[29,1],[-14,49]],[[17086,11273],[-33,39],[-18,48],[-30,0],[-35,40],[-17,67],[18,-36],[-10,102],[-19,50],[-4,55],[-11,24],[-20,-12],[-14,64],[0,73],[20,70],[8,71],[22,87],[-1,64],[7,44],[-4,38],[39,21],[18,-11],[-6,-89],[35,-12],[17,9],[50,-72],[3,12],[32,-92],[2,-67],[23,29],[11,-32],[-11,-35],[44,-8],[24,-46],[22,-13],[4,-20],[-15,-37],[-4,-124]],[[17188,11761],[0,39],[-11,-7],[11,-32]],[[15391,12309],[20,-109],[6,-73],[26,-126],[32,-86],[12,-71],[26,-107],[-2,-58],[14,-67],[25,-61],[20,-33]],[[15570,11518],[152,-102]],[[15722,11416],[3,-60],[14,-84],[8,-12]],[[6543,2005],[-16,-22],[24,-38],[-7,-67],[45,-28],[48,4],[-45,-46],[1,-28],[74,-19],[-83,-8],[-31,-20],[-82,2],[52,-26],[-120,-6],[-12,-31],[-55,3],[-37,-212],[81,-35],[-150,-28],[12,47],[-94,-12],[-68,58],[-55,18],[6,-58],[-56,12],[-3,-52],[-53,-15],[-169,44],[-50,38],[-74,-20],[-22,20],[-62,-4],[14,45],[-57,21],[-71,-35],[-37,-42],[-80,17],[-122,-17],[-77,9],[-5,132]],[[6283,1734],[119,26],[40,25],[-30,21],[-33,-30],[-116,-18],[20,-24]],[[6365,1905],[-52,-16],[-3,-27],[53,-10],[25,28],[-23,25]],[[5345,1550],[10,-70],[44,25],[-2,47],[-52,-2]],[[4706,1626],[-15,-89],[-54,-11],[42,-62],[161,-10],[68,-26],[-127,-18],[-86,18],[-21,-33],[63,-17],[28,-57],[69,-4],[-22,-44],[116,-39],[-150,-29],[-40,36],[-194,2],[-103,-28],[-161,19],[-133,7],[71,52],[-1,42],[-90,12],[6,-64],[-146,-24],[37,111],[-68,23]],[[6994,17958],[-18,23]],[[6976,17981],[-9,104]],[[6967,18085],[-4,40]],[[6963,18125],[-1,7]],[[6962,18132],[2,11]],[[6964,18143],[-8,101]],[[6956,18244],[-7,36],[29,-4],[-22,41],[-8,65],[30,-61],[80,242],[2,48],[41,3],[4,48],[36,0],[-34,46],[42,-11],[34,41],[-40,46],[-105,-24],[40,51],[-48,3],[-20,44],[-49,52],[-86,-26],[11,56],[-31,20],[-80,13],[18,60],[-53,21],[110,-7],[-34,40],[-69,13],[73,48]],[[7575,19142],[5,-38],[86,-39],[17,-85],[-21,-38],[61,-10],[71,13],[-24,-33],[-94,19],[-35,-82],[84,36],[83,-4],[-13,-21],[-90,14],[-68,-41],[-5,-35],[51,-38],[-36,-51],[1,-32],[42,11],[99,80],[-47,-47],[-80,-57],[11,-56],[52,-16],[15,-129],[10,-25],[32,50],[41,22],[36,-12],[-67,-18],[-29,-43],[15,-70],[65,-101],[4,-43],[47,-30],[38,-118],[43,-52],[81,-5],[60,35],[-10,-59],[40,-21],[0,-30]],[[16651,20543],[-127,-35],[12,-24],[-105,-54],[142,-43],[42,14],[163,17]],[[16778,20418],[11,-12]],[[16789,20406],[-148,-8],[-116,-74],[69,-12],[35,-39],[167,-32],[144,17],[-54,41],[40,21]],[[16926,20320],[158,-4]],[[17084,20316],[-68,-28],[-19,-52],[-96,-92],[43,-12],[66,-153],[-15,-22],[-123,-5],[61,-43],[-70,13],[-131,-43],[-26,23],[-187,0],[35,-28],[-204,-32],[-152,-57],[-62,-55],[-52,-5],[87,-35],[-63,8],[62,-68],[-6,-32],[-78,-15],[73,41],[-27,8],[-184,-28],[-179,-12],[-11,-26],[-73,-28],[-52,-76],[-46,14],[-41,-32],[53,-7],[-14,-58],[-41,24],[-50,-15],[16,-39],[115,-41],[23,-34],[-60,22],[-137,21],[-5,59],[30,59],[-47,95],[-133,-41],[-77,22],[-112,-2],[-37,-28],[-46,-122],[-82,-49],[-6,-60],[28,-7],[-29,-133],[73,-22],[32,-64],[36,-2],[-46,-78],[-83,69],[-35,9],[-185,90],[-142,21],[-45,-24]],[[14539,19115],[8,32],[-84,62],[-32,-24]],[[14379,19241],[-95,77],[-45,73],[3,65],[44,40],[25,63],[118,102],[6,46],[34,1],[85,49],[51,51],[299,82],[113,37],[46,59]],[[14848,20511],[0,7]],[[16334,20528],[89,4]],[[16469,20347],[100,27],[-144,18],[44,-45]],[[15190,19584],[-62,-18],[3,-39],[96,16],[-37,41]],[[19295,19923],[-74,-32],[-39,-77],[-45,-170],[-243,-289],[-40,-92],[-25,-20],[-84,47],[-119,162],[69,-44],[29,30],[-60,27],[50,21],[-39,23],[17,36],[-112,45],[-29,-27],[-131,52],[-64,-24],[-266,-10],[-30,14],[-188,14],[-132,-30],[16,23],[-39,55],[39,39],[19,128],[-28,99],[-130,58],[-187,0],[-25,-26],[-59,8],[48,44],[-30,13],[-166,8],[113,36],[-40,144],[-105,73],[-76,-39],[28,52],[-34,22]],[[16926,20320],[22,38],[-159,48]],[[16778,20418],[35,66],[-100,48]],[[7039,2572],[0,-2]],[[7033,2561],[-8,-3]],[[7025,2551],[0,0],[-16,-8]],[[6781,2287],[-6,-5]],[[6920,2418],[1,6]],[[20774,17449],[-2,60],[-28,15],[-1,68],[211,303],[42,61],[71,32],[66,3],[46,-65],[22,-13],[16,58],[108,78],[28,50],[16,-8],[30,38],[66,29],[156,80],[111,-34],[24,41],[29,0],[0,-1440]],[[0,16817],[0,1305],[381,330],[42,-4],[1,71],[47,22],[0,46],[94,24],[7,31],[49,23]],[[721,18616],[41,-29],[73,-15],[-44,-18],[48,-71],[71,-16],[36,-172],[-29,-32],[4,-39],[-25,-1],[-31,-46],[6,-29],[-34,-27],[29,-43],[49,-26],[4,-20],[-33,-48],[42,-29],[46,-61],[81,22],[9,37],[36,-86],[-12,-38],[18,-60],[-25,-19]],[[1081,17750],[42,-330]],[[1123,17420],[-43,-31],[-46,-64],[-24,-13],[-2,-31]],[[1006,17278],[-14,29],[-56,-21],[-18,-57],[46,25],[59,6]],[[21348,17029],[40,7],[-20,17],[-37,-7],[17,-17]],[[20969,17272],[-14,67],[-32,-2],[46,-65]],[[832,17966],[-72,-23],[18,-24],[63,-29],[31,17],[-8,49],[-32,10]],[[782,17150],[-4,-31],[-40,-25],[17,-6],[73,52],[-40,33],[-6,-23]],[[737,17116],[-28,0],[-47,-83],[72,69],[3,14]],[[506,18331],[67,4],[46,-36],[56,10],[-96,65],[-27,-13],[-53,14],[7,-44]],[[206,16928],[-22,-47],[32,19],[-10,28]],[[141,16893],[32,2],[5,23],[-37,-25]],[[18035,6193],[52,65],[34,14],[24,48],[94,18],[40,-6],[5,-14],[38,12],[26,-12],[27,19],[29,87],[38,31],[70,72],[85,4],[45,25],[54,44],[71,16],[40,-3],[22,13],[34,-25],[30,-38],[33,6],[28,-28],[20,0],[42,-45],[-9,-25],[13,-51],[29,-20],[24,-72],[16,-83],[-13,0],[26,-42],[56,-125],[52,-17],[34,21],[13,35],[18,-3],[41,37],[-10,-42],[31,-51],[19,-70],[-5,-72],[51,-96],[24,-6],[25,-36],[18,12],[54,-22],[56,-45],[24,-95],[-6,-40],[52,-90],[-3,-43],[8,-54],[44,-115],[-19,15],[18,-86],[30,-60]],[[13994,11973],[-28,19],[-41,-56],[-73,-34],[-14,8],[-40,-22],[-37,4],[-51,-53],[-45,11],[-53,-49],[-33,-1],[-33,44],[-25,69],[-17,27],[-37,-7],[44,57],[8,27],[-6,34]],[[13524,12080],[27,-10],[42,25],[25,0],[37,64],[69,16],[37,24],[36,48],[41,0],[23,50],[18,22],[49,27],[22,23],[45,21]],[[14513,13285],[-18,14],[-58,132],[-82,34],[-35,68],[-16,68],[3,155]],[[14354,13734],[8,-38],[59,-26],[30,-3],[15,-17],[98,-17],[44,-22]],[[11431,15317],[10,39],[26,-13],[7,27],[12,141],[-11,62],[-26,31]],[[11448,15621],[22,91],[-10,110]],[[11460,15822],[23,133],[30,-30],[4,-42],[24,-71],[35,-64],[21,-16],[60,-101],[28,-28],[39,-1],[22,-50],[40,-20],[11,-53],[45,-31],[20,-78],[11,-74],[-14,-5],[-17,-58]],[[11842,15233],[-3,3]],[[11839,15236],[-69,-28],[-50,-5],[-31,23],[-26,-1],[-16,-54]],[[13515,18988],[50,-43],[4,-41],[-27,-91],[31,-19],[12,-53],[-24,-82],[-52,50],[-62,13],[-45,-49],[-47,-19],[-53,-45],[-1,-31],[39,-71],[-42,-25],[-105,38],[-69,36],[-21,-40],[40,-54],[46,-11],[7,-36],[-38,-27],[-65,24],[-43,46],[-47,22],[-4,53],[-24,51],[23,57],[-41,45],[-46,13],[-8,25],[-80,77],[62,-9],[14,-30],[101,-28],[42,-27],[174,-41],[54,8],[75,39],[40,47],[10,47],[-23,63],[-74,55],[-47,14]],[[6072,17264],[25,-75],[32,-181],[14,-47],[-30,-63],[15,-30],[-10,-36],[-27,52],[-22,-63],[-47,24],[-10,56],[-54,59],[-43,89],[7,106],[-17,66],[12,59]],[[5990,17024],[15,20],[-22,35],[-43,-2],[-12,-17],[62,-36]],[[19470,9004],[-4,-33],[15,-38],[-19,-17],[2,-39],[-10,-67],[7,-44],[-4,-39],[6,-72],[-11,-68],[-2,-57],[-12,-71],[-23,-95],[-20,-26],[-28,-10],[-48,46],[-14,53],[-47,23],[-33,60],[-60,67],[-25,14],[-5,21],[-41,50],[-8,30],[29,74],[7,43],[-4,62],[22,21],[10,-11],[5,54],[25,54],[-6,15]],[[19313,8450],[33,25],[-24,6],[-9,-31]],[[19155,8811],[-12,-52],[34,-10],[-7,43],[-15,19]],[[4269,13384],[2,27],[-36,85],[-15,21],[-6,-30],[-18,30],[-1,55],[-22,91],[-15,33],[-17,113],[-26,46],[-20,55],[-24,37],[-9,74],[-20,46],[-18,16],[-15,54],[-38,57],[-16,51],[1,33],[-15,80],[5,61],[-9,31],[48,-49],[12,15],[20,-35],[35,-20],[-4,-48],[22,-100],[31,-88],[4,-31],[29,-67],[34,-63],[36,-12],[3,-67],[32,-30],[12,-47],[16,1],[17,-50],[-13,-33],[14,-55],[18,18],[-8,-31],[17,-7],[43,-48],[-11,-8],[16,-44],[62,-93]],[[4099,14117],[-12,-4],[-3,-40],[14,-10],[1,54]],[[4044,14108],[-25,55],[0,-20],[25,-35]],[[5992,18346],[170,141],[23,-30],[65,-16],[126,39],[-17,29],[89,-45],[74,-89],[46,-24],[-31,-10],[44,-48],[61,-34],[42,-3],[28,-42],[99,-31],[72,-35],[46,119],[27,-23]],[[6964,18143],[-2,-11]],[[6963,18125],[-30,-4],[34,-36]],[[6976,17981],[-10,-28]],[[6966,17953],[-178,16]],[[6788,17969],[-23,9]],[[6765,17978],[-73,43]],[[6692,18021],[-41,5],[-11,24],[-70,11],[-48,83],[-85,77],[-62,-30],[-70,12],[-65,26],[-44,1],[-31,-30]],[[6630,18255],[-42,18],[22,-35],[20,17]],[[6200,18323],[-42,25],[-14,-16],[32,-30],[24,21]],[[10547,16697],[3,1]],[[10550,16698],[26,-12],[30,33],[34,13],[23,-20],[23,50],[25,10],[58,-14],[38,36],[38,-16],[60,0],[46,20],[25,29]],[[10996,16795],[-7,-80],[-21,-32],[-64,-36],[14,-32],[-35,-18],[-59,11],[-8,36],[-36,1],[29,-128],[-65,0],[-14,-14],[-33,38],[-79,-28],[-13,-22]],[[5633,12458],[-43,18],[-31,-25],[-28,30],[0,-23],[-18,16],[12,44],[23,48],[2,84]],[[12040,17888],[-11,39],[-50,63],[-43,14],[-7,108],[27,108],[28,19],[-9,28],[35,8],[8,35],[131,85],[46,73],[-23,43],[26,74],[41,23],[7,31],[45,-14],[89,3],[46,-34],[-3,-76],[-44,-8],[-17,-35],[-63,-76],[-43,-31],[-13,-42],[-47,-13],[7,-20],[-33,-52],[9,-78],[21,-49],[-15,-77],[5,-46],[69,-26],[-7,-44],[24,23],[20,-24],[-14,-24]],[[12282,17896],[-1,-2]],[[12103,15419],[-4,1]],[[12099,15420],[-18,-2]],[[12081,15418],[-78,9]],[[12003,15427],[8,35],[-32,68],[-52,51],[-66,46],[9,39],[-11,23],[-49,-1],[-18,15],[-52,78],[-27,109],[-53,52],[-17,29],[-9,61],[16,31],[-18,33],[3,26],[82,40],[-7,-36],[7,-46],[21,-34],[21,62],[32,-32],[3,-46],[35,-53],[-21,-2],[52,-91],[25,3],[30,-19],[50,-67],[71,-74],[18,-37],[23,-20],[-8,-45],[-6,-99],[9,-51],[22,-20],[9,-36]],[[19533,9141],[11,150],[0,0],[6,2],[5,2],[24,-4],[41,-45],[18,-48],[9,-93],[-14,-72],[-2,-61],[12,-74],[24,-47],[47,-52],[21,-46],[16,-91],[11,-156],[18,-109],[33,-93],[64,-66],[86,-79],[73,-80],[101,-91],[22,-48],[17,-98],[0,-123],[-7,-54],[-14,-49],[-20,-39],[-55,-41]],[[10580,16899],[65,-11],[48,-33],[52,43],[-42,-66],[-64,-2],[-24,-51],[-65,-81]],[[10589,17740],[0,-37],[-36,-47],[3,-80],[-35,-63],[29,-23],[29,28],[-26,-87],[-10,-86],[24,51],[32,34],[11,-68],[-25,-85]],[[10559,17249],[-37,78],[-50,-4],[-18,21],[-17,-19],[-43,-6]],[[10448,17562],[1,33]],[[10450,17613],[9,16]],[[10467,17643],[37,30],[11,60]],[[10529,17554],[20,21],[-28,11],[-2,34],[-36,-18],[46,-48]],[[10539,17488],[-16,16],[-4,-44],[20,28]],[[12282,17896],[30,20],[54,7],[79,36],[96,25],[13,-9],[64,26],[8,-37],[26,-23],[39,1],[24,-40],[-59,16],[-12,-21],[-49,-6],[-15,-46],[-55,5],[-89,23],[-4,-14],[-64,-6],[-55,-50]],[[11090,15692],[-1,-1]],[[11089,15691],[4,41],[-16,77],[13,35],[48,49],[35,-26],[26,8],[21,-27]],[[6013,13364],[-33,-5],[-56,16],[-56,-24]],[[6031,13650],[11,57],[7,91]],[[6114,13804],[10,-17]],[[6163,13623],[-17,-71]],[[21680,5877],[-15,1],[-41,-54],[-34,13],[-45,36],[-16,106]],[[5708,20349],[127,-80],[69,-18],[-51,-17],[-104,18],[-110,-17],[-45,-74],[153,17],[-31,-48],[15,-45],[92,-4],[-58,-21],[-138,66],[-65,-22],[75,-67],[-94,-9],[-130,-45],[34,-46],[-80,39],[-102,-7],[-14,18],[-146,37],[-68,-12],[-5,-30],[95,-57],[132,11],[62,-86],[-22,-38],[29,-69],[128,-30],[91,29],[-13,-30],[58,-9],[246,15],[104,-14],[93,13]],[[6218,19585],[-63,19],[-150,12],[5,-74],[-44,58],[-76,12],[-67,-39],[-75,-10],[-37,-63],[17,-49],[60,-46],[-64,20],[-30,-28],[73,-44],[-10,-78],[-47,19],[37,25],[-61,51],[-36,136],[92,116],[-100,3],[-58,-14],[-93,-80],[-46,-139],[11,-56],[46,-25],[73,-10],[44,-24],[-54,-8],[-80,14],[-134,-112],[-85,86],[2,51],[-98,88],[-79,-50],[19,-29],[-51,-8],[-9,-57],[41,-32],[-41,-28],[35,-65],[99,-40],[15,-42],[-29,-28],[56,-34],[-74,-73],[-36,-2],[-12,-35],[24,-59],[-6,-35],[-61,71],[24,86],[-46,-23],[-41,53],[-75,-16],[14,-66],[-44,-13],[-80,14],[-66,-18],[-46,5],[-70,47],[-44,-10],[-60,37],[-21,48],[-38,24],[-130,-38],[-23,-41],[54,-13],[-20,-67],[8,-45],[-65,55],[-62,35],[-54,-25],[-87,-13],[-76,2],[-106,25],[41,45],[48,16],[-27,32],[-74,39],[-26,-17],[-75,12],[-89,38]],[[3705,19058],[96,101]],[[3801,19159],[41,-78],[82,-20],[88,-9],[5,-44],[30,-42],[110,6],[143,27],[91,30],[47,54],[32,-35],[67,-10],[-5,-19],[134,-12],[63,24],[-7,48],[-29,8],[-39,-32],[2,33],[53,45],[76,-16],[-10,52],[-28,-1],[-90,65],[-55,13],[-37,42],[13,41],[-65,160],[51,77],[-41,50]],[[4523,19616],[24,167],[-63,6]],[[4484,19789],[18,95],[-48,16],[-30,-35],[-68,3],[10,31],[-47,66],[-43,21],[-56,-42],[49,-49],[-21,-20],[43,-44],[-119,6],[-99,80],[-68,1],[-23,30],[-84,-2],[-62,-45],[-25,-58],[115,13],[-150,-52],[-42,38],[33,64],[-96,-57],[-35,25],[24,60],[105,55],[-14,-42],[52,-18],[57,39],[-4,60],[44,32],[-47,22]],[[3932,20135],[45,-30],[30,22]],[[4037,20180],[236,1],[-61,51]],[[4504,20270],[86,-9],[23,-58],[-74,0],[40,-31],[97,13],[100,-22],[30,-37],[86,-5],[-27,90],[-127,61],[-53,-24],[-63,57]],[[4833,20386],[78,-33],[-8,45]],[[5036,20403],[101,-105],[138,20],[90,-11],[-171,-45],[137,-94],[145,-4],[-32,50],[75,-51],[3,48],[68,12],[141,65],[-23,50]],[[5375,20075],[66,-33],[22,28],[-68,27],[-20,-22]],[[5231,19666],[-86,-15],[17,-47],[-57,4],[2,-100],[25,-106],[70,0],[29,49],[-40,41],[127,0],[107,137],[-113,13],[-81,24]],[[5071,20102],[13,-27],[149,-1],[-4,37],[-158,-9]],[[5103,19834],[-54,-66],[113,-43],[70,6],[3,55],[-57,56],[-75,-8]],[[5020,20118],[118,20],[12,44],[-102,42],[-99,14],[-2,-46],[73,-74]],[[4944,19111],[-9,-41],[-61,-25],[1,-27],[119,-46],[65,-9],[49,45],[-43,63],[-90,64],[-31,-24]],[[5045,19395],[5,90],[-37,-7],[-19,43],[-58,1],[70,48],[17,34],[-36,28],[-95,-20],[-106,9],[-33,-46],[62,-22],[20,-36],[-76,-26],[-34,38],[-48,-34],[60,-58],[68,-20],[87,-97],[58,10],[-16,41],[53,-18],[58,42]],[[4905,19972],[-118,-21],[53,-66],[-111,61],[-5,-68],[-37,-46],[179,18],[-69,-38],[30,-42],[155,15],[20,36],[-23,132],[-74,19]],[[4884,19628],[69,4],[27,27],[-96,-31]],[[4694,19876],[-9,51],[-107,-12],[63,-52],[53,13]],[[4656,19948],[-92,19],[19,-35],[73,16]],[[4595,19821],[-50,-34],[76,2],[-26,32]],[[4539,20071],[-65,34],[52,-67],[13,33]],[[4118,20058],[106,22],[-40,39],[73,30],[-94,1],[-120,-22],[1,-47],[74,-23]],[[11807,15041],[11,40],[-12,55],[33,100]],[[11842,15233],[2,-38],[20,0],[30,58],[1,38],[37,35],[-4,47],[-31,32],[-4,27],[24,74],[57,-22],[29,-57]],[[12081,15418],[15,-35],[3,37]],[[12103,15419],[18,-53],[29,-39],[20,-77],[22,-8],[57,15],[44,-33],[-13,-27],[-67,46],[-25,-16],[-16,-42],[26,-39],[1,-57],[18,-42],[12,36],[22,-70]],[[12140,15250],[-12,-6],[21,-33],[-9,39]],[[7171,16151],[-28,23],[-32,-31],[-49,16],[-46,34],[9,17],[-38,10],[-22,79],[4,22],[-29,5],[24,33],[13,44],[-18,15],[-40,-19],[-11,27],[-35,19],[30,15],[40,-21],[56,50],[8,47],[-19,37],[0,148],[78,-8],[31,8],[87,-13],[73,7],[55,65],[40,63],[73,23],[33,-25],[-33,-71],[-43,-143],[2,-39],[-26,-17],[-19,-60],[24,-10],[-57,-65],[9,-52],[48,13],[83,-13],[66,30],[0,-35],[30,16],[30,-11],[-66,-78]],[[7269,16210],[-38,4],[11,71],[-5,29],[-28,-26],[-38,-105],[3,-28]],[[7107,16578],[52,-1],[-7,18],[-63,52],[-77,29],[-19,-14],[34,-21],[19,-32],[61,-31]],[[7013,16242],[50,-33],[14,14],[11,-33],[51,52],[-67,0],[-58,44],[-18,-17],[17,-27]],[[18673,10833],[-41,-56],[-16,-37],[-13,-73],[12,-49],[-4,-45],[10,-24],[-1,-66],[21,-57],[13,-15],[-31,-34],[-20,-54]],[[18603,10323],[-66,-35]],[[18537,10288],[-57,-2]],[[18476,10286],[-40,25],[-18,-16]],[[18367,10336],[1,18]],[[18358,10389],[7,35],[1,126],[56,21],[28,65],[21,62],[-5,19]],[[18560,11012],[9,19]],[[18610,10475],[-14,-24],[10,-37],[25,-1],[-17,25],[-4,37]],[[20032,10178],[-12,0],[84,-100],[27,-75],[1,-30]],[[20132,9973],[-18,-8]],[[20114,9965],[-16,28],[-9,-13],[-23,15],[5,-85],[-21,-9],[-23,-57],[-39,-14],[-12,13],[-4,49],[-5,-51],[-43,-16],[-15,11],[-35,0]],[[19874,9836],[-38,0],[-21,-61]],[[19815,9775],[-25,7],[-38,38],[-40,26],[1,72],[-26,54],[-15,4],[-37,65],[-28,5],[-30,44],[-37,13],[-56,45]],[[19764,10265],[-3,-25],[40,4],[11,19],[-16,7]],[[19968,10207],[12,-22],[17,16]],[[20659,9253],[9,-44],[35,-32]],[[20606,9063],[-32,28]],[[20197,9083],[-29,29]],[[20007,9210],[-10,31],[13,6],[-48,30],[-7,26],[13,18],[-30,9],[-17,22],[3,42],[-40,2],[-8,44],[-13,17],[-7,56],[-24,28],[-32,61],[-14,56],[9,25],[44,8],[-2,43],[-22,41]],[[19874,9836],[-1,-35],[44,-44],[15,6],[17,-26],[47,1],[48,44],[17,46],[21,-2],[17,26],[-8,43],[15,7],[8,63]],[[20132,9973],[13,-56],[14,67]],[[20246,9887],[9,-27]],[[20264,9832],[-8,9],[3,-65],[25,-41],[9,-52],[23,-17],[14,22],[-7,34]],[[20365,9696],[-2,-18],[36,-69],[26,-5],[-24,42]],[[20495,9576],[-14,6],[30,-61],[42,-41],[12,5],[-64,83]],[[20617,9485],[-7,-5],[18,-97],[30,-41],[-10,49]],[[20658,9358],[7,-21]],[[20552,9364],[0,-27],[14,-32],[58,-9],[-28,54],[-44,14]],[[20414,9514],[-7,-27],[20,5],[16,-42],[5,13],[-19,62],[-15,-11]],[[20371,9540],[11,20],[-15,18],[4,-38]],[[20122,9401],[27,-25],[-9,30],[-18,-5]],[[20048,9284],[-10,-8],[-21,39],[11,-48],[16,-12],[4,29]],[[20017,9351],[-21,7],[0,-33],[28,-5],[-7,31]],[[19989,9370],[-13,-12],[14,-20],[-1,32]],[[19852,9820],[-16,15],[14,-41],[2,26]],[[17336,12724],[-36,72],[-16,58],[22,120],[32,43],[15,55],[-5,33],[29,-7],[15,42],[24,26],[44,21],[-3,29],[36,-57],[28,12],[24,-7],[-16,-70],[19,-63],[-3,-13]],[[17545,13016],[-11,-37],[-26,-10],[-3,-17],[-35,-52],[0,-99]],[[6887,15961],[-60,66]],[[6827,16027],[4,60],[15,-12],[60,19],[95,76],[-37,-57],[94,-1],[-60,-28],[2,21],[-81,-68],[-32,-76]],[[7458,6027],[-31,25],[-5,53],[12,26],[-9,39],[-59,63],[-15,47],[8,13],[-9,66],[11,59],[-3,-90],[35,-70],[40,3],[19,-28],[45,-28],[27,16],[46,-19]],[[17120,10598],[-27,11],[-19,59],[-22,45],[-19,9],[-26,70],[-13,-2],[4,-37],[-26,39],[-44,114],[-87,112],[-3,40],[-21,57],[-22,40],[-85,11],[-24,35],[-17,6]],[[16841,11473],[1,48]],[[16842,11527],[16,16],[28,-57],[19,-63],[14,-2],[7,-59],[25,-54],[14,-56],[0,-49],[16,-116],[6,-85],[36,-88],[-1,-45],[87,-127],[38,-38],[9,-27]],[[17156,10677],[-8,-25]],[[17134,10624],[-21,33],[-6,-14],[22,-23]],[[17126,10617],[-28,35],[-6,-29],[30,-18]],[[17091,10681],[2,18],[-26,15],[24,-33]],[[17047,10769],[-15,-1],[9,-43],[6,44]],[[17156,10677],[11,15],[36,-5]],[[17212,10660],[-11,-12]],[[18207,10668],[-22,-54],[-11,20],[-16,-36],[-21,-96],[8,-95],[-8,22],[-13,-28],[-12,-62],[1,-64],[-14,-68],[-18,-35],[1,-49],[11,-47],[26,8],[12,-69],[-6,-104],[-9,-55]],[[17923,10022],[8,27],[-3,78],[5,75],[11,1],[-6,90],[-9,0],[58,106],[20,19],[-6,55],[3,69],[24,107],[17,-28],[21,-8],[25,18]],[[18511,10277],[26,11]],[[18603,10323],[9,-23],[30,2],[2,17],[67,48],[42,-9],[66,-25],[19,8],[38,-20],[6,-54],[17,-31],[40,-4],[58,22],[-1,-36],[-18,-19],[-26,13],[-28,-43],[-30,13],[-15,-13],[47,-63],[0,-50],[13,-48],[17,4],[10,35]],[[18950,9854],[-2,3]],[[18805,10040],[6,32],[-29,72],[-24,2],[-26,23],[-82,-10]],[[18519,10210],[-7,58]],[[18779,10304],[-36,-21],[31,-23],[11,10],[-6,34]],[[18881,14572],[-7,45],[-22,2],[3,47],[-25,-6],[-19,38]],[[18811,14698],[5,9]],[[18816,14707],[49,8],[24,-26],[6,48],[54,9],[50,28],[15,21],[32,8],[39,-32],[-17,-26],[4,-47]],[[19046,14687],[-6,50],[-34,16],[-22,-15],[-8,-27],[-48,-3],[-9,-37],[-33,-43],[19,11],[5,-64]],[[19062,14776],[-20,-31],[9,-11],[11,42]],[[18001,13445],[36,60],[1,47],[29,-6],[21,68],[22,18]],[[18220,13606],[-28,-72],[-28,-95],[-4,-78]],[[1614,17780],[-51,33],[5,26],[53,59],[27,10],[7,39],[54,64],[1,19],[68,48],[41,-1],[21,-37],[-51,4],[-54,-35],[-7,-66],[-25,-52],[28,-33],[-34,-29]],[[1081,17750],[47,3],[60,48],[42,-18],[36,-54],[18,-4],[0,57],[46,-32],[53,29],[-23,-56],[-13,-108],[-76,-85],[-79,-67],[-14,-38],[15,-25],[-70,20]],[[6854,19889],[-19,22],[96,-3],[123,26],[124,-20],[173,-60],[-5,-38],[142,-106],[-57,-48]],[[6660,15657],[-54,141],[19,65],[34,62],[9,-10],[45,40],[6,42],[26,-22],[5,31],[24,-15],[13,23],[40,13]],[[6887,15961],[4,-41],[23,-31]],[[6293,15068],[-37,51],[22,4],[-1,66],[-47,58],[36,-23],[2,130],[33,35],[-22,-39],[14,-73],[-12,-30],[19,-1],[2,-47],[12,-2],[-14,-41],[-3,-57]],[[10527,14979],[5,-1],[13,-14]],[[10552,14935],[-1,-1]],[[10545,14933],[-11,-4]],[[6908,4692],[-56,20],[-48,81],[0,47],[38,88],[45,36],[33,-6]],[[10905,15296],[-25,38],[-7,56],[15,44],[67,147],[64,27],[70,83]],[[11142,15457],[-17,-10],[26,-19]],[[11041,15391],[37,-28],[23,57],[-17,26],[-48,-44],[5,-11]],[[12479,15459],[-6,-75],[43,11],[-9,-33],[20,-50],[-15,-22],[20,-36],[-30,0],[-5,26],[-14,-43],[57,-37],[-9,-36],[28,-65],[-11,-17],[54,1],[-19,-27],[-38,5],[-52,-32],[-63,14],[-40,28],[-18,31],[-7,45],[-17,20],[-5,70],[-43,47],[-40,29],[22,17],[-7,28],[27,4],[-42,92],[2,57],[41,-35],[34,25],[-7,41],[20,-3],[24,27],[19,-11],[19,17],[45,-18],[15,-29],[42,2],[-33,-39],[-2,-29]],[[12471,15364],[-15,-13],[20,-22],[25,1],[-14,43],[-16,-9]],[[12459,15233],[17,36],[-19,4],[2,-40]],[[12309,15321],[-33,-11],[24,-9],[30,-49],[32,-22],[-11,55],[-42,36]],[[15570,11518],[13,-8],[33,38],[8,62],[14,27],[34,20],[53,-25],[5,-46],[-8,-80],[-6,2],[6,-92]],[[20282,17818],[0,21],[-61,20],[8,38],[41,67],[54,50],[47,61],[3,25],[48,40],[36,-6],[61,21],[29,-25],[46,9],[-32,-103],[36,8],[-13,-48],[36,15],[99,112],[37,16],[19,93],[56,18],[69,-25],[-48,-2],[-24,-22],[-12,-118],[-18,-52],[-44,-17],[-59,-44],[-15,-34],[-55,-64],[-61,-62],[-49,-87],[-50,-49],[-32,-1],[-14,-27],[-38,-4]],[[18207,15176],[-7,6],[-79,-87],[-30,25],[8,46],[-9,42],[-56,17],[-28,55],[14,63],[31,-9],[37,13],[19,29],[22,61],[54,41],[42,83],[42,-8],[25,-37],[-29,-73],[-17,-13],[-15,-56],[33,0],[-8,-35],[-35,-23],[4,-23]],[[15056,13359],[52,-37],[47,26],[-16,-49],[-54,-36],[-16,15]],[[6051,11439],[-27,71],[5,26],[37,38],[4,31],[15,19],[22,-1],[59,-76],[-19,-39],[17,-69]],[[3280,19394],[108,-35],[65,-73],[72,44],[168,38],[46,-35],[-3,-72],[41,-31],[24,-71]],[[3705,19058],[-92,22],[-40,30],[-67,19],[-125,-18],[-19,54],[-88,-85],[-43,39],[-32,62],[-51,41]],[[4523,19616],[-82,-8],[-30,-62],[-56,19],[-43,-100],[-77,55],[-39,3],[-38,-36],[-114,33],[-137,72],[66,134],[50,-28],[61,-1],[95,27],[128,53],[101,-17],[76,29]],[[6966,17953],[-31,-61],[-13,-84],[-60,-69],[-58,-42],[-41,23],[-11,47],[-67,11],[8,58],[-25,75],[3,55],[21,55]],[[6765,17978],[23,-9]],[[20146,7358],[0,16]],[[19533,9141],[13,182],[0,0]],[[20169,7442],[-1,18]],[[20151,7372],[-1,-11]],[[7880,10293],[-38,-29],[-17,32],[-14,79],[2,22],[-64,-80],[-43,4],[26,24],[13,-5],[18,47],[1,32],[22,64],[18,2],[20,-33],[-3,-92],[15,-68],[44,1]],[[7758,10365],[-9,-31],[19,13],[22,40],[7,44],[-24,2],[-15,-68]],[[18267,14332],[-12,46],[-58,82],[-32,-2],[21,17],[27,-29],[53,-21]],[[18235,14437],[0,-19],[29,-11],[-29,30]],[[3384,16224],[37,-1],[-32,-6]],[[18813,14743],[3,-36]],[[18811,14698],[-22,-9],[-8,-25],[-42,-33],[-5,-16],[25,-48],[-20,18]],[[18553,14615],[19,34],[-33,-6]],[[18549,14748],[23,15],[21,39],[4,-36],[19,28],[5,33],[19,8],[25,-19],[4,29],[43,10],[21,104]]],"transform":{"scale":[0.016525127243516183,0.00810297284921369],"translate":[-180,-85.186273]},"objects":{"in":{"type":"GeometryCollection","geometries":[{"arcs":[[0,1,2,3,4,5,6,7,8,9,10,11,12,13,14,15,16,17,18,19,20,21,22,23,24,25,26,27,28,29,30,31,32,33]],"type":"Polygon","properties":{"level":"ocean","country_code":"OCEAN","zone_id":"Arctic Ocean","country":"Arctic Ocean","region":null,"department":null,"arrondissement":null}},{"arcs":[[34,35,36,37,38,39,40,41,42,43,44,45,46,47,48,49,50,51,52,53,54,55,56,57,58],[59],[60],[61],[62],[63]],"type":"Polygon","properties":{"level":"ocean","country_code":"OCEAN","zone_id":"Southern Ocean","country":"Southern Ocean","region":null,"department":null,"arrondissement":null}},{"arcs":[[66,67,68,69,70,71,72,73,74,75,76,77,78,79,80,81,82,83,84,85,86,87,88,89,90,91,92,93,94,95,96,97,98,99,100,101,102,103,104,105,106,107,108,109,110,111,112,113,114,115],[116],[117],[118],[119],[120],[121],[122],[123],[124],[125],[126],[127],[128],[129],[130],[131]],"type":"Polygon","properties":{"level":"ocean","country_code":"OCEAN","zone_id":"North Atlantic Ocean","country":"North Atlantic Ocean","region":null,"department":null,"arrondissement":null}},{"arcs":[[[132,133,134,135,136,137,138,139,140]],[[141,142,143,144,145,146,147,148,149,150,151],[152],[153],[154],[155]]],"type":"MultiPolygon","properties":{"level":"ocean","country_code":"OCEAN","zone_id":"North Pacific Ocean","country":"North Pacific Ocean","region":null,"department":null,"arrondissement":null}},{"arcs":[[[-47,156,-148,157,158,159,160],[208],[209],[210],[211],[212],[213],[214],[215],[216],[217],[218],[219],[220],[221],[222]],[[-52,161,162,163,164,165,166,167,168,169,170,171,172,173,174,175,176,177,178,179,180,181,182,183,184,185,186,187,188,189,190,191,192,193,194,195,196,197,198,199,200,201,202,203,-134,204],[205],[206],[207]]],"type":"MultiPolygon","properties":{"level":"ocean","country_code":"OCEAN","zone_id":"South Pacific Ocean","country":"South Pacific Ocean","region":null,"department":null,"arrondissement":null}},{"arcs":[[-51,223,224,225,226,227,228,229,230,231,232,233,234,235,236,237,238,239,240,241,-162],[242],[243],[244],[245],[246],[247],[248],[249],[250],[251],[252],[253]],"type":"Polygon","properties":{"level":"ocean","country_code":"OCEAN","zone_id":"Indian Ocean","country":"Indian Ocean","region":null,"department":null,"arrondissement":null}},{"arcs":[[-48,-161,254,-159,255,256,257,258,259,-93,260,261,-224,-50,262],[263],[264],[265],[266],[267]],"type":"Polygon","properties":{"level":"ocean","country_code":"OCEAN","zone_id":"South Atlantic Ocean","country":"South Atlantic Ocean","region":null,"department":null,"arrondissement":null}},{"arcs":[[268]],"type":"Polygon","properties":{"level":"ocean","country_code":"OCEAN","zone_id":"Black Sea","country":"Black Sea","region":null,"department":null,"arrondissement":null}},{"arcs":[[-137,269,270,271,272,273,274,275,276,277,278,279,280,281,282,283,284,285,286,287],[288]],"type":"Polygon","properties":{"level":"ocean","country_code":"OCEAN","zone_id":"Philippine Sea","country":"Philippine Sea","region":null,"department":null,"arrondissement":null}},{"arcs":[[-164,289,-241,290,291,-170,292,-166,293]],"type":"Polygon","properties":{"level":"ocean","country_code":"OCEAN","zone_id":"Tasman Sea","country":"Tasman Sea","region":null,"department":null,"arrondissement":null}},{"arcs":[[-233,294,295,296],[297]],"type":"Polygon","properties":{"level":"ocean","country_code":"OCEAN","zone_id":"Bay Of Bengal","country":"Bay Of Bengal","region":null,"department":null,"arrondissement":null}},{"arcs":[[-275,298,299,300,301,302,303,304,305,306,307,308,309,310,311,312,313,314,315,316,317,318,319,320,321,322,323,324,325,326,327],[328],[329],[330],[331]],"type":"Polygon","properties":{"level":"ocean","country_code":"OCEAN","zone_id":"South China Sea","country":"South China Sea","region":null,"department":null,"arrondissement":null}},{"arcs":[[-230,332,333,334,335,336,337,338,339],[340]],"type":"Polygon","properties":{"level":"ocean","country_code":"OCEAN","zone_id":"Arabian Sea","country":"Arabian Sea","region":null,"department":null,"arrondissement":null}},{"arcs":[[-31,341,342,343]],"type":"Polygon","properties":{"level":"ocean","country_code":"OCEAN","zone_id":"Beaufort Sea","country":"Beaufort Sea","region":null,"department":null,"arrondissement":null}},{"arcs":[[-95,344,345,346,347,348,-99,349,-97,350],[351],[352],[353],[354],[355],[356],[357]],"type":"Polygon","properties":{"level":"ocean","country_code":"OCEAN","zone_id":"Caribbean Sea","country":"Caribbean Sea","region":null,"department":null,"arrondissement":null}},{"arcs":[[-348,358,359,360,361,362]],"type":"Polygon","properties":{"level":"ocean","country_code":"OCEAN","zone_id":"Gulf Of Mexico","country":"Gulf Of Mexico","region":null,"department":null,"arrondissement":null}},{"arcs":[[-115,363,364,365]],"type":"Polygon","properties":{"level":"ocean","country_code":"OCEAN","zone_id":"Labrador Sea","country":"Labrador Sea","region":null,"department":null,"arrondissement":null}},{"arcs":[[366,367,368,369],[370],[371],[372]],"type":"Polygon","properties":{"level":"ocean","country_code":"OCEAN","zone_id":"Hudson Bay","country":"Hudson Bay","region":null,"department":null,"arrondissement":null}},{"arcs":[[373]],"type":"Polygon","properties":{"level":"ocean","country_code":"OCEAN","zone_id":"Caspian Sea","country":"Caspian Sea","region":null,"department":null,"arrondissement":null}},{"arcs":[[374,375,376,377,378,379],[380]],"type":"Polygon","properties":{"level":"ocean","country_code":"OCEAN","zone_id":"Baffin Bay","country":"Baffin Bay","region":null,"department":null,"arrondissement":null}},{"arcs":[[-151,381,382,383,384,385,386],[387],[388]],"type":"Polygon","properties":{"level":"ocean","country_code":"OCEAN","zone_id":"Gulf Of Alaska","country":"Gulf Of Alaska","region":null,"department":null,"arrondissement":null}},{"arcs":[[389,390]],"type":"Polygon","properties":{"level":"ocean","country_code":"OCEAN","zone_id":"Red Sea","country":"Red Sea","region":null,"department":null,"arrondissement":null}},{"arcs":[[-139,391,392,393,394,395],[396],[397],[398],[399]],"type":"Polygon","properties":{"level":"ocean","country_code":"OCEAN","zone_id":"Sea Of Okhotsk","country":"Sea Of Okhotsk","region":null,"department":null,"arrondissement":null}},{"arcs":[[-56,400],[401],[402],[403],[404],[405],[406],[407]],"type":"Polygon","properties":{"level":"ocean","country_code":"OCEAN","zone_id":"Weddell Sea","country":"Weddell Sea","region":null,"department":null,"arrondissement":null}},{"arcs":[[408,409],[410]],"type":"Polygon","properties":{"level":"ocean","country_code":"OCEAN","zone_id":"Persian Gulf","country":"Persian Gulf","region":null,"department":null,"arrondissement":null}},{"arcs":[[411,412,413,414,415,416,417,418,419,420,421,422],[423]],"type":"Polygon","properties":{"level":"ocean","country_code":"OCEAN","zone_id":"Mediterranean Sea","country":"Mediterranean Sea","region":null,"department":null,"arrondissement":null}},{"arcs":[[[-45,424,425,426],[428],[429],[430],[431],[432]],[[-54,427]]],"type":"MultiPolygon","properties":{"level":"ocean","country_code":"OCEAN","zone_id":"Ross Sea","country":"Ross Sea","region":null,"department":null,"arrondissement":null}},{"arcs":[[-171,-292,433,434,435,436,437,438,439,440,441,442,443,444,-183,445,-181,446,-179,447,-177,448,-175,449,-173,450],[451],[452],[453],[454],[455],[456,457,458,459]],"type":"Polygon","properties":{"level":"ocean","country_code":"OCEAN","zone_id":"Coral Sea","country":"Coral Sea","region":null,"department":null,"arrondissement":null}},{"arcs":[[460,461,-393,462],[463]],"type":"Polygon","properties":{"level":"ocean","country_code":"OCEAN","zone_id":"Sea Of Japan","country":"Sea Of Japan","region":null,"department":null,"arrondissement":null}},{"arcs":[[-273,464,465,466,467,468,469,470,471,472,473,474,475]],"type":"Polygon","properties":{"level":"ocean","country_code":"OCEAN","zone_id":"Celebes Sea","country":"Celebes Sea","region":null,"department":null,"arrondissement":null}},{"arcs":[[-300,476,-475,477,-473,478,-471,479,-469,480,-304,481,-302,482]],"type":"Polygon","properties":{"level":"ocean","country_code":"OCEAN","zone_id":"Sulu Sea","country":"Sulu Sea","region":null,"department":null,"arrondissement":null}},{"arcs":[[-67,483,484,485,486,487,488,489,490,491],[492],[493],[494],[495]],"type":"Polygon","properties":{"level":"ocean","country_code":"OCEAN","zone_id":"Norwegian Sea","country":"Norwegian Sea","region":null,"department":null,"arrondissement":null}},{"arcs":[[-17,496,497,498,-487,499,-485,500],[501],[502]],"type":"Polygon","properties":{"level":"ocean","country_code":"OCEAN","zone_id":"Greenland Sea","country":"Greenland Sea","region":null,"department":null,"arrondissement":null}},{"arcs":[[503,504,505,506,507,508,509,510,511,512,513,514,515,516,517,518,519],[520],[521],[522],[523],[524],[525],[526]],"type":"Polygon","properties":{"level":"ocean","country_code":"OCEAN","zone_id":"Banda Sea","country":"Banda Sea","region":null,"department":null,"arrondissement":null}},{"arcs":[[-277,527]],"type":"Polygon","properties":{"level":"ocean","country_code":"OCEAN","zone_id":"Luzon Strait","country":"Luzon Strait","region":null,"department":null,"arrondissement":null}},{"arcs":[[-82,528,529]],"type":"Polygon","properties":{"level":"ocean","country_code":"OCEAN","zone_id":"Bay Of Biscay","country":"Bay Of Biscay","region":null,"department":null,"arrondissement":null}},{"arcs":[[-226,530,-228,531],[532]],"type":"Polygon","properties":{"level":"ocean","country_code":"OCEAN","zone_id":"Mozambique Channel","country":"Mozambique Channel","region":null,"department":null,"arrondissement":null}},{"arcs":[[-90,533,-261,-92,534]],"type":"Polygon","properties":{"level":"ocean","country_code":"OCEAN","zone_id":"Gulf Of Guinea","country":"Gulf Of Guinea","region":null,"department":null,"arrondissement":null}},{"arcs":[[-58,535]],"type":"Polygon","properties":{"level":"ocean","country_code":"OCEAN","zone_id":"Scotia Sea","country":"Scotia Sea","region":null,"department":null,"arrondissement":null}},{"arcs":[[536,537,538],[539],[540],[541]],"type":"Polygon","properties":{"level":"ocean","country_code":"OCEAN","zone_id":"Baltic Sea","country":"Baltic Sea","region":null,"department":null,"arrondissement":null}},{"arcs":[[-7,542,543,544,545,546,547,548,549,550,-489,551,-498,552,-15,553,-13,554,-11,555,-9,556],[557],[558],[559],[560],[561],[562],[563],[564]],"type":"Polygon","properties":{"level":"ocean","country_code":"OCEAN","zone_id":"Barents Sea","country":"Barents Sea","region":null,"department":null,"arrondissement":null}},{"arcs":[[-69,565,-491,566,567,568]],"type":"Polygon","properties":{"level":"ocean","country_code":"OCEAN","zone_id":"North Sea","country":"North Sea","region":null,"department":null,"arrondissement":null}},{"arcs":[[-79,569,570,571,572],[573]],"type":"Polygon","properties":{"level":"ocean","country_code":"OCEAN","zone_id":"Irish Sea","country":"Irish Sea","region":null,"department":null,"arrondissement":null}},{"arcs":[[-235,574,-310,575,-308,576,-306,577,578,579],[580]],"type":"Polygon","properties":{"level":"ocean","country_code":"OCEAN","zone_id":"Java Sea","country":"Java Sea","region":null,"department":null,"arrondissement":null}},{"arcs":[[-296,581,582,583,584,585],[586],[587]],"type":"Polygon","properties":{"level":"ocean","country_code":"OCEAN","zone_id":"Andaman Sea","country":"Andaman Sea","region":null,"department":null,"arrondissement":null}},{"arcs":[[588,589,590,591,592,593]],"type":"Polygon","properties":{"level":"ocean","country_code":"OCEAN","zone_id":"Yellow Sea","country":"Yellow Sea","region":null,"department":null,"arrondissement":null}},{"arcs":[[-279,594,595,596,597,598,-591,599,600,601,-283,602,-281,603]],"type":"Polygon","properties":{"level":"ocean","country_code":"OCEAN","zone_id":"East China Sea","country":"East China Sea","region":null,"department":null,"arrondissement":null}},{"arcs":[[[-33,604,605,606]],[[607]]],"type":"MultiPolygon","properties":{"level":"ocean","country_code":"OCEAN","zone_id":"Chukchi Sea","country":"Chukchi Sea","region":null,"department":null,"arrondissement":null}},{"arcs":[[-360,608]],"type":"Polygon","properties":{"level":"ocean","country_code":"OCEAN","zone_id":"BahíA De Campeche","country":"BahíA De Campeche","region":null,"department":null,"arrondissement":null}},{"arcs":[[-516,609,610,611,612,613,614,-518,615],[616],[617],[618],[619]],"type":"Polygon","properties":{"level":"ocean","country_code":"OCEAN","zone_id":"Arafura Sea","country":"Arafura Sea","region":null,"department":null,"arrondissement":null}},{"arcs":[[-237,620,-519,-615,621],[622],[623]],"type":"Polygon","properties":{"level":"ocean","country_code":"OCEAN","zone_id":"Timor Sea","country":"Timor Sea","region":null,"department":null,"arrondissement":null}},{"arcs":[[-321,624],[625]],"type":"Polygon","properties":{"level":"ocean","country_code":"OCEAN","zone_id":"Gulf Of Thailand","country":"Gulf Of Thailand","region":null,"department":null,"arrondissement":null}},{"arcs":[[-231,-340,626,627,628]],"type":"Polygon","properties":{"level":"ocean","country_code":"OCEAN","zone_id":"Laccadive Sea","country":"Laccadive Sea","region":null,"department":null,"arrondissement":null}},{"arcs":[[-43,629],[630],[631],[632]],"type":"Polygon","properties":{"level":"ocean","country_code":"OCEAN","zone_id":"Bellingshausen Sea","country":"Bellingshausen Sea","region":null,"department":null,"arrondissement":null}},{"arcs":[[-426,633]],"type":"Polygon","properties":{"level":"ocean","country_code":"OCEAN","zone_id":"Amundsen Sea","country":"Amundsen Sea","region":null,"department":null,"arrondissement":null}},{"arcs":[[-365,634,635,636,637,638,639,640,-377,641]],"type":"Polygon","properties":{"level":"ocean","country_code":"OCEAN","zone_id":"Davis Strait","country":"Davis Strait","region":null,"department":null,"arrondissement":null}},{"arcs":[[-3,642,643,644,645,646,-548,647,-546,648,-544,649,-5,650],[651],[652]],"type":"Polygon","properties":{"level":"ocean","country_code":"OCEAN","zone_id":"Kara Sea","country":"Kara Sea","region":null,"department":null,"arrondissement":null}},{"arcs":[[-1,653,-646,654,-644,655]],"type":"Polygon","properties":{"level":"ocean","country_code":"OCEAN","zone_id":"Laptev Sea","country":"Laptev Sea","region":null,"department":null,"arrondissement":null}},{"arcs":[],"type":"MultiPolygon","properties":{"level":"ocean","country_code":"OCEAN","zone_id":"Drake Passage","country":"Drake Passage","region":null,"department":null,"arrondissement":null}},{"arcs":[[[-141,661],[667],[668]],[[-150,662,-606,663,664,665,-384,666,-382],[669],[670],[671],[672],[673],[674]]],"type":"MultiPolygon","properties":{"level":"ocean","country_code":"OCEAN","zone_id":"Bering Sea","country":"Bering Sea","region":null,"department":null,"arrondissement":null}},{"arcs":[[-127]],"type":"Polygon","properties":{"level":"ocean","country_code":"OCEAN","zone_id":"Sargasso Sea","country":"Sargasso Sea","region":null,"department":null,"arrondissement":null}},{"arcs":[[-239,675]],"type":"Polygon","properties":{"level":"ocean","country_code":"OCEAN","zone_id":"Great Australian Bight","country":"Great Australian Bight","region":null,"department":null,"arrondissement":null}},{"arcs":[[-334,676,-390,677]],"type":"Polygon","properties":{"level":"ocean","country_code":"OCEAN","zone_id":"Gulf Of Aden","country":"Gulf Of Aden","region":null,"department":null,"arrondissement":null}},{"arcs":[[-336,678,-409,679]],"type":"Polygon","properties":{"level":"ocean","country_code":"OCEAN","zone_id":"Gulf Of Oman","country":"Gulf Of Oman","region":null,"department":null,"arrondissement":null}},{"arcs":[[-420,680,-418,681,682,683,684]],"type":"Polygon","properties":{"level":"ocean","country_code":"OCEAN","zone_id":"Tyrrhenian Sea","country":"Tyrrhenian Sea","region":null,"department":null,"arrondissement":null}},{"arcs":[[-550,685]],"type":"Polygon","properties":{"level":"ocean","country_code":"OCEAN","zone_id":"White Sea","country":"White Sea","region":null,"department":null,"arrondissement":null}},{"arcs":[[-369,686],[687]],"type":"Polygon","properties":{"level":"ocean","country_code":"OCEAN","zone_id":"James Bay","country":"James Bay","region":null,"department":null,"arrondissement":null}},{"arcs":[[-613,688],[689],[690]],"type":"Polygon","properties":{"level":"ocean","country_code":"OCEAN","zone_id":"Gulf Of Carpentaria","country":"Gulf Of Carpentaria","region":null,"department":null,"arrondissement":null}},{"arcs":[[-144,691],[692],[693]],"type":"Polygon","properties":{"level":"ocean","country_code":"OCEAN","zone_id":"Golfo De California","country":"Golfo De California","region":null,"department":null,"arrondissement":null}},{"arcs":[[-367,694,-640,695,-638,696,-636,697,698,699,700,701],[702],[703]],"type":"Polygon","properties":{"level":"ocean","country_code":"OCEAN","zone_id":"Hudson Strait","country":"Hudson Strait","region":null,"department":null,"arrondissement":null}},{"arcs":[[-81,704,705,-568,706,-529]],"type":"Polygon","properties":{"level":"ocean","country_code":"OCEAN","zone_id":"English Channel","country":"English Channel","region":null,"department":null,"arrondissement":null}},{"arcs":[[-346,707]],"type":"Polygon","properties":{"level":"ocean","country_code":"OCEAN","zone_id":"Gulf Of Honduras","country":"Gulf Of Honduras","region":null,"department":null,"arrondissement":null}},{"arcs":[[-539,708,709]],"type":"Polygon","properties":{"level":"ocean","country_code":"OCEAN","zone_id":"Gulf Of Bothnia","country":"Gulf Of Bothnia","region":null,"department":null,"arrondissement":null}},{"arcs":[[710,711,712,713]],"type":"Polygon","properties":{"level":"ocean","country_code":"OCEAN","zone_id":"Adriatic Sea","country":"Adriatic Sea","region":null,"department":null,"arrondissement":null}},{"arcs":[[436,714]],"type":"Polygon","properties":{"level":"ocean","country_code":"OCEAN","zone_id":"Great Barrier Reef","country":"Great Barrier Reef","region":null,"department":null,"arrondissement":null}},{"arcs":[[-80,-573,715,-705]],"type":"Polygon","properties":{"level":"ocean","country_code":"OCEAN","zone_id":"Bristol Channel","country":"Bristol Channel","region":null,"department":null,"arrondissement":null}},{"arcs":[[-71,716,-571,717,-77,718,-75,719,-73,720],[721],[722]],"type":"Polygon","properties":{"level":"ocean","country_code":"OCEAN","zone_id":"Inner Seas","country":"Inner Seas","region":null,"department":null,"arrondissement":null}},{"arcs":[[-537,-710,723]],"type":"Polygon","properties":{"level":"ocean","country_code":"OCEAN","zone_id":"Gulf Of Finland","country":"Gulf Of Finland","region":null,"department":null,"arrondissement":null}},{"arcs":[[-415,724,725]],"type":"Polygon","properties":{"level":"ocean","country_code":"OCEAN","zone_id":"Golfe Du Lion","country":"Golfe Du Lion","region":null,"department":null,"arrondissement":null}},{"arcs":[[-101,726,-362,727,-105,728,-103,729]],"type":"Polygon","properties":{"level":"ocean","country_code":"OCEAN","zone_id":"Straits Of Florida","country":"Straits Of Florida","region":null,"department":null,"arrondissement":null}},{"arcs":[[-168,730]],"type":"Polygon","properties":{"level":"ocean","country_code":"OCEAN","zone_id":"Bay Of Plenty","country":"Bay Of Plenty","region":null,"department":null,"arrondissement":null}},{"arcs":[[-19,731,-379,732,733,734,735,736,-29,737,-27,738,-25,739,-23,740,-21,741],[742],[743],[744],[745],[746],[747],[748],[749],[750],[751],[752],[753],[754],[755]],"type":"Polygon","properties":{"level":"ocean","country_code":"OCEAN","zone_id":"The North Western Passages","country":"The North Western Passages","region":null,"department":null,"arrondissement":null}},{"arcs":[[-422,756,-684,757,-713,758,-711,759],[760]],"type":"Polygon","properties":{"level":"ocean","country_code":"OCEAN","zone_id":"Ionian Sea","country":"Ionian Sea","region":null,"department":null,"arrondissement":null}},{"arcs":[[-111,761,-113,762],[763],[764]],"type":"Polygon","properties":{"level":"ocean","country_code":"OCEAN","zone_id":"Gulf Of Saint Lawrence","country":"Gulf Of Saint Lawrence","region":null,"department":null,"arrondissement":null}},{"arcs":[[-136,765,766,767,-508,768,-506,769,-504,770,-465,-272,771,-270],[772]],"type":"Polygon","properties":{"level":"ocean","country_code":"OCEAN","zone_id":"Molucca Sea","country":"Molucca Sea","region":null,"department":null,"arrondissement":null}},{"arcs":[[-199,773,774,775,776,777,-203,778,-201,779]],"type":"Polygon","properties":{"level":"ocean","country_code":"OCEAN","zone_id":"Bismarck Sea","country":"Bismarck Sea","region":null,"department":null,"arrondissement":null}},{"arcs":[[-185,780,-444,781,-442,782,-440,783,-777,784,-775,785,-197,786,-195,787,-193,788,-191,789,-189,790,-187,791],[792],[793],[794],[795],[796],[797],[798],[799]],"type":"Polygon","properties":{"level":"ocean","country_code":"OCEAN","zone_id":"Solomon Sea","country":"Solomon Sea","region":null,"department":null,"arrondissement":null}},{"arcs":[[-323,800,-325,801]],"type":"Polygon","properties":{"level":"ocean","country_code":"OCEAN","zone_id":"Gulf Of Tonkin","country":"Gulf Of Tonkin","region":null,"department":null,"arrondissement":null}},{"arcs":[[802,803]],"type":"Polygon","properties":{"level":"ocean","country_code":"OCEAN","zone_id":"Bay Of Fundy","country":"Bay Of Fundy","region":null,"department":null,"arrondissement":null}},{"arcs":[[-259,804]],"type":"Polygon","properties":{"level":"ocean","country_code":"OCEAN","zone_id":"RíO De La Plata","country":"RíO De La Plata","region":null,"department":null,"arrondissement":null}},{"arcs":[[-312,805,-585,806,-583,807,808,-316,809,-314,810],[811],[812]],"type":"Polygon","properties":{"level":"ocean","country_code":"OCEAN","zone_id":"Strait Of Malacca","country":"Strait Of Malacca","region":null,"department":null,"arrondissement":null}},{"arcs":[[-317,-809,813,-319,814]],"type":"Polygon","properties":{"level":"ocean","country_code":"OCEAN","zone_id":"Strait Of Singapore","country":"Strait Of Singapore","region":null,"department":null,"arrondissement":null}},{"arcs":[[-467,815,-579,816]],"type":"Polygon","properties":{"level":"ocean","country_code":"OCEAN","zone_id":"Makassar Strait","country":"Makassar Strait","region":null,"department":null,"arrondissement":null}},{"arcs":[[-510,817,-767,818,-611,819,-514,820,-512,821],[822]],"type":"Polygon","properties":{"level":"ocean","country_code":"OCEAN","zone_id":"Ceram Sea","country":"Ceram Sea","region":null,"department":null,"arrondissement":null}},{"arcs":[[-285,823,824,825,-287,826],[827]],"type":"Polygon","properties":{"level":"ocean","country_code":"OCEAN","zone_id":"Inner Sea","country":"Inner Sea","region":null,"department":null,"arrondissement":null}},{"arcs":[[-327,828,-596,829]],"type":"Polygon","properties":{"level":"ocean","country_code":"OCEAN","zone_id":"Taiwan Strait","country":"Taiwan Strait","region":null,"department":null,"arrondissement":null}},{"arcs":[[-386,830]],"type":"Polygon","properties":{"level":"ocean","country_code":"OCEAN","zone_id":"Cook Inlet","country":"Cook Inlet","region":null,"department":null,"arrondissement":null}},{"arcs":[[-665,831]],"type":"Polygon","properties":{"level":"ocean","country_code":"OCEAN","zone_id":"Bristol Bay","country":"Bristol Bay","region":null,"department":null,"arrondissement":null}},{"arcs":[[-375,832]],"type":"Polygon","properties":{"level":"ocean","country_code":"OCEAN","zone_id":"Melville Bay","country":"Melville Bay","region":null,"department":null,"arrondissement":null}},{"arcs":[[-109,833,-803,834]],"type":"Polygon","properties":{"level":"ocean","country_code":"OCEAN","zone_id":"Gulf Of Maine","country":"Gulf Of Maine","region":null,"department":null,"arrondissement":null}},{"arcs":[[-107,835]],"type":"Polygon","properties":{"level":"ocean","country_code":"OCEAN","zone_id":"Chesapeake Bay","country":"Chesapeake Bay","region":null,"department":null,"arrondissement":null}},{"arcs":[[-84,836]],"type":"Polygon","properties":{"level":"ocean","country_code":"OCEAN","zone_id":"Strait Of Gibraltar","country":"Strait Of Gibraltar","region":null,"department":null,"arrondissement":null}},{"arcs":[[-257,839]],"type":"Polygon","properties":{"level":"ocean","country_code":"OCEAN","zone_id":"Golfo San Jorge","country":"Golfo San Jorge","region":null,"department":null,"arrondissement":null}},{"arcs":[[-412,840,-725,-414,841],[842]],"type":"Polygon","properties":{"level":"ocean","country_code":"OCEAN","zone_id":"Balearic Sea","country":"Balearic Sea","region":null,"department":null,"arrondissement":null}},{"arcs":[[843],[844],[845],[846]],"type":"Polygon","properties":{"level":"ocean","country_code":"OCEAN","zone_id":"Aegean Sea","country":"Aegean Sea","region":null,"department":null,"arrondissement":null}},{"arcs":[[-628,847]],"type":"Polygon","properties":{"level":"ocean","country_code":"OCEAN","zone_id":"Gulf Of Mannar","country":"Gulf Of Mannar","region":null,"department":null,"arrondissement":null}},{"arcs":[[-395,848]],"type":"Polygon","properties":{"level":"ocean","country_code":"OCEAN","zone_id":"Shelikhova Gulf","country":"Shelikhova Gulf","region":null,"department":null,"arrondissement":null}},{"arcs":[[-593,849]],"type":"Polygon","properties":{"level":"ocean","country_code":"OCEAN","zone_id":"Bo Hai","country":"Bo Hai","region":null,"department":null,"arrondissement":null}},{"arcs":[[-338,850]],"type":"Polygon","properties":{"level":"ocean","country_code":"OCEAN","zone_id":"Gulf Of Kutch","country":"Gulf Of Kutch","region":null,"department":null,"arrondissement":null}},{"arcs":[[-146,851]],"type":"Polygon","properties":{"level":"ocean","country_code":"OCEAN","zone_id":"Golfo De Panamá","country":"Golfo De Panamá","region":null,"department":null,"arrondissement":null}},{"arcs":[[-343,852,-734,853]],"type":"Polygon","properties":{"level":"ocean","country_code":"OCEAN","zone_id":"Amundsen Gulf","country":"Amundsen Gulf","region":null,"department":null,"arrondissement":null}},{"arcs":[[-736,854]],"type":"Polygon","properties":{"level":"ocean","country_code":"OCEAN","zone_id":"Viscount Melville Sound","country":"Viscount Melville Sound","region":null,"department":null,"arrondissement":null}},{"arcs":[[-699,855,-701,856]],"type":"Polygon","properties":{"level":"ocean","country_code":"OCEAN","zone_id":"Ungava Bay","country":"Ungava Bay","region":null,"department":null,"arrondissement":null}},{"arcs":[],"type":"MultiPolygon","properties":{"level":"ocean","country_code":"OCEAN","zone_id":"Great Barrier Reef","country":"Great Barrier Reef","region":null,"department":null,"arrondissement":null}},{"arcs":[[861],[862]],"type":"Polygon","properties":{"level":"ocean","country_code":"OCEAN","zone_id":"Amazon River","country":"Amazon River","region":null,"department":null,"arrondissement":null}},{"arcs":[[-598,863],[864]],"type":"Polygon","properties":{"level":"ocean","country_code":"OCEAN","zone_id":"Yangtze River","country":"Yangtze River","region":null,"department":null,"arrondissement":null}},{"arcs":[[-142,865]],"type":"Polygon","properties":{"level":"ocean","country_code":"OCEAN","zone_id":"Columbia River","country":"Columbia River","region":null,"department":null,"arrondissement":null}},{"arcs":[[-461,866,-825,867,-601,868,-589,869]],"type":"Polygon","properties":{"level":"ocean","country_code":"OCEAN","zone_id":"Korea Strait","country":"Korea Strait","region":null,"department":null,"arrondissement":null}}]}}}